{
"type": "FeatureCollection",
"name": "vialidades",
"crs": { "type": "name", "properties": { "name": "urn:ogc:def:crs:EPSG::32614" } },
"features": [
{ "type": "Feature", "properties": { "CVEGEO": "090040001", "CVE_ENT": "09", "CVE_MUN": "004", "CVE_LOC": "0001", "CVEVIAL": "00994", "CVESEG": "00004", "NOMVIAL": "Tamaulipas", "TIPOVIAL": "Avenida", "SENTIDO": "Dos sentidos", "TIPOSEN": 2, "AMBITO": "Urbana", "MINUTES": 7.2967829745200001, "LENGTH": 2.8743483706772039, "VELOCIDAD": 3.0, "T_VIAL2024": null, "NOMENCLATU": null, "NOTA2024": null, "NombreMate": "Tamaulipas", "ID": 30 }, "geometry": { "type": "MultiPolygon", "coordinates": [ [ [ [ 472664.430365853360854, 2140308.191204825881869 ], [ 472699.035773431358393, 2140316.185935085173696 ], [ 472823.225945980462711, 2140346.539358913898468 ], [ 472866.801986323029269, 2140357.877407158724964 ], [ 472889.261392642860301, 2140365.432437574025244 ], [ 472935.310683963296469, 2140381.138025354593992 ], [ 472970.617324353719596, 2140400.693323418498039 ], [ 473005.729390258900821, 2140429.334106472320855 ], [ 473076.075224495027214, 2140505.079328773077577 ], [ 473079.407535672886297, 2140509.546341329347342 ], [ 473095.015598565805703, 2140530.701318878214806 ], [ 473097.237439661053941, 2140533.109895815141499 ], [ 473157.39986146427691, 2140585.479345833417028 ], [ 473159.619775090541225, 2140587.080612485297024 ], [ 473214.714621800347231, 2140619.623081703670323 ], [ 473216.336002985597588, 2140620.452372829895467 ], [ 473291.478811308217701, 2140653.294245457276702 ], [ 473291.945349190442357, 2140653.488854562398046 ], [ 473327.007129388395697, 2140667.425491611473262 ], [ 473330.50998326780973, 2140668.347233103122562 ], [ 473358.763385475846007, 2140672.221485047135502 ], [ 473360.979034636111464, 2140672.359497412107885 ], [ 473404.785576207446866, 2140671.840086214244366 ], [ 473418.968489211169071, 2140674.494887453503907 ], [ 473429.137623131682631, 2140678.866286917123944 ], [ 473484.40801446774276, 2140720.514370561111718 ], [ 473523.478877354587894, 2140770.542155456729233 ], [ 473525.395386603253428, 2140772.573703106027097 ], [ 473545.247911024431232, 2140790.031316086649895 ], [ 473548.46572848741198, 2140792.193771818652749 ], [ 473627.689544837106951, 2140831.653540344908834 ], [ 473627.833009846624918, 2140831.724045760463923 ], [ 473637.200384721625596, 2140836.265804063994437 ], [ 473689.773195151006803, 2140866.906794625800103 ], [ 473690.069270173611585, 2140867.074883745983243 ], [ 473777.399521254817955, 2140915.352209040429443 ], [ 473792.204394104948733, 2140925.860105334315449 ], [ 473822.246486808755435, 2140953.496115561574697 ], [ 473841.324417203606572, 2140971.049769716802984 ], [ 473885.385301471105777, 2141016.707084110472351 ], [ 473888.978115670674015, 2141019.449446866754442 ], [ 473956.478285715566017, 2141056.387766329571605 ], [ 473959.134029836859554, 2141057.897911075968295 ], [ 473960.295300569501705, 2141058.49295995850116 ], [ 474002.117820798419416, 2141077.674608496949077 ], [ 474111.424137506110128, 2141141.219156676903367 ], [ 474111.52426557050785, 2141141.276850610040128 ], [ 474133.132766645518132, 2141153.617072953376919 ], [ 474133.247058005828876, 2141153.681681024376303 ], [ 474196.65591864218004, 2141189.160976044367999 ], [ 474197.180515086394735, 2141189.440997804515064 ], [ 474344.458014461677521, 2141264.342988717369735 ], [ 474361.426280888030306, 2141272.972679524682462 ], [ 474361.52885498967953, 2141273.024353158194572 ], [ 474383.138070820772555, 2141283.806874801870435 ], [ 474383.24871241080109, 2141283.861515262629837 ], [ 474405.058562461170368, 2141294.520967736374587 ], [ 474447.710782806097995, 2141317.295581171754748 ], [ 474448.05811749905115, 2141317.47526550013572 ], [ 474493.578056288941298, 2141340.276599038857967 ], [ 474497.552313392341603, 2141341.612006161827594 ], [ 474524.516652217658702, 2141346.628771116025746 ], [ 474525.98419446265325, 2141346.827450419776142 ], [ 474552.504517108551227, 2141349.091925584245473 ], [ 474552.547193858714309, 2141349.095508238300681 ], [ 474597.90904548112303, 2141352.838367342483252 ], [ 474598.446328787424136, 2141352.873003941960633 ], [ 474732.776450350473169, 2141359.11437102407217 ], [ 474796.089928451227024, 2141369.788978373166174 ], [ 474830.089323733060155, 2141382.735523201525211 ], [ 474920.827204139903188, 2141434.80658320710063 ], [ 474921.074132913840003, 2141434.945204500108957 ], [ 474951.895121736801229, 2141451.866930395830423 ], [ 475006.750444502918981, 2141481.980161311104894 ], [ 475007.186575610423461, 2141482.210331274662167 ], [ 475035.900585151743144, 2141496.765910010319203 ], [ 475036.40229208720848, 2141497.00862473808229 ], [ 475091.847831523744389, 2141522.571928637102246 ], [ 475096.364618112740573, 2141523.845979882404208 ], [ 475101.054040917544626, 2141523.661910805851221 ], [ 475105.457066560862586, 2141522.037739370483905 ], [ 475109.142696215130854, 2141519.132450792938471 ], [ 475111.750154770386871, 2141515.230434961616993 ], [ 475113.024206016038079, 2141510.713648372329772 ], [ 475112.840136939426884, 2141506.024225567933172 ], [ 475111.215965504117776, 2141501.621199924498796 ], [ 475108.310676926514134, 2141497.935570270288736 ], [ 475104.408661094959825, 2141495.328111714683473 ], [ 475049.216230058169458, 2141469.881504073273391 ], [ 475020.970776636269875, 2141455.563443733379245 ], [ 474966.33276635868242, 2141425.569508127868176 ], [ 474935.636277341807727, 2141408.716136677190661 ], [ 474843.996877855213825, 2141356.127728747203946 ], [ 474841.868847701174673, 2141355.119629182852805 ], [ 474805.381856676947791, 2141341.225838983431458 ], [ 474802.537738925020676, 2141340.452676594257355 ], [ 474736.871050718356855, 2141329.381319696083665 ], [ 474735.073449415795039, 2141329.188731703907251 ], [ 474600.107666188036092, 2141322.917829937301576 ], [ 474555.035486284410581, 2141319.198871983215213 ], [ 474529.275180402910337, 2141316.999291922431439 ], [ 474505.121070431603584, 2141312.505375227890909 ], [ 474461.668859760684427, 2141290.739784701261669 ], [ 474418.951977823919151, 2141267.93064451077953 ], [ 474418.473276821780019, 2141267.68595854472369 ], [ 474396.477316645090468, 2141256.935545700136572 ], [ 474374.974695237295236, 2141246.206212320830673 ], [ 474358.05760695587378, 2141237.602549603674561 ], [ 474211.045171653444413, 2141162.835364257916808 ], [ 474147.953120482387021, 2141127.533334313426167 ], [ 474126.451798839727417, 2141115.254320196807384 ], [ 474016.568794710852671, 2141051.374518366996199 ], [ 474015.283308597048745, 2141050.708049226552248 ], [ 473973.395531054004095, 2141031.496470811311156 ], [ 473971.201065433386248, 2141030.248624416533858 ], [ 473970.987284633505624, 2141030.12935942877084 ], [ 473905.385113530384842, 2140994.229687590152025 ], [ 473862.602324526233133, 2140949.896776876412332 ], [ 473861.965160948573612, 2140949.27459707017988 ], [ 473842.55883212457411, 2140931.418782652821392 ], [ 473811.816048022767063, 2140903.138199552893639 ], [ 473810.342611650296021, 2140901.945527436677366 ], [ 473794.076042416854762, 2140890.400178530719131 ], [ 473792.651290360896382, 2140889.504699997138232 ], [ 473704.732499904115684, 2140840.902022301219404 ], [ 473651.812481791188475, 2140810.058668821118772 ], [ 473650.803391109744553, 2140809.520981469657272 ], [ 473640.99313724815147, 2140804.764493923168629 ], [ 473563.590683921414893, 2140766.211909203324467 ], [ 473546.259390250605065, 2140750.97137802792713 ], [ 473506.835352739552036, 2140700.491375217679888 ], [ 473504.040524750831537, 2140697.744425798766315 ], [ 473445.748651994566899, 2140653.819555110763758 ], [ 473442.645482018706389, 2140652.018516016658396 ], [ 473429.287665441923309, 2140646.276399463415146 ], [ 473426.123582011612598, 2140645.313161843921989 ], [ 473408.848970048537012, 2140642.079646892379969 ], [ 473405.91131472075358, 2140641.824629680253565 ], [ 473361.736296615039464, 2140642.348409879487008 ], [ 473336.393079581670463, 2140638.873217506799847 ], [ 473303.261581067403313, 2140625.703844272531569 ], [ 473229.186310070683248, 2140593.328548895195127 ], [ 473176.060247956716921, 2140561.948967241682112 ], [ 473118.177683393645566, 2140511.564059504307806 ], [ 473103.524696770764422, 2140491.703580650500953 ], [ 473103.477509641612414, 2140491.639975947327912 ], [ 473099.638828944065608, 2140486.494167539756745 ], [ 473098.606788259989116, 2140485.25559786753729 ], [ 473027.005638716276735, 2140408.158708647824824 ], [ 473025.495781989768147, 2140406.742825424298644 ], [ 472988.540080161241349, 2140376.598195326514542 ], [ 472986.326568829477765, 2140375.099964680615813 ], [ 472948.681047272053547, 2140354.249229898676276 ], [ 472946.255340610456187, 2140353.173969372641295 ], [ 472898.915692551061511, 2140337.028292060829699 ], [ 472898.856118948024232, 2140337.008113198447973 ], [ 472875.869459924113471, 2140329.275722342077643 ], [ 472874.864091424911749, 2140328.976232214365155 ], [ 472830.672451048565563, 2140317.478011020459235 ], [ 472830.456694587075617, 2140317.423578764777631 ], [ 472706.06613799900515, 2140287.021178905852139 ], [ 472705.881251732294913, 2140286.977229948155582 ], [ 472670.696271088439971, 2140278.848603553604335 ], [ 472669.715880420641042, 2140278.656256821472198 ], [ 472578.691655472619459, 2140263.927178651560098 ], [ 472573.998647772707045, 2140263.91148165659979 ], [ 472569.530481580412015, 2140265.346772061195225 ], [ 472565.724532134190667, 2140268.092553640250117 ], [ 472562.953352283453569, 2140271.880050161853433 ], [ 472561.48820441996213, 2140276.338515077717602 ], [ 472561.472507424827199, 2140281.031522777397186 ], [ 472562.907797829306219, 2140285.499688969925046 ], [ 472565.653579408419318, 2140289.305638416204602 ], [ 472569.44107593013905, 2140292.076818266883492 ], [ 472573.899540845886804, 2140293.541966130491346 ], [ 472664.430365853360854, 2140308.191204825881869 ] ] ] ] } },
{ "type": "Feature", "properties": { "CVEGEO": "090100001", "CVE_ENT": "09", "CVE_MUN": "010", "CVE_LOC": "0001", "CVEVIAL": "00140", "CVESEG": "00004", "NOMVIAL": "Central", "TIPOVIAL": "Avenida", "SENTIDO": "Dos sentidos", "TIPOSEN": 2, "AMBITO": "Urbana", "MINUTES": 1.15251271458, "LENGTH": 0.13783211783945276, "VELOCIDAD": 3.0, "T_VIAL2024": "Vías primarias - Ejes viales", "NOMENCLATU": "Alta Tensión", "NOTA2024": null, "NombreMate": "Alta Tensión", "ID": 3 }, "geometry": { "type": "MultiPolygon", "coordinates": [ [ [ [ 479050.063730522117112, 2143237.689056293573231 ], [ 479050.133822717121802, 2143237.940766426268965 ], [ 479054.094467961345799, 2143251.699119822122157 ], [ 479055.60475491656689, 2143256.945484378840774 ], [ 479066.057649485301226, 2143293.448900649324059 ], [ 479068.039472323958762, 2143297.702951178420335 ], [ 479071.238871757232118, 2143301.136376717593521 ], [ 479075.342668277036864, 2143303.413089653477073 ], [ 479079.949153687164653, 2143304.310229460243136 ], [ 479084.60741310036974, 2143303.739977844059467 ], [ 479088.861463629407808, 2143301.758155005052686 ], [ 479092.294889168639202, 2143298.558755571953952 ], [ 479094.571602104289923, 2143294.454959052149206 ], [ 479095.468741911405232, 2143289.848473642021418 ], [ 479094.898490294930525, 2143285.19021422881633 ], [ 479084.442698002443649, 2143248.676678577903658 ], [ 479084.43688834522618, 2143248.656443858519197 ], [ 479082.923693322867621, 2143243.399977393448353 ], [ 479078.999194228381384, 2143229.767187250778079 ], [ 479058.227951051376294, 2143152.579755598679185 ], [ 479056.314515798934735, 2143148.294509607832879 ], [ 479053.170516897400375, 2143144.81028249533847 ], [ 479049.103710864728782, 2143142.468134685885161 ], [ 479044.512185010476969, 2143141.497331927064806 ], [ 479039.84538987634005, 2143141.992903156206012 ], [ 479035.560143885493744, 2143143.906338408589363 ], [ 479032.075916772591881, 2143147.0503373099491 ], [ 479029.733768963487819, 2143151.117143342737108 ], [ 479028.762966204434633, 2143155.708669196814299 ], [ 479029.258537433517631, 2143160.375464331358671 ], [ 479050.063730522117112, 2143237.689056293573231 ] ] ] ] } },
{ "type": "Feature", "properties": { "CVEGEO": "090100001", "CVE_ENT": "09", "CVE_MUN": "010", "CVE_LOC": "0001", "CVEVIAL": "00735", "CVESEG": "00004", "NOMVIAL": "Altavista", "TIPOVIAL": "Avenida", "SENTIDO": "Dos sentidos", "TIPOSEN": 2, "AMBITO": "Urbana", "MINUTES": 1.6974631944, "LENGTH": 0.91734938220837259, "VELOCIDAD": 3.0, "T_VIAL2024": "Vías primarias  - Avenidas primarias", "NOMENCLATU": "Av Altavista", "NOTA2024": null, "NombreMate": "Av Altavista", "ID": 5 }, "geometry": { "type": "MultiPolygon", "coordinates": [ [ [ [ 479993.591711489018053, 2139212.103253853041679 ], [ 479914.065943563822657, 2139310.326779261697084 ], [ 479903.021666977670975, 2139322.845873324666172 ], [ 479894.672969003848266, 2139329.504016077611595 ], [ 479883.282865155139007, 2139334.489882519003004 ], [ 479850.774747639195994, 2139343.684565080795437 ], [ 479847.948121664405335, 2139344.80426087602973 ], [ 479837.280786352464929, 2139350.339895238168538 ], [ 479757.497505204344634, 2139368.35112269083038 ], [ 479674.383894084661733, 2139386.135165215004236 ], [ 479674.18056111689657, 2139386.180151239968836 ], [ 479575.966544635070022, 2139408.625586581416428 ], [ 479412.487848291231785, 2139446.022190276999027 ], [ 479411.894487767945975, 2139446.170717972330749 ], [ 479238.73639543808531, 2139493.286732325796038 ], [ 479234.456509251322132, 2139495.212126284372061 ], [ 479230.981075058458373, 2139498.36584232095629 ], [ 479228.650292573089246, 2139502.439172736369073 ], [ 479227.692315024381969, 2139507.033391568809748 ], [ 479228.200915929395705, 2139511.698784669861197 ], [ 479230.126309887913521, 2139515.978670856449753 ], [ 479233.280025924323127, 2139519.454105049371719 ], [ 479237.35335633973591, 2139521.784887535031885 ], [ 479241.947575172525831, 2139522.742865083739161 ], [ 479246.612968273460865, 2139522.234264178667217 ], [ 479419.47589481662726, 2139475.19856391986832 ], [ 479582.651827130583115, 2139437.871218740474433 ], [ 479680.762809228675906, 2139415.449330461677164 ], [ 479763.857003068667836, 2139397.669442704878747 ], [ 479764.021610436262563, 2139397.633252948988229 ], [ 479845.775086367561016, 2139379.177250277251005 ], [ 479849.38104097120231, 2139377.859524897299707 ], [ 479860.410055955697317, 2139372.13620294816792 ], [ 479892.437847295834217, 2139363.07737712142989 ], [ 479894.370377394836396, 2139362.384785601403564 ], [ 479908.503737630730029, 2139356.198095169384032 ], [ 479911.84131124522537, 2139354.184211459010839 ], [ 479922.753754869161639, 2139345.481464316602796 ], [ 479924.649620564479847, 2139343.67750542005524 ], [ 479936.772748685849365, 2139329.935493428260088 ], [ 479937.182303394307382, 2139329.450967566110194 ], [ 480018.080776697257534, 2139229.531992178410292 ], [ 480020.036546643415932, 2139226.391218300443143 ], [ 480051.745560491690412, 2139157.849166488740593 ], [ 480053.025451004155912, 2139153.334031059406698 ], [ 480052.847445636696648, 2139148.644374168477952 ], [ 480051.228968794865068, 2139144.239252106752247 ], [ 480048.328448268584907, 2139140.549868913833052 ], [ 480044.429807216045447, 2139137.937367122154683 ], [ 480039.914671786944382, 2139136.657476609572768 ], [ 480035.225014895841014, 2139136.83548197709024 ], [ 480030.819892833998892, 2139138.45395881915465 ], [ 480027.130509641137905, 2139141.354479345027357 ], [ 480024.518007849575952, 2139145.253120397683233 ], [ 479993.591711489018053, 2139212.103253853041679 ] ] ] ] } },
{ "type": "Feature", "properties": { "CVEGEO": "090100001", "CVE_ENT": "09", "CVE_MUN": "010", "CVE_LOC": "0001", "CVEVIAL": "01235", "CVESEG": "00008", "NOMVIAL": "Javier Barros Sierra", "TIPOVIAL": "Avenida", "SENTIDO": "Dos sentidos", "TIPOSEN": 2, "AMBITO": "Urbana", "MINUTES": 5.1390632281600004, "LENGTH": 2.5262065445670352, "VELOCIDAD": 3.0, "T_VIAL2024": null, "NOMENCLATU": null, "NOTA2024": null, "NombreMate": "Javier Barros Sierra", "ID": 32 }, "geometry": { "type": "MultiPolygon", "coordinates": [ [ [ [ 472600.978717896854505, 2141097.338082553353161 ], [ 472600.99588583863806, 2141097.3676971886307 ], [ 472621.265532597841229, 2141132.240993227809668 ], [ 472621.69273884803988, 2141132.93219149671495 ], [ 472675.836067812168039, 2141215.448894063010812 ], [ 472676.687495500547811, 2141216.619234139565378 ], [ 472776.466786173928995, 2141340.71415807120502 ], [ 472776.799324381281622, 2141341.113373561296612 ], [ 472825.85993092181161, 2141397.978811998385936 ], [ 472828.068359076685738, 2141400.067154746968299 ], [ 472909.640720478026196, 2141462.850506329908967 ], [ 472913.176852276199497, 2141464.873952412977815 ], [ 472980.232120336149819, 2141491.930544870905578 ], [ 473034.775171588291414, 2141517.429933006875217 ], [ 473052.186722770216875, 2141528.275509458966553 ], [ 473112.902337155945133, 2141580.438777919858694 ], [ 473142.430296432401519, 2141623.04973005130887 ], [ 473143.904711919429246, 2141624.858686927240342 ], [ 473183.632255199481733, 2141666.51289494568482 ], [ 473184.614883419824764, 2141667.453787631355226 ], [ 473233.338437570666429, 2141710.044766215141863 ], [ 473241.515621914935764, 2141720.929689791984856 ], [ 473257.182339339982718, 2141743.608698578551412 ], [ 473281.24996829056181, 2141783.246560119092464 ], [ 473282.131207900121808, 2141784.540498730260879 ], [ 473326.653767018811777, 2141843.094477886334062 ], [ 473346.695867820235435, 2141876.767636907752603 ], [ 473356.197806861426216, 2141917.606235868763179 ], [ 473365.619901361002121, 2141995.517453697975725 ], [ 473365.792714708892163, 2141996.607973726000637 ], [ 473375.102483195369132, 2142043.999322560615838 ], [ 473376.305362841114402, 2142047.613524733576924 ], [ 473397.078557629720308, 2142090.771145156119019 ], [ 473399.619511821831111, 2142094.490633448120207 ], [ 473428.994112557498738, 2142126.019137486349791 ], [ 473433.230024650634732, 2142129.195036833640188 ], [ 473496.901756754436065, 2142161.213564274832606 ], [ 473499.662369635363575, 2142162.275380375329405 ], [ 473545.909322630031966, 2142174.996669990941882 ], [ 473679.882468455121852, 2142294.036115949042141 ], [ 473679.91238132189028, 2142294.062623262405396 ], [ 473740.233409304055385, 2142347.3728560898453 ], [ 473753.817228861094918, 2142359.951791466213763 ], [ 473762.619298485340551, 2142368.12019517691806 ], [ 473769.965534346993081, 2142375.15932270558551 ], [ 473810.203778151073493, 2142413.704428716562688 ], [ 473852.668065282632597, 2142454.39185643568635 ], [ 473852.86472036561463, 2142454.57691640779376 ], [ 473938.424349427339621, 2142533.651798265054822 ], [ 473938.575499917147681, 2142533.831385510507971 ], [ 473947.146584790141787, 2142543.46012115618214 ], [ 473953.174335431773216, 2142553.913384297396988 ], [ 473958.173957709455863, 2142565.5487040434964 ], [ 473961.269522477232385, 2142579.946772981435061 ], [ 473962.181702251546085, 2142586.943174499087036 ], [ 473962.183666911791079, 2142586.958184323273599 ], [ 473962.702103814750444, 2142590.90352350845933 ], [ 473961.858998090727255, 2142599.747388898395002 ], [ 473958.971816822886467, 2142612.400767319835722 ], [ 473940.830377692764159, 2142645.764454001095146 ], [ 473929.737578705418855, 2142664.73332189489156 ], [ 473923.992855149670504, 2142674.542868142481893 ], [ 473923.976909861841705, 2142674.570161825511605 ], [ 473918.026968813908752, 2142684.779408305417746 ], [ 473915.416180494590662, 2142688.514202845748514 ], [ 473911.989622605091427, 2142693.41580712934956 ], [ 473911.959405955218244, 2142693.459193916991353 ], [ 473886.471334195462987, 2142730.19430070463568 ], [ 473884.432155482238159, 2142734.421157437842339 ], [ 473883.798951842472889, 2142739.071277954149991 ], [ 473884.633705660235137, 2142743.6894760588184 ], [ 473886.854705415724311, 2142747.823690343648195 ], [ 473890.244544178305659, 2142751.069235110189766 ], [ 473894.471400911454111, 2142753.108413823414594 ], [ 473899.121521427936386, 2142753.741617463063449 ], [ 473903.739719532313757, 2142752.906863645184785 ], [ 473907.873933817143552, 2142750.685863889753819 ], [ 473911.119478583568707, 2142747.29602512717247 ], [ 473936.592480271996465, 2142710.582638330291957 ], [ 473940.003961262234952, 2142705.702601169236004 ], [ 473942.969269188586622, 2142701.460657935589552 ], [ 473943.634970420273021, 2142700.419507120270282 ], [ 473949.888341712066904, 2142689.689617809839547 ], [ 473955.627438895229716, 2142679.889679015614092 ], [ 473966.845183239900507, 2142660.707158278208226 ], [ 473967.074590805335902, 2142660.300471229013056 ], [ 473986.314314128074329, 2142624.916944256983697 ], [ 473987.760575051710475, 2142621.088358681183308 ], [ 473991.323282271216158, 2142605.474416059907526 ], [ 473991.631444843660574, 2142603.56108745932579 ], [ 473992.728034179774113, 2142592.05827328003943 ], [ 473992.667883878923021, 2142588.680470096878707 ], [ 473991.928951032052282, 2142583.057142167817801 ], [ 473990.938071382523049, 2142575.457114104647189 ], [ 473990.728848625672981, 2142574.243446420878172 ], [ 473987.196839576819912, 2142557.815390931908041 ], [ 473986.3135184936109, 2142555.046469878870994 ], [ 473980.389982166059781, 2142541.260980621445924 ], [ 473979.602798275707755, 2142539.689773727674037 ], [ 473972.367321558529511, 2142527.142084453254938 ], [ 473970.57701848068973, 2142524.661752555053681 ], [ 473961.260207580693532, 2142514.195270126219839 ], [ 473961.108594266639557, 2142514.004649121779948 ], [ 473959.549993793712929, 2142512.326019824482501 ], [ 473873.325733424862847, 2142432.636880487669259 ], [ 473830.958278288831934, 2142392.042232963256538 ], [ 473790.720364021020941, 2142353.497442677617073 ], [ 473783.288379561330657, 2142346.376151258591563 ], [ 473783.114027267612983, 2142346.211739033926278 ], [ 473774.218252721999306, 2142337.95637627132237 ], [ 473774.206503075081855, 2142337.945484160911292 ], [ 473760.488969313679263, 2142325.242726296652108 ], [ 473760.230580881296191, 2142325.008968126028776 ], [ 473699.793975257081911, 2142271.596590636763722 ], [ 473563.222061559092253, 2142150.248055899050087 ], [ 473557.237168040010147, 2142146.998370987828821 ], [ 473509.051934374670964, 2142133.743912629783154 ], [ 473449.110567774157971, 2142103.601269608363509 ], [ 473423.122143609798513, 2142075.707234772387892 ], [ 473404.169740343408193, 2142036.332423406653106 ], [ 473395.336578967864625, 2141991.36724165501073 ], [ 473385.883237870235462, 2141913.197645977139473 ], [ 473385.60149448865559, 2141911.599270501174033 ], [ 473375.387239790346939, 2141867.699193948414177 ], [ 473373.667118355282582, 2141863.426605170127004 ], [ 473351.998254921403714, 2141827.02028771629557 ], [ 473351.048935399216134, 2141825.61310447473079 ], [ 473306.486269370245282, 2141767.006378593388945 ], [ 473282.59635481791338, 2141727.661201418377459 ], [ 473282.116368038579822, 2141726.920707050245255 ], [ 473266.029218991403468, 2141703.633084972854704 ], [ 473265.680510171398055, 2141703.149162368383259 ], [ 473256.383038312313147, 2141690.77298661088571 ], [ 473254.262214285612572, 2141688.489008737262338 ], [ 473204.871627603657544, 2141645.314953472465277 ], [ 473166.421823865210172, 2141605.000451467931271 ], [ 473136.46511505136732, 2141561.770783161744475 ], [ 473133.911003418383189, 2141558.936813537497073 ], [ 473070.866331949539017, 2141504.772556844633073 ], [ 473069.022069638886023, 2141503.418162929359823 ], [ 473049.873244753165636, 2141491.490446547511965 ], [ 473048.295221694279462, 2141490.6340934750624 ], [ 472992.571861677104607, 2141464.582899918779731 ], [ 472991.831946370599326, 2141464.26094175176695 ], [ 472926.309136318683159, 2141437.822691341862082 ], [ 472847.576711442146916, 2141377.225138113368303 ], [ 472799.683707797143143, 2141321.713051280472428 ], [ 472700.521205643017311, 2141198.385223645716906 ], [ 472646.99829468812095, 2141116.814064128324389 ], [ 472626.941487789037637, 2141082.306952440179884 ], [ 472498.018615501001477, 2140859.329491191077977 ], [ 472495.062903687998187, 2140855.684174285270274 ], [ 472491.125389834109228, 2140853.130637068301439 ], [ 472486.591505229589529, 2140851.918837555218488 ], [ 472481.905058089003433, 2140852.16739512514323 ], [ 472477.524790510826278, 2140853.851979230996221 ], [ 472473.879473604785744, 2140856.807691044174135 ], [ 472471.325936387991533, 2140860.745204898063093 ], [ 472470.114136874792166, 2140865.279089502524585 ], [ 472470.362694444600493, 2140869.965536643285304 ], [ 472472.04727855080273, 2140874.345804221462458 ], [ 472600.978717896854505, 2141097.338082553353161 ] ] ] ] } },
{ "type": "Feature", "properties": { "CVEGEO": "090100001", "CVE_ENT": "09", "CVE_MUN": "010", "CVE_LOC": "0001", "CVEVIAL": "00369", "CVESEG": "00006", "NOMVIAL": "Revolución", "TIPOVIAL": "Avenida", "SENTIDO": "Dos sentidos", "TIPOSEN": 2, "AMBITO": "Urbana", "MINUTES": 2.0893586287799999, "LENGTH": 2.8291941105993401, "VELOCIDAD": 3.0, "T_VIAL2024": "Vías primarias - Ejes viales", "NOMENCLATU": "Revolución", "NOTA2024": null, "NombreMate": "Av. Revolución", "ID": 22 }, "geometry": { "type": "MultiPolygon", "coordinates": [ [ [ [ 480032.251597446564119, 2139089.2328139715828 ], [ 480028.318703379190993, 2139118.481664949562401 ], [ 480023.326749579282477, 2139149.140552074182779 ], [ 480023.181416129984427, 2139150.331924246624112 ], [ 480021.199596988153644, 2139174.633481864817441 ], [ 479986.547281030099839, 2139338.649736202321947 ], [ 479986.475754398619756, 2139339.01004558801651 ], [ 479985.448342253977899, 2139344.539201432839036 ], [ 479967.511450142948888, 2139427.286213121842593 ], [ 479967.233319368155207, 2139429.097917585168034 ], [ 479962.843505426310003, 2139477.101572316605598 ], [ 479962.782202005735599, 2139478.292166551575065 ], [ 479962.610340017010458, 2139492.987059099599719 ], [ 479962.675200993486214, 2139494.566849489230663 ], [ 479966.230096738494467, 2139532.369663518853486 ], [ 479966.258724239829462, 2139532.646509483456612 ], [ 479978.809343748900574, 2139643.918859670870006 ], [ 479983.940310328791384, 2139700.222425057087094 ], [ 479983.969384321884718, 2139700.510641391854733 ], [ 479992.516345473530237, 2139777.760983817279339 ], [ 479995.649969307298306, 2139806.127426871564239 ], [ 480008.156117751728743, 2139919.352197944186628 ], [ 480015.239340295374859, 2139983.48091899137944 ], [ 480015.252883828303311, 2139983.59923110762611 ], [ 480018.497007498750463, 2140010.976660575252026 ], [ 480021.540533560095355, 2140040.523916568141431 ], [ 480021.546677152160555, 2140040.58243372477591 ], [ 480039.682800370443147, 2140210.124545983970165 ], [ 480039.698790495924186, 2140210.267538694199175 ], [ 480042.143748750502709, 2140231.221295198891312 ], [ 480042.165908850845881, 2140231.401708758901805 ], [ 480061.04312310507521, 2140377.754233893472701 ], [ 480062.171525828074664, 2140398.44535988708958 ], [ 480062.244777927175164, 2140399.318549137562513 ], [ 480079.338836921495385, 2140550.074084463529289 ], [ 480079.369878489989787, 2140550.328422211110592 ], [ 480086.966713523841463, 2140608.441065019462258 ], [ 480094.475979991140775, 2140712.458896959200501 ], [ 480094.56214687298052, 2140713.312068202532828 ], [ 480097.023648025235161, 2140732.251537347678095 ], [ 480113.096930854255334, 2140862.657006549648941 ], [ 480119.491376639402006, 2140960.158027890603989 ], [ 480122.278694128268398, 2141006.729082759935409 ], [ 480122.320535989070777, 2141007.26622889470309 ], [ 480130.235380690195598, 2141089.7186039397493 ], [ 480131.409089373715688, 2141094.262498260010034 ], [ 480133.929493231000379, 2141098.221302632708102 ], [ 480137.549877571815159, 2141101.207501703873277 ], [ 480141.915853952174075, 2141102.928785501979291 ], [ 480146.600050184468273, 2141103.216662775725126 ], [ 480151.143944504670799, 2141102.042954092379659 ], [ 480155.102748877659906, 2141099.522550235036761 ], [ 480158.088947948708665, 2141095.902165894396603 ], [ 480159.810231746698264, 2141091.536189513746649 ], [ 480160.098109020618722, 2141086.851993281394243 ], [ 480152.209009361395147, 2141004.667815520428121 ], [ 480149.43523013102822, 2140958.322960565332323 ], [ 480149.429868956271093, 2140958.237478017807007 ], [ 480143.004563454247545, 2140860.265914895106107 ], [ 480142.92405994591536, 2140859.412599488161504 ], [ 480126.79227106878534, 2140728.532460068818182 ], [ 480126.779827216232661, 2140728.434175212401897 ], [ 480124.367223680834286, 2140709.870937825646251 ], [ 480116.85755368944956, 2140605.847516297828406 ], [ 480116.769939304620493, 2140604.983240004163235 ], [ 480109.133385417051613, 2140546.566764409653842 ], [ 480092.103144826716743, 2140396.374054896645248 ], [ 480090.968458243529312, 2140375.567703957203776 ], [ 480090.867472655838355, 2140374.465652104932815 ], [ 480071.931051607010886, 2140227.654104586225003 ], [ 480069.504964803578332, 2140206.862080001272261 ], [ 480051.379622919484973, 2140037.420755002181977 ], [ 480048.327351139043458, 2140007.788593542762101 ], [ 480048.302085189032368, 2140007.560446738265455 ], [ 480045.051462286966853, 2139980.128169714473188 ], [ 480037.974776331393514, 2139916.058628373779356 ], [ 480025.468613090575673, 2139802.833723342046142 ], [ 480022.334813072695397, 2139774.46568540437147 ], [ 480013.803364215884358, 2139697.355546443723142 ], [ 480008.670950690284371, 2139641.036103308200836 ], [ 480008.638336800271645, 2139640.716200321447104 ], [ 479996.085293786542024, 2139529.422363620251417 ], [ 479992.617546630091965, 2139492.546288972720504 ], [ 479992.773174027854111, 2139479.239519366063178 ], [ 479997.025044656533282, 2139432.744307421613485 ], [ 480014.814684054581448, 2139350.676606389693916 ], [ 480014.902702559309546, 2139350.239239095710218 ], [ 480015.937314293289091, 2139344.671337698120624 ], [ 480050.748569803196006, 2139179.902791075408459 ], [ 480051.022905920748599, 2139178.021351149771363 ], [ 480053.033336073916871, 2139153.368958218023181 ], [ 480057.962215037550777, 2139123.097455344628543 ], [ 480058.023389340844005, 2139122.685821979306638 ], [ 480062.027938621526118, 2139092.904072677716613 ], [ 480062.030269849230535, 2139092.88665817072615 ], [ 480062.306427662784699, 2139090.814504045527428 ], [ 480062.181119089946151, 2139086.069425950292498 ], [ 480043.424993284395896, 2138986.007025476545095 ], [ 480043.283797293668613, 2138985.338278393726796 ], [ 480029.509592256508768, 2138926.738358451984823 ], [ 480020.091201120696496, 2138885.532325869426131 ], [ 480022.053219084395096, 2138877.030871316324919 ], [ 480022.436179167241789, 2138873.465953904669732 ], [ 480021.962189668091014, 2138869.911994347814471 ], [ 480002.845469380961731, 2138795.783643544185907 ], [ 480002.805219963949639, 2138795.630900068674237 ], [ 479987.425318563589826, 2138738.488123270682991 ], [ 479987.166736828221474, 2138737.630330387502909 ], [ 479982.492119840870146, 2138723.648647372145206 ], [ 479977.177210690046195, 2138707.731977637857199 ], [ 479975.982316197187174, 2138703.687462207395583 ], [ 479938.16795760957757, 2138576.037829135078937 ], [ 479937.860508334706537, 2138575.111721963621676 ], [ 479886.962155395711306, 2138436.990782430861145 ], [ 479884.915222112613264, 2138431.433012403082103 ], [ 479881.474535075598396, 2138426.038986968807876 ], [ 479877.183394966414198, 2138421.724770071450621 ], [ 479842.310042267607059, 2138320.802652200683951 ], [ 479837.074641820625402, 2138305.639737913385034 ], [ 479834.867881910060532, 2138301.497905183117837 ], [ 479831.489231815736275, 2138298.240714490413666 ], [ 479827.26941734936554, 2138296.187002354767174 ], [ 479822.621503352071159, 2138295.537800428923219 ], [ 479818.00046002981253, 2138296.356657120399177 ], [ 479813.858627299661748, 2138298.563417030964047 ], [ 479810.601436607190408, 2138301.94206712488085 ], [ 479808.5477244714275, 2138306.161881591659039 ], [ 479807.898522545350716, 2138310.80979558872059 ], [ 479808.717379236710258, 2138315.430838910862803 ], [ 479813.953371319395956, 2138330.595466710161418 ], [ 479849.949790892656893, 2138434.767697503324598 ], [ 479853.492231669020839, 2138440.446840695571154 ], [ 479857.895454754645471, 2138444.873743326868862 ], [ 479858.811234337103087, 2138447.360239763744175 ], [ 479909.542193511850201, 2138585.02692985907197 ], [ 479947.213200920727104, 2138712.192639255896211 ], [ 479948.480946341471281, 2138716.483742735814303 ], [ 479948.638545957161114, 2138716.984739126171917 ], [ 479954.037533676077146, 2138733.153200708795339 ], [ 479958.572725308884401, 2138746.717868703883141 ], [ 479973.815623295260593, 2138803.351620424073189 ], [ 479991.997556369344238, 2138873.855174012947828 ], [ 479990.084844051976688, 2138882.142986428458244 ], [ 479990.077770139323547, 2138888.858441788237542 ], [ 480000.274104541225825, 2138933.468023353721946 ], [ 480000.29495664825663, 2138933.557977057062089 ], [ 480014.001508167362772, 2138991.870077067520469 ], [ 480032.251597446564119, 2139089.2328139715828 ] ] ] ] } },
{ "type": "Feature", "properties": { "CVEGEO": "090100001", "CVE_ENT": "09", "CVE_MUN": "010", "CVE_LOC": "0001", "CVEVIAL": "00978", "CVESEG": "00031", "NOMVIAL": "Camino a Santa Fe", "TIPOVIAL": "Avenida", "SENTIDO": "Dos sentidos", "TIPOSEN": 2, "AMBITO": "Urbana", "MINUTES": 1.6978805718400001, "LENGTH": 1.6932653272513631, "VELOCIDAD": 3.0, "T_VIAL2024": "Vías primarias  - Avenidas primarias", "NOMENCLATU": "Camino a Santa Fe", "NOTA2024": null, "NombreMate": "Camino a Santa Fe", "ID": 12 }, "geometry": { "type": "MultiPolygon", "coordinates": [ [ [ [ 478266.421031849866267, 2144051.598867697641253 ], [ 478220.904413953656331, 2144053.301394802052528 ], [ 478148.567005138902459, 2144041.27704990375787 ], [ 478091.062040602555498, 2144023.777116004843265 ], [ 478029.942468357388861, 2143996.013680235948414 ], [ 478001.794453822774813, 2143983.22756369644776 ], [ 477971.175427503127139, 2143969.318867609836161 ], [ 477934.360747430182528, 2143945.660073500592262 ], [ 477933.613344387267716, 2143945.209921230562031 ], [ 477923.915955247997772, 2143939.747173925396055 ], [ 477923.887291308143176, 2143939.731068270746619 ], [ 477886.166371983708814, 2143918.590849663130939 ], [ 477884.44026279496029, 2143917.76347915828228 ], [ 477865.544478170981165, 2143910.147725616116077 ], [ 477838.630150829965714, 2143899.293334204703569 ], [ 477808.84312296716962, 2143886.283704981207848 ], [ 477794.699300957261585, 2143880.102833822369576 ], [ 477794.539804739120882, 2143880.034230347257107 ], [ 477765.93264954193728, 2143867.92525838362053 ], [ 477751.124214433017187, 2143861.656476949341595 ], [ 477720.650898228457663, 2143848.507965404074639 ], [ 477683.116280956252012, 2143832.319402901921421 ], [ 477683.057908347225748, 2143832.294373413547873 ], [ 477675.264587856654543, 2143828.972204174380749 ], [ 477637.434401531587355, 2143812.859631593804806 ], [ 477622.439951327454764, 2143806.471641359850764 ], [ 477622.203316442319192, 2143806.373209216166288 ], [ 477592.190737419005018, 2143794.18869523704052 ], [ 477559.995142077037599, 2143781.117298201657832 ], [ 477559.959248073049821, 2143781.102779186796397 ], [ 477547.854685008816887, 2143776.224689746275544 ], [ 477546.423652100900654, 2143775.730367468670011 ], [ 477524.195148879254702, 2143769.287657301872969 ], [ 477524.17576391401235, 2143769.282052894122899 ], [ 477496.868135419208556, 2143761.407015236560255 ], [ 477489.334632966492791, 2143758.217204596847296 ], [ 477488.957847188052256, 2143758.063659598585218 ], [ 477460.192602607130539, 2143746.793908404186368 ], [ 477459.775328466203064, 2143746.637536100111902 ], [ 477397.997805872000754, 2143724.527399552520365 ], [ 477397.275608307099901, 2143724.289396550040692 ], [ 477339.650901721091941, 2143706.905282030813396 ], [ 477328.071432774537243, 2143701.033278633374721 ], [ 477326.138286001689266, 2143700.217512339353561 ], [ 477237.217972477024887, 2143669.827684570569545 ], [ 477146.297322459577117, 2143637.165632525458932 ], [ 477062.624662527698092, 2143606.479331249371171 ], [ 477058.818558920989744, 2143605.623789967503399 ], [ 477054.920559684396721, 2143605.778636670205742 ], [ 477014.586269767954946, 2143612.706812964286655 ], [ 477010.08451396872988, 2143614.245576891116798 ], [ 476983.808394219144247, 2143628.214361432008445 ], [ 476943.46388315333752, 2143649.659390624146909 ], [ 476890.901295356161427, 2143672.669795555062592 ], [ 476830.226649972028099, 2143683.670542053412646 ], [ 476775.347103157604579, 2143680.581437973771244 ], [ 476734.650511514511891, 2143671.297611854970455 ], [ 476696.668140862486325, 2143657.756165245547891 ], [ 476692.055525679781567, 2143656.891093662939966 ], [ 476687.401346132624894, 2143657.493738176766783 ], [ 476683.161185742763337, 2143659.505107743665576 ], [ 476679.750100951991044, 2143662.72831549635157 ], [ 476677.501992506091483, 2143666.847851402591914 ], [ 476676.636920923250727, 2143671.46046658558771 ], [ 476677.239565437252168, 2143676.11464613256976 ], [ 476679.250935004325584, 2143680.35480652237311 ], [ 476682.474142757069785, 2143683.765891313087195 ], [ 476686.593678663251922, 2143686.013999759219587 ], [ 476725.41194169758819, 2143699.853458100929856 ], [ 476727.11303426354425, 2143700.348841842263937 ], [ 476769.906573089421727, 2143710.111029716208577 ], [ 476772.399713989114389, 2143710.463021817151457 ], [ 476830.312978801550344, 2143713.722890256438404 ], [ 476833.831956404959783, 2143713.505971507169306 ], [ 476897.982635278545786, 2143701.874995314050466 ], [ 476901.322069431829732, 2143700.856610482092947 ], [ 476956.016623080940917, 2143676.912891579791903 ], [ 476957.041611594322603, 2143676.417004202958196 ], [ 476997.889542733493727, 2143654.704383264761418 ], [ 477022.039411182922777, 2143641.865946247708052 ], [ 477056.053693521942478, 2143636.023350653704256 ], [ 477136.014501695579384, 2143665.348358988296241 ], [ 477136.108005694812164, 2143665.382299543824047 ], [ 477227.185296776005998, 2143698.100622838363051 ], [ 477227.405563039181288, 2143698.177821096498519 ], [ 477315.441138960653916, 2143728.26527674915269 ], [ 477327.265114017587621, 2143734.26127034984529 ], [ 477329.716926070395857, 2143735.243841657415032 ], [ 477388.246846808469854, 2143752.901039501652122 ], [ 477449.456489354372025, 2143774.807932136580348 ], [ 477477.82482415298, 2143785.922180586028844 ], [ 477485.999106017814483, 2143789.383307920768857 ], [ 477487.691330306988675, 2143789.983141643926501 ], [ 477515.853357877524104, 2143798.104572901502252 ], [ 477537.344164544425439, 2143804.333469072822481 ], [ 477548.727744108240586, 2143808.921005109325051 ], [ 477580.905527345370501, 2143821.985170438420027 ], [ 477610.799703681026585, 2143834.121615268290043 ], [ 477625.676872538635507, 2143840.45964087639004 ], [ 477663.502493532549124, 2143856.570268282201141 ], [ 477671.264465501299128, 2143859.879074142314494 ], [ 477708.766797479882371, 2143876.053711912594736 ], [ 477739.286535201012157, 2143889.222253238316625 ], [ 477739.38159901445033, 2143889.262883001938462 ], [ 477754.2378644074779, 2143895.551912193652242 ], [ 477782.765789071156178, 2143907.627347091212869 ], [ 477796.831483419926371, 2143913.774076346773654 ], [ 477826.818278552556876, 2143926.870955246966332 ], [ 477827.211619588721078, 2143927.036128825042397 ], [ 477854.325314513698686, 2143937.970924021676183 ], [ 477872.336160558159463, 2143945.230012469459325 ], [ 477909.206133766332641, 2143965.893328943289816 ], [ 477918.508949430426583, 2143971.133804546203464 ], [ 477955.871716553228907, 2143995.144824415445328 ], [ 477957.777490830689203, 2143996.182949702255428 ], [ 477989.387100699183065, 2144010.541618475224823 ], [ 478017.535140549240168, 2144023.327746514230967 ], [ 478079.550266431528144, 2144051.4979856191203 ], [ 478081.386878195800819, 2144052.191175713669509 ], [ 478140.771972392743919, 2144070.263271425850689 ], [ 478142.6793987902347, 2144070.710018920246512 ], [ 478217.485533020051662, 2144083.144729718565941 ], [ 478220.505846348649357, 2144083.337282164487988 ], [ 478267.541410456236918, 2144081.577939595561475 ], [ 478278.833641941368114, 2144081.156050642021 ], [ 478283.438255661865696, 2144080.24935325467959 ], [ 478287.537318644288462, 2144077.964128904044628 ], [ 478290.729586044035386, 2144074.524071271531284 ], [ 478292.702576486219186, 2144070.265917166136205 ], [ 478293.263159919762984, 2144065.606484381016344 ], [ 478292.356462532305159, 2144061.001870660576969 ], [ 478290.071238181553781, 2144056.902807678095996 ], [ 478286.631180548924021, 2144053.710540278349072 ], [ 478282.373026443936396, 2144051.737549836281687 ], [ 478277.713593658583704, 2144051.176966402679682 ], [ 478266.421031849866267, 2144051.598867697641253 ] ] ] ] } },
{ "type": "Feature", "properties": { "CVEGEO": "090100001", "CVE_ENT": "09", "CVE_MUN": "010", "CVE_LOC": "0001", "CVEVIAL": "00928", "CVESEG": "00066", "NOMVIAL": "Centenario", "TIPOVIAL": "Avenida", "SENTIDO": "Dos sentidos", "TIPOSEN": 2, "AMBITO": "Urbana", "MINUTES": 1.3765255220699999, "LENGTH": 9.1752526258145863, "VELOCIDAD": 3.0, "T_VIAL2024": "Vías primarias  - Avenidas primarias", "NOMENCLATU": "Av Centenario", "NOTA2024": null, "NombreMate": "Av Centenario", "ID": 6 }, "geometry": { "type": "MultiPolygon", "coordinates": [ [ [ [ 472372.140384564641863, 2138493.501503931358457 ], [ 472372.964998258044943, 2138493.941497245803475 ], [ 472730.599177041440271, 2138670.679155780002475 ], [ 472833.426694746827707, 2138734.107514710631222 ], [ 472956.970339596911799, 2138853.991716527845711 ], [ 472957.102458758163266, 2138854.118366442620754 ], [ 473073.836237715557218, 2138964.661162991076708 ], [ 473075.309724689577706, 2138965.887761247344315 ], [ 473110.397300651180558, 2138991.48480104887858 ], [ 473243.791314110800158, 2139111.090102203655988 ], [ 473278.799488322634716, 2139152.84913190221414 ], [ 473280.84121220454108, 2139156.415394216310233 ], [ 473281.887842531781644, 2139161.984529703855515 ], [ 473283.782100921845995, 2139187.476859149057418 ], [ 473283.736926577228587, 2139213.89673937484622 ], [ 473281.877678337914404, 2139253.869986550416797 ], [ 473281.970713632705156, 2139256.373877200298011 ], [ 473284.655205128598027, 2139278.496196881402284 ], [ 473286.60242894559633, 2139284.269786819815636 ], [ 473292.576333638047799, 2139294.470034994650632 ], [ 473292.787839102616999, 2139294.820138423703611 ], [ 473339.930514562234748, 2139370.503978103399277 ], [ 473341.965282035060227, 2139373.088478262536228 ], [ 473370.612969051580876, 2139402.2323252200149 ], [ 473371.189590522495564, 2139402.788418765645474 ], [ 473395.796383150387555, 2139425.282423386815935 ], [ 473398.386268444592133, 2139427.183748896233737 ], [ 473471.456488591793459, 2139469.602047915104777 ], [ 473472.362175335350912, 2139470.08712721336633 ], [ 473492.616856399457902, 2139480.058316359762102 ], [ 473537.158132683020085, 2139501.986662785056978 ], [ 473539.22551530477358, 2139502.819874220527709 ], [ 473561.165055816236418, 2139509.817383196204901 ], [ 473590.12598763348069, 2139521.124022736679763 ], [ 473606.265796936058905, 2139530.533074956387281 ], [ 473606.440387195150834, 2139530.633292507380247 ], [ 473609.233075456926599, 2139532.211520053911954 ], [ 473649.832153023162391, 2139555.252198094502091 ], [ 473684.202526611217763, 2139576.57677589263767 ], [ 473753.29081983998185, 2139625.626010481268167 ], [ 473776.227348937594797, 2139644.879891443997622 ], [ 473829.193945089820772, 2139696.388664165046066 ], [ 473830.836478780256584, 2139697.771619542967528 ], [ 473847.060177124047186, 2139709.555291783995926 ], [ 473881.7236414263607, 2139738.176527386065573 ], [ 473883.43495459028054, 2139739.398405381478369 ], [ 473963.727921591314953, 2139788.61661827005446 ], [ 473964.376992026809603, 2139788.992492143530399 ], [ 474019.330899369204417, 2139819.006998280063272 ], [ 474056.269986421160866, 2139839.672117232345045 ], [ 474057.268204504158348, 2139840.182547817006707 ], [ 474114.786802872666158, 2139866.931614914443344 ], [ 474115.022468589711934, 2139867.038747825659811 ], [ 474165.739619118743576, 2139889.568564476910979 ], [ 474166.640505061368458, 2139889.934279658831656 ], [ 474193.069955039361957, 2139899.678049664478749 ], [ 474221.274982603208628, 2139916.157508694101125 ], [ 474249.93051145283971, 2139934.800686259754002 ], [ 474252.04303088755114, 2139935.945495271123946 ], [ 474289.126322844065726, 2139952.347670149058104 ], [ 474315.783965454786085, 2139964.376808076165617 ], [ 474317.179132968885824, 2139964.924229021649808 ], [ 474351.926851310709026, 2139976.591117223259062 ], [ 474352.127743521996308, 2139976.65699709020555 ], [ 474404.180732325883582, 2139993.32171078491956 ], [ 474435.052732163050678, 2140016.684205858502537 ], [ 474449.434088731766678, 2140028.216885739937425 ], [ 474449.824581313878298, 2140028.519598465412855 ], [ 474476.705966805806383, 2140048.658312765415758 ], [ 474477.764642634720076, 2140049.382892321795225 ], [ 474503.557504972908646, 2140065.461062480695546 ], [ 474506.662916908622719, 2140066.932953865732998 ], [ 474524.060885983344633, 2140072.849615371320397 ], [ 474569.540067633381113, 2140088.568287873174995 ], [ 474576.376289544685278, 2140091.507620292250067 ], [ 474586.065987631911412, 2140095.6729790805839 ], [ 474602.01452931878157, 2140106.741969758179039 ], [ 474635.876514299248811, 2140130.782059645745903 ], [ 474636.351878034125548, 2140131.106013248674572 ], [ 474652.900197174050845, 2140141.924682619050145 ], [ 474657.276799415238202, 2140143.872082979883999 ], [ 474671.221910710388329, 2140147.556247636675835 ], [ 474671.480766368738841, 2140147.622174794785678 ], [ 474688.683426024217624, 2140151.840722744818777 ], [ 474702.67508118681144, 2140160.445844413712621 ], [ 474714.748035423108377, 2140176.012661940883845 ], [ 474718.258519374998286, 2140185.047631898894906 ], [ 474723.702914111490827, 2140204.538902828004211 ], [ 474731.639497540949378, 2140234.148649747483432 ], [ 474733.909449318540283, 2140251.743309170007706 ], [ 474735.108417963259853, 2140255.981898644007742 ], [ 474737.486903759243432, 2140259.689454693812877 ], [ 474740.839794901898131, 2140262.546251418534666 ], [ 474750.510506023420021, 2140268.586612620390952 ], [ 474755.47667583700968, 2140270.565340871457011 ], [ 474760.821371977741364, 2140270.676836484111845 ], [ 474887.879872719466221, 2140250.39453276572749 ], [ 474952.098005739040673, 2140242.713000376708806 ], [ 474952.354466403427068, 2140242.6800790973939 ], [ 475013.055418937117793, 2140234.355632943566889 ], [ 475058.415785200253595, 2140263.087004287634045 ], [ 475082.577589041437022, 2140278.391413307283074 ], [ 475100.034408258914482, 2140289.448383652139455 ], [ 475100.214062883984298, 2140289.560406386386603 ], [ 475107.270878335344605, 2140293.891783879138529 ], [ 475138.135880255955271, 2140313.559599260333925 ], [ 475138.163548019190785, 2140313.577187245246023 ], [ 475168.206472044985276, 2140332.628959869034588 ], [ 475199.312910274020396, 2140352.720154287759215 ], [ 475199.360569782904349, 2140352.750809444580227 ], [ 475225.00573370436905, 2140369.17768108099699 ], [ 475258.34938337712083, 2140390.535673938691616 ], [ 475305.488223281223327, 2140420.732751325238496 ], [ 475305.957661470922176, 2140421.021449691615999 ], [ 475318.925679509877227, 2140428.671900775749236 ], [ 475402.401106281555258, 2140477.921976193785667 ], [ 475402.931659810827114, 2140478.220653248019516 ], [ 475511.251695170416497, 2140536.336895692162216 ], [ 475517.934294132166542, 2140539.939816867467016 ], [ 475556.196226241823751, 2140560.570462489500642 ], [ 475556.962452051753644, 2140560.955752302892506 ], [ 475641.8575634129229, 2140600.64573451410979 ], [ 475642.122218731907196, 2140600.766352959442884 ], [ 475716.711452839605045, 2140633.891363436356187 ], [ 475776.816610186360776, 2140680.11255589639768 ], [ 475777.60541461413959, 2140680.679472288116813 ], [ 475798.602375723712612, 2140694.761932992376387 ], [ 475801.839431561238598, 2140696.404180123936385 ], [ 475805.376193137606606, 2140697.220772854052484 ], [ 475830.384496932674665, 2140699.872016166336834 ], [ 475836.386091501859482, 2140699.289533319883049 ], [ 475851.799016722361557, 2140694.536558107938617 ], [ 475901.140705339319538, 2140680.051344494801015 ], [ 475901.788652593677398, 2140679.84506360348314 ], [ 475915.439226446673274, 2140675.155924206599593 ], [ 475928.660592491971329, 2140673.424063595943153 ], [ 475961.168790840136353, 2140684.115172855556011 ], [ 476003.300908589502797, 2140714.240996743552387 ], [ 476037.588486889551859, 2140740.782404371537268 ], [ 476038.284752707753796, 2140741.290072133298963 ], [ 476051.497064562805463, 2140750.353997766971588 ], [ 476115.465624963631853, 2140794.230558632407337 ], [ 476117.211226064537186, 2140795.261732624843717 ], [ 476205.289024718164001, 2140839.553421985823661 ], [ 476205.839217568165623, 2140839.816226207185537 ], [ 476268.687787172093522, 2140868.28232816234231 ], [ 476272.222678001737222, 2140869.883381184656173 ], [ 476272.353805293212645, 2140869.942017471883446 ], [ 476336.612399135192391, 2140898.308171049691737 ], [ 476336.806902034149971, 2140898.392395006027073 ], [ 476377.370569977618288, 2140915.618041709065437 ], [ 476377.483663863851689, 2140915.665522987954319 ], [ 476455.750927315675654, 2140948.149447139818221 ], [ 476457.805871643999126, 2140952.304917711764574 ], [ 476465.167790892417543, 2140979.636495498474687 ], [ 476465.694714955578092, 2140981.231214826926589 ], [ 476485.909484857635107, 2141032.565666893031448 ], [ 476488.415914047742262, 2141036.759222862776369 ], [ 476533.219807330577169, 2141089.70522379828617 ], [ 476537.056612150161527, 2141092.939772297162563 ], [ 476571.12992198165739, 2141113.012432165443897 ], [ 476573.577282528625801, 2141114.170566271524876 ], [ 476628.135476507304702, 2141134.185976286418736 ], [ 476824.143246556224767, 2141206.099093433935195 ], [ 476834.477072194509674, 2141210.649380476213992 ], [ 476871.5299428680446, 2141227.107332058250904 ], [ 476885.823473398049828, 2141233.444707526359707 ], [ 476889.328331685508601, 2141234.509423869196326 ], [ 476892.986744716647081, 2141234.692908471915871 ], [ 476913.84248441568343, 2141233.18253853591159 ], [ 476938.954262848594226, 2141231.460394605994225 ], [ 476941.346089214843232, 2141231.100905009545386 ], [ 477020.279802640725393, 2141212.627993174362928 ], [ 477041.909406628285069, 2141212.702461390290409 ], [ 477056.199134800990578, 2141215.216846419032663 ], [ 477082.786271446326282, 2141223.070577174425125 ], [ 477158.39777222572593, 2141245.99674276355654 ], [ 477210.541461244225502, 2141262.987662413623184 ], [ 477245.624057549459394, 2141278.608116283081472 ], [ 477289.539873603265733, 2141307.532305696979165 ], [ 477346.604216680047102, 2141345.415369256865233 ], [ 477348.280632246984169, 2141346.378711029887199 ], [ 477361.04089377890341, 2141352.654301636852324 ], [ 477392.357611311250366, 2141368.056008561514318 ], [ 477393.215499417390674, 2141368.444963444024324 ], [ 477437.907049912726507, 2141387.038763601798564 ], [ 477438.00468377902871, 2141387.07898136600852 ], [ 477490.889219671138562, 2141408.645996442530304 ], [ 477492.376692318357527, 2141409.16332361381501 ], [ 477515.467979662353173, 2141415.857969330158085 ], [ 477517.120260927185882, 2141416.237258839420974 ], [ 477540.489542273804545, 2141420.227277223952115 ], [ 477543.651001408288721, 2141420.427717081271112 ], [ 477574.612214192806277, 2141419.111864671111107 ], [ 477673.267590716073755, 2141415.786677944473922 ], [ 477996.951094469113741, 2141404.728671708609909 ], [ 478049.472861450049095, 2141404.60222149360925 ], [ 478049.685795701108873, 2141404.600197330582887 ], [ 478141.523316054779571, 2141403.075191588606685 ], [ 478141.707034051418304, 2141403.071015050634742 ], [ 478209.547600332996808, 2141401.112928132992238 ], [ 478326.706271789676975, 2141397.827293559443206 ], [ 478451.747813908965327, 2141396.631697460543364 ], [ 478452.081303450453561, 2141396.62479983875528 ], [ 478546.44381473219255, 2141393.623140465002507 ], [ 478554.857660265814047, 2141393.654988928232342 ], [ 478555.121782061003614, 2141393.653663274366409 ], [ 478669.83853483456187, 2141392.067793301306665 ], [ 478670.083434706204571, 2141392.062407394405454 ], [ 478785.579305005201604, 2141388.578673974145204 ], [ 478785.604373635200318, 2141388.577896844595671 ], [ 478900.710463729337789, 2141384.913272901438177 ], [ 478901.206439791189041, 2141384.889259421266615 ], [ 478924.102091601933353, 2141383.40051782457158 ], [ 478944.891891589853913, 2141382.048672879114747 ], [ 478962.829831627488602, 2141380.882245031651109 ], [ 478962.925389064475894, 2141380.87572490144521 ], [ 478985.051896249875426, 2141379.294989298563451 ], [ 478985.1883517683018, 2141379.28461495693773 ], [ 479013.148674674157519, 2141377.030539601109922 ], [ 479013.579926092759706, 2141376.989497734699398 ], [ 479126.757122239854652, 2141364.56698847329244 ], [ 479191.527703655941878, 2141358.454935114365071 ], [ 479241.566850658855401, 2141354.37419676175341 ], [ 479241.862516745692119, 2141354.347136810421944 ], [ 479356.351709650072735, 2141342.725206042639911 ], [ 479356.583662493678275, 2141342.699836055282503 ], [ 479413.156598515983205, 2141336.06646218104288 ], [ 479464.677520759403706, 2141332.576667718589306 ], [ 479470.355744815606158, 2141332.192083109170198 ], [ 479470.888000339618884, 2141332.146499329712242 ], [ 479585.177239170589019, 2141320.304955237545073 ], [ 479614.485164912592154, 2141317.270045203156769 ], [ 479662.514208291540854, 2141312.290890200063586 ], [ 479710.106742078321986, 2141307.359989823773503 ], [ 479755.425515328359324, 2141302.664160302840173 ], [ 479823.866585911950096, 2141295.572565131355077 ], [ 479828.401491809228901, 2141294.364593206904829 ], [ 479832.341159760311712, 2141291.814380646683276 ], [ 479835.299947616877034, 2141288.171560024376959 ], [ 479836.988228608388454, 2141283.792716003488749 ], [ 479837.240742028458044, 2141279.106480345595628 ], [ 479836.032770104182418, 2141274.571574448142201 ], [ 479833.482557543960866, 2141270.631906497292221 ], [ 479829.839736921479926, 2141267.67311864066869 ], [ 479825.460892900417093, 2141265.984837649390101 ], [ 479820.774657242698595, 2141265.732324229087681 ], [ 479752.333561881270725, 2141272.823921967763454 ], [ 479707.01497739815386, 2141277.519731929991394 ], [ 479659.422088297549635, 2141282.450669119134545 ], [ 479611.394246108073276, 2141287.429699667263776 ], [ 479582.08675926545402, 2141290.464564252644777 ], [ 479468.061963580956217, 2141302.278709282167256 ], [ 479462.65024303534301, 2141302.645243679638952 ], [ 479410.761785012320615, 2141306.159933354705572 ], [ 479410.028659212868661, 2141306.227702255360782 ], [ 479353.205869881028775, 2141312.890372300520539 ], [ 479238.980451210925821, 2141324.485527039971203 ], [ 479188.99422147939913, 2141328.561949940398335 ], [ 479188.804228333290666, 2141328.578660636208951 ], [ 479123.824922293773852, 2141334.710410221479833 ], [ 479123.597536817251239, 2141334.733616531826556 ], [ 479010.522065698110964, 2141347.144960292149335 ], [ 478982.84586894972017, 2141349.37613026984036 ], [ 478960.835381504730321, 2141350.948577328585088 ], [ 478942.945250097895041, 2141352.111896384507418 ], [ 478922.155500812921673, 2141353.463738033082336 ], [ 478899.507652863685507, 2141354.936366704758257 ], [ 478784.662283607700374, 2141358.592690098565072 ], [ 478669.301375853014179, 2141362.072352606803179 ], [ 478554.839150063111447, 2141363.654703941661865 ], [ 478546.290462187491357, 2141363.622345067560673 ], [ 478545.756777073198464, 2141363.629820863250643 ], [ 478451.294196163013112, 2141366.634663438890129 ], [ 478326.280872063420247, 2141367.82998972851783 ], [ 478326.003789989510551, 2141367.835199244786054 ], [ 478208.700468243448995, 2141371.124890436418355 ], [ 478140.933348636433948, 2141373.080852436367422 ], [ 478049.294160022342112, 2141374.60256478516385 ], [ 477996.640781761321705, 2141374.729331864509732 ], [ 477996.164748712501023, 2141374.738034078851342 ], [ 477672.253583348705433, 2141385.803819494321942 ], [ 477573.53580670413794, 2141389.131109421607107 ], [ 477573.404170421767049, 2141389.136125002987683 ], [ 477543.968522140523419, 2141390.387140879407525 ], [ 477523.006202615099028, 2141386.808081727009267 ], [ 477501.487655959965196, 2141380.569406331982464 ], [ 477449.382146711461246, 2141359.320088651962578 ], [ 477405.17439562024083, 2141340.927571943495423 ], [ 477374.280542469932698, 2141325.733831683173776 ], [ 477362.389626543677878, 2141319.885791648179293 ], [ 477306.109612125786953, 2141282.523417030461133 ], [ 477306.064015374518931, 2141282.493266463279724 ], [ 477261.098864128114656, 2141252.877955431118608 ], [ 477258.949476073205005, 2141251.701908127870411 ], [ 477222.031509806867689, 2141235.26425955677405 ], [ 477220.57746908190893, 2141234.705391842871904 ], [ 477167.545330290333368, 2141217.424972562585026 ], [ 477167.250574962352403, 2141217.332274258602411 ], [ 477091.439745506329928, 2141194.345670214854181 ], [ 477091.336687667877413, 2141194.314825131092221 ], [ 477063.883938459621277, 2141186.2053959867917 ], [ 477062.233951377915218, 2141185.817842144519091 ], [ 477045.844078216119669, 2141182.933920826762915 ], [ 477043.296292253711727, 2141182.707058474887162 ], [ 477018.625094981398433, 2141182.622118406463414 ], [ 477015.1553492131643, 2141183.016668397001922 ], [ 476935.691257868369576, 2141201.613704944960773 ], [ 476911.761335672112182, 2141203.254798201844096 ], [ 476911.704151550249662, 2141203.258829639293253 ], [ 476894.557373606017791, 2141204.500597051344812 ], [ 476883.703334172547329, 2141199.68820425728336 ], [ 476846.633006842981558, 2141183.222498868592083 ], [ 476846.588883987045847, 2141183.202985503710806 ], [ 476835.799429081380367, 2141178.452071508392692 ], [ 476834.921142697217874, 2141178.097997612319887 ], [ 476638.468483175616711, 2141106.021655360236764 ], [ 476585.18596484803129, 2141086.474244175944477 ], [ 476554.476660448824987, 2141068.383327119518071 ], [ 476512.916065514029469, 2141019.270021621603519 ], [ 476493.916601580916904, 2140971.021781583316624 ], [ 476486.38960596366087, 2140943.077347628772259 ], [ 476485.351600180147216, 2140940.329494683071971 ], [ 476480.146768267091829, 2140929.804379453416914 ], [ 476476.952700702066068, 2140925.503524170722812 ], [ 476472.450997044914402, 2140922.599374044686556 ], [ 476389.040317175968084, 2140887.980734286364168 ], [ 476348.630648068501614, 2140870.820484271273017 ], [ 476284.534712156979367, 2140842.526134005282074 ], [ 476281.065278816968203, 2140840.954728549811989 ], [ 476218.49451108998619, 2140812.614451837725937 ], [ 476131.596861779515166, 2140768.916224267799407 ], [ 476068.467605168931186, 2140725.615348816849291 ], [ 476055.611193575372454, 2140716.79557829676196 ], [ 476021.439101348514669, 2140690.343566394411027 ], [ 476020.981932151888032, 2140690.003368566278368 ], [ 475976.755095274595078, 2140658.379752900451422 ], [ 475972.716685256396886, 2140656.332248950377107 ], [ 475935.942928267817479, 2140644.238307304214686 ], [ 475934.78622946375981, 2140643.857944171875715 ], [ 475928.15233943099156, 2140643.234360199421644 ], [ 475910.045780401967932, 2140645.606129974592477 ], [ 475907.120800576347392, 2140646.292740209959447 ], [ 475892.363927603466436, 2140651.361906911246479 ], [ 475843.250849043135531, 2140665.780007590539753 ], [ 475843.055843448091764, 2140665.838696002494544 ], [ 475830.486654893960804, 2140669.714731263462454 ], [ 475812.230039709305856, 2140667.779264975804836 ], [ 475794.719347053673118, 2140656.035011131316423 ], [ 475733.580006283533294, 2140609.018526001367718 ], [ 475730.524151468416676, 2140607.200250796508044 ], [ 475654.431377420667559, 2140573.407519611064345 ], [ 475570.056631508748978, 2140533.960817549843341 ], [ 475532.172068610903807, 2140513.533647550735623 ], [ 475525.475327806721907, 2140509.923101794905961 ], [ 475525.448418279353064, 2140509.908628886099905 ], [ 475417.383228913473431, 2140451.929117301478982 ], [ 475334.169824832177255, 2140402.833633932750672 ], [ 475321.43849420879269, 2140395.322816010098904 ], [ 475274.531464331201278, 2140365.274235814344138 ], [ 475241.187076104688458, 2140343.915769868064672 ], [ 475215.565798385010567, 2140327.504198409616947 ], [ 475184.430718389397953, 2140307.394504691939801 ], [ 475184.325553108938038, 2140307.32719860272482 ], [ 475154.243749938090332, 2140288.250770701561123 ], [ 475123.286031352065038, 2140268.523874350357801 ], [ 475123.071821234188974, 2140268.389898390043527 ], [ 475115.997559144569095, 2140264.047812387347221 ], [ 475098.630485273897648, 2140253.047685828059912 ], [ 475074.468716403585859, 2140237.743298959452659 ], [ 475024.476116906967945, 2140206.077859304379672 ], [ 475019.637685610447079, 2140204.09243648359552 ], [ 475014.411705249338411, 2140203.888842637650669 ], [ 474948.40654585219454, 2140212.940700513776392 ], [ 474884.024504385073669, 2140220.641839016694576 ], [ 474883.441539761377499, 2140220.723202312830836 ], [ 474762.643826205458026, 2140240.006098778452724 ], [ 474761.264524016645737, 2140229.314967586658895 ], [ 474760.876380975358188, 2140227.35075860703364 ], [ 474752.659647992637474, 2140196.695831800810993 ], [ 474752.618078267434612, 2140196.543936784379184 ], [ 474746.954183597466908, 2140176.266842475626618 ], [ 474746.488891355169471, 2140174.869738898705691 ], [ 474741.920741082401946, 2140163.112641858868301 ], [ 474739.792071445612237, 2140159.352448537014425 ], [ 474724.709537617804017, 2140139.905091465450823 ], [ 474720.714573976118118, 2140136.320826241280884 ], [ 474702.397168233583216, 2140125.055289516691118 ], [ 474698.111649645317812, 2140123.263900704216212 ], [ 474678.75558010104578, 2140118.517279592342675 ], [ 474667.285402391047683, 2140115.486968651879579 ], [ 474653.008674594515469, 2140106.153380363248289 ], [ 474619.31612959416816, 2140082.233583257067949 ], [ 474619.185369984188583, 2140082.141794722061604 ], [ 474601.930281998880673, 2140070.166003342252225 ], [ 474599.3016359564499, 2140068.708200933877379 ], [ 474588.225775717117358, 2140063.946965768933296 ], [ 474580.88481971109286, 2140060.790615630336106 ], [ 474579.859760101593565, 2140060.393717383034527 ], [ 474533.825595927948598, 2140044.483229896519333 ], [ 474533.755182908382267, 2140044.459088917355984 ], [ 474517.959546390047763, 2140039.087345000356436 ], [ 474494.179371679900214, 2140024.263798455707729 ], [ 474468.009556690987665, 2140004.658171078190207 ], [ 474453.656525733065791, 2139993.148206035606563 ], [ 474453.324030722142197, 2139992.889162848703563 ], [ 474420.243244937912095, 2139967.85516119748354 ], [ 474415.765196437772829, 2139965.530531419441104 ], [ 474361.37555589992553, 2139948.117740946356207 ], [ 474327.43932622205466, 2139936.723318045493215 ], [ 474301.41463528922759, 2139924.979796635452658 ], [ 474301.31258312362479, 2139924.93420295137912 ], [ 474265.28043291089125, 2139908.996954723261297 ], [ 474237.33323990018107, 2139890.814617747440934 ], [ 474236.720297421969008, 2139890.436466741841286 ], [ 474207.064421380171552, 2139873.109314938541502 ], [ 474204.685946581768803, 2139871.986688311677426 ], [ 474177.474231051513925, 2139861.954519734252244 ], [ 474127.319889158941805, 2139839.674716643989086 ], [ 474070.42731492529856, 2139813.216782537288964 ], [ 474033.911306742869783, 2139792.788349866867065 ], [ 474033.77796098619001, 2139792.71463789884001 ], [ 473979.086428987502586, 2139762.843434882350266 ], [ 473900.01188099256251, 2139714.37209196574986 ], [ 473865.802267672319431, 2139686.125596054363996 ], [ 473865.066831403179094, 2139685.55577091826126 ], [ 473849.337460520793684, 2139674.131140904035419 ], [ 473796.749225639272481, 2139622.990315646398813 ], [ 473795.935764565481804, 2139622.255141602363437 ], [ 473772.113744433969259, 2139602.257942464202642 ], [ 473771.153046005172655, 2139601.515639900229871 ], [ 473701.189702743140515, 2139551.845163530204445 ], [ 473700.414378785528243, 2139551.33013944234699 ], [ 473665.399023205274716, 2139529.605392334517092 ], [ 473664.894511464284733, 2139529.305879450868815 ], [ 473624.028450649522711, 2139506.113683803472668 ], [ 473624.004842482798267, 2139506.100313973613083 ], [ 473621.287975420302246, 2139504.564935143105686 ], [ 473604.224945329013281, 2139494.617671321611851 ], [ 473602.125528904842213, 2139493.603516151197255 ], [ 473571.631808569189161, 2139481.698460531886667 ], [ 473570.734615169174504, 2139481.380606677383184 ], [ 473549.406163524894509, 2139474.578001502435654 ], [ 473505.86740145838121, 2139453.143208043649793 ], [ 473486.073480345134158, 2139443.398846687749028 ], [ 473414.845135941926856, 2139402.04978265799582 ], [ 473391.726623104535975, 2139380.916271173860878 ], [ 473364.519752152904402, 2139353.238194310106337 ], [ 473318.360051253461279, 2139279.132442600559443 ], [ 473314.061923799104989, 2139271.793529615271837 ], [ 473311.903692182444502, 2139254.008004928939044 ], [ 473313.720131253299769, 2139214.955141291487962 ], [ 473313.736308512336109, 2139214.283857927192003 ], [ 473313.776508551905863, 2139190.773163091856986 ], [ 473328.896876938757487, 2139163.078358267899603 ], [ 473329.12276058254065, 2139162.648204501718283 ], [ 473337.877377719676588, 2139145.29973862785846 ], [ 473339.853478940203786, 2139141.492137851659209 ], [ 473340.977784488350153, 2139140.75679244287312 ], [ 473344.541696997766849, 2139139.040159275755286 ], [ 473347.862130750261713, 2139138.319161424878985 ], [ 473349.805365939391777, 2139138.174235724844038 ], [ 473350.097767147468403, 2139138.305339712649584 ], [ 473352.318848890950903, 2139140.284084158018231 ], [ 473353.820227996679023, 2139142.804128482937813 ], [ 473355.958561959094368, 2139148.803993402048945 ], [ 473359.546117007208522, 2139159.457338531501591 ], [ 473361.137033335573506, 2139165.755784497596323 ], [ 473361.31967193458695, 2139166.415137407835573 ], [ 473362.615078418049961, 2139170.70861220639199 ], [ 473366.35957625816809, 2139183.119163177907467 ], [ 473368.401360331568867, 2139187.344762007240206 ], [ 473371.648994229035452, 2139190.732599331531674 ], [ 473375.784576917183585, 2139192.951050028670579 ], [ 473380.403288748057093, 2139193.782956688664854 ], [ 473385.053018027276266, 2139193.146886490285397 ], [ 473389.278616856434382, 2139191.105102416593581 ], [ 473392.666454180551227, 2139187.857468519359827 ], [ 473394.884904878039379, 2139183.721885831095278 ], [ 473395.716811537684407, 2139179.103174000512809 ], [ 473395.080741339421365, 2139174.45344472117722 ], [ 473391.336266357335262, 2139162.04296950949356 ], [ 473390.139706530258991, 2139158.077110508456826 ], [ 473388.49033259076532, 2139151.547230557538569 ], [ 473388.162691377336159, 2139150.433531395159662 ], [ 473384.347775508300401, 2139139.105031944345683 ], [ 473384.26164426637115, 2139138.856489634606987 ], [ 473381.58675326523371, 2139131.351120986510068 ], [ 473380.34364180022385, 2139128.70945479394868 ], [ 473376.908728845242877, 2139122.944000309333205 ], [ 473374.000362090417184, 2139119.421373656950891 ], [ 473368.325136009138077, 2139114.36535889422521 ], [ 473364.48406441800762, 2139111.878192533738911 ], [ 473358.613872696820181, 2139109.246173501014709 ], [ 473355.066835268749855, 2139108.158604935742915 ], [ 473351.361363254429307, 2139107.97487401496619 ], [ 473344.586804005724844, 2139108.480117924045771 ], [ 473342.519477446679957, 2139108.780164522118866 ], [ 473338.388323665945791, 2139109.67720184288919 ], [ 473344.899151947407518, 2139102.524319228250533 ], [ 473347.509260803635698, 2139101.287173438817263 ], [ 473352.901612676214427, 2139099.776359203271568 ], [ 473357.547635019116569, 2139099.505022665951401 ], [ 473404.564920323202386, 2139101.536873814184219 ], [ 473483.110185274737887, 2139105.086839296855032 ], [ 473606.823033226886764, 2139111.287559105083346 ], [ 473607.498634863994084, 2139111.306176272686571 ], [ 473612.240672378742602, 2139111.329976504668593 ], [ 473621.540989238827024, 2139111.912257931195199 ], [ 473629.453059307823423, 2139113.952671308070421 ], [ 473635.089219278423116, 2139116.007190237753093 ], [ 473639.300426364643499, 2139119.692794553935528 ], [ 473642.43346906430088, 2139124.188734805211425 ], [ 473644.062329069070984, 2139129.258062041830271 ], [ 473643.732213603623677, 2139132.741170370485634 ], [ 473644.025739068863913, 2139137.425016062799841 ], [ 473645.752286293252837, 2139141.788913672789931 ], [ 473648.742848804802634, 2139145.405694496817887 ], [ 473652.704689508536831, 2139147.921322829090059 ], [ 473657.249995832447894, 2139149.089551440440118 ], [ 473661.933841524645686, 2139148.796025975607336 ], [ 473666.297739134519361, 2139147.069478751160204 ], [ 473669.914519958896562, 2139144.0789162395522 ], [ 473672.430148291110527, 2139140.117075535934418 ], [ 473673.598376902577002, 2139135.57176921190694 ], [ 473674.219353267457336, 2139129.019734621979296 ], [ 473673.567264414741658, 2139123.016053706873208 ], [ 473673.080416068201885, 2139121.500774792395532 ], [ 473670.30709556065267, 2139112.869665205013007 ], [ 473668.332805662997998, 2139108.882371604908258 ], [ 473662.865434722043574, 2139101.036652462556958 ], [ 473660.437611922854558, 2139098.325046818237752 ], [ 473652.738032276858576, 2139091.586455389391631 ], [ 473647.996451785555109, 2139088.781168865039945 ], [ 473639.042230518069118, 2139085.517134985420853 ], [ 473637.650771757529583, 2139085.085225264541805 ], [ 473627.649478017468937, 2139082.506030015647411 ], [ 473624.841032956726849, 2139082.060129249468446 ], [ 473613.684677688288502, 2139081.361643535550684 ], [ 473612.822665212035645, 2139081.332519669085741 ], [ 473607.987213207350578, 2139081.308250590693206 ], [ 473484.575145346054342, 2139075.122606444638222 ], [ 473484.50151489500422, 2139075.119097300805151 ], [ 473405.904613760940265, 2139071.566798046696931 ], [ 473405.874978983367328, 2139071.565488021820784 ], [ 473358.081503413501196, 2139069.500093825161457 ], [ 473356.559344768931624, 2139069.511622515507042 ], [ 473349.537780713522807, 2139069.921695204917341 ], [ 473346.365496408834588, 2139070.452384164556861 ], [ 473338.188966626650654, 2139072.743261667899787 ], [ 473335.811192641907837, 2139073.632553860545158 ], [ 473329.374673159676604, 2139076.683351131156087 ], [ 473324.706506404269021, 2139080.140795381739736 ], [ 473312.579234073753469, 2139093.463978188578039 ], [ 473310.001989739132114, 2139097.386015836149454 ], [ 473308.762861006194726, 2139101.91250759549439 ], [ 473308.983142428856809, 2139106.600368916522712 ], [ 473310.641271326632705, 2139110.990719269961119 ], [ 473313.574938490230124, 2139114.653800573665649 ], [ 473317.496976137510501, 2139117.231044908519834 ], [ 473320.769669132016134, 2139118.126945782452822 ], [ 473320.140978147042915, 2139118.538137411233038 ], [ 473317.225538075435907, 2139121.031032488681376 ], [ 473315.037699457199778, 2139124.181854422204196 ], [ 473311.210558024526108, 2139131.556085326708853 ], [ 473311.132821577019058, 2139131.707976584788412 ], [ 473306.509639281663112, 2139140.86944178910926 ], [ 473304.170629454951268, 2139136.783912559971213 ], [ 473302.648033067875076, 2139134.599940456915647 ], [ 473266.095134403032716, 2139090.998306973371655 ], [ 473264.613827356952243, 2139089.466883725952357 ], [ 473129.861922635696828, 2138968.644054220058024 ], [ 473128.688618842861615, 2138967.694069586694241 ], [ 473093.766475839249324, 2138942.217716207262129 ], [ 472977.796611802070402, 2138832.39832030935213 ], [ 472853.142484587791841, 2138711.436529336962849 ], [ 472850.571466489054728, 2138709.434802075382322 ], [ 472745.750366764434148, 2138644.7767174965702 ], [ 472744.52099157765042, 2138644.095741043332964 ], [ 472386.675321379909292, 2138467.253566498868167 ], [ 472267.178720627969597, 2138398.627033141907305 ], [ 472262.793551040464081, 2138396.955251052509993 ], [ 472258.106397852534428, 2138396.720383727923036 ], [ 472253.576072275580373, 2138397.945421618409455 ], [ 472249.646034141653217, 2138400.51044948073104 ], [ 472246.700982965587173, 2138404.164384515490383 ], [ 472245.0292008757242, 2138408.549554102588445 ], [ 472244.79433355119545, 2138413.236707290634513 ], [ 472246.019371441972908, 2138417.767032867763191 ], [ 472248.584399304061662, 2138421.697071001399308 ], [ 472252.23833433870459, 2138424.642122177872807 ], [ 472372.140384564641863, 2138493.501503931358457 ] ] ] ] } },
{ "type": "Feature", "properties": { "CVEGEO": "090100001", "CVE_ENT": "09", "CVE_MUN": "010", "CVE_LOC": "0001", "CVEVIAL": "04669", "CVESEG": "00002", "NOMVIAL": "Arquitecto Carlos Lazo", "TIPOVIAL": "Calle", "SENTIDO": "Un sentido", "TIPOSEN": 1, "AMBITO": "Urbana", "MINUTES": 1.97789742868, "LENGTH": 0.18630523399384671, "VELOCIDAD": 3.0, "T_VIAL2024": "Vías de acceso controlado - Viaductos", "NOMENCLATU": "Carlos Lazo", "NOTA2024": null, "NombreMate": "Carlos Lazo", "ID": 16 }, "geometry": { "type": "MultiPolygon", "coordinates": [ [ [ [ 472589.265698898583651, 2140773.640703495591879 ], [ 472594.945050531183369, 2140782.833997324574739 ], [ 472596.409046760934871, 2140794.004379551392049 ], [ 472596.201844564464409, 2140807.344035459682345 ], [ 472594.577830232330598, 2140813.698474336881191 ], [ 472593.489742813399062, 2140814.913046104833484 ], [ 472586.149595040013082, 2140821.502297699451447 ], [ 472578.558660731941927, 2140827.45952966902405 ], [ 472567.035919240035582, 2140830.974131498951465 ], [ 472549.721385017561261, 2140830.590664070565253 ], [ 472520.407858857244719, 2140825.63761676242575 ], [ 472515.715074199833907, 2140825.589245008770376 ], [ 472511.237023077963386, 2140826.993390947580338 ], [ 472507.412048335769214, 2140829.712606990709901 ], [ 472504.61456515127793, 2140833.480717326048762 ], [ 472503.118410669732839, 2140837.928873059805483 ], [ 472503.070038916135672, 2140842.621657717507333 ], [ 472504.474184854771011, 2140847.099708839319646 ], [ 472507.193400897842366, 2140850.924683581572026 ], [ 472510.961511233239435, 2140853.722166765946895 ], [ 472515.409666967287194, 2140855.218321247491986 ], [ 472545.799186126561835, 2140860.353176919277757 ], [ 472547.966156401787885, 2140860.559147310443223 ], [ 472568.77787626045756, 2140861.020067401695997 ], [ 472573.486177939281333, 2140860.371186475269496 ], [ 472589.991105778492056, 2140855.336946175433695 ], [ 472594.875452810956631, 2140852.789619425311685 ], [ 472605.061073361954186, 2140844.796123247593641 ], [ 472605.82082999375416, 2140844.158176326658577 ], [ 472614.137730318470858, 2140836.692093841731548 ], [ 472615.28982733056182, 2140835.538821808528155 ], [ 472619.373561269138008, 2140830.980375619139522 ], [ 472621.433567184431013, 2140828.035759530495852 ], [ 472622.734070314036217, 2140824.685672980733216 ], [ 472625.705458492797334, 2140813.059233367908746 ], [ 472626.170763580943458, 2140809.578003889415413 ], [ 472626.422447389631998, 2140793.37462639901787 ], [ 472626.297066321247257, 2140791.192424164619297 ], [ 472624.272079268994275, 2140775.741647094022483 ], [ 472622.160531479108613, 2140769.807346060406417 ], [ 472614.432990582776256, 2140757.298602346330881 ], [ 472613.672249707917217, 2140756.182836550753564 ], [ 472596.46758994058473, 2140733.240522868931293 ], [ 472593.099304394912906, 2140729.97261525830254 ], [ 472588.886035490315408, 2140727.905507906340063 ], [ 472584.240207342721988, 2140727.241543682757765 ], [ 472579.616585980635136, 2140728.045716031920165 ], [ 472575.467763677588664, 2140730.23930696118623 ], [ 472572.199856067192741, 2140733.607592506799847 ], [ 472570.132748715172056, 2140737.82086141128093 ], [ 472569.468784491531551, 2140742.466689558699727 ], [ 472570.272956840635743, 2140747.090310920961201 ], [ 472572.466547769901808, 2140751.239133223891258 ], [ 472589.265698898583651, 2140773.640703495591879 ] ] ] ] } },
{ "type": "Feature", "properties": { "CVEGEO": "090100001", "CVE_ENT": "09", "CVE_MUN": "010", "CVE_LOC": "0001", "CVEVIAL": "00368", "CVESEG": "00008", "NOMVIAL": "Diego Rivera", "TIPOVIAL": "Calle", "SENTIDO": "Dos sentidos", "TIPOSEN": 2, "AMBITO": "Urbana", "MINUTES": 1.1020526024899999, "LENGTH": 0.11805775590957567, "VELOCIDAD": 3.0, "T_VIAL2024": "Vías primarias  - Avenidas primarias", "NOMENCLATU": "Av Altavista", "NOTA2024": null, "NombreMate": "Av Altavista", "ID": 5 }, "geometry": { "type": "MultiPolygon", "coordinates": [ [ [ [ 479198.890088926011231, 2139441.762984773609787 ], [ 479210.481351867085323, 2139448.03544094460085 ], [ 479215.417176555958577, 2139458.971793283708394 ], [ 479228.096640784991905, 2139511.293304295279086 ], [ 479229.901838005753234, 2139515.625258896034211 ], [ 479232.957330176141113, 2139519.187355927657336 ], [ 479236.964024433749728, 2139521.630912514403462 ], [ 479241.529717628320213, 2139522.716736312489957 ], [ 479246.207487898878753, 2139522.338539322838187 ], [ 479250.539442499459255, 2139520.533342102076858 ], [ 479254.101539531198796, 2139517.47784993192181 ], [ 479256.545096118119545, 2139513.47115567419678 ], [ 479257.630919916147832, 2139508.905462479684502 ], [ 479257.25272292655427, 2139504.22769220918417 ], [ 479244.24340196774574, 2139450.545035158284009 ], [ 479243.33740750834113, 2139447.907335431315005 ], [ 479235.743454677285627, 2139431.08134402288124 ], [ 479233.05319621990202, 2139427.034201876726002 ], [ 479229.210247785318643, 2139424.059542661067098 ], [ 479210.798765623301733, 2139414.096416512038559 ], [ 479205.76274418696994, 2139412.436849847435951 ], [ 479182.567444468440954, 2139409.152718767523766 ], [ 479177.875043814652599, 2139409.229814624879509 ], [ 479173.436129525944125, 2139410.753168689087033 ], [ 479169.68521346070338, 2139413.573664450552315 ], [ 479166.989461417542771, 2139417.415212131571025 ], [ 479165.612752388813533, 2139421.901774280704558 ], [ 479165.689848246402107, 2139426.59417493455112 ], [ 479167.213202310609631, 2139431.033089223317802 ], [ 479170.033698071725667, 2139434.784005288500339 ], [ 479173.875245753210038, 2139437.479757331777364 ], [ 479178.361807902285364, 2139438.856466360390186 ], [ 479198.890088926011231, 2139441.762984773609787 ] ] ] ] } },
{ "type": "Feature", "properties": { "CVEGEO": "090100001", "CVE_ENT": "09", "CVE_MUN": "010", "CVE_LOC": "0001", "CVEVIAL": "00324", "CVESEG": "00009", "NOMVIAL": "Avenida de los Leones", "TIPOVIAL": "Avenida", "SENTIDO": "Dos sentidos", "TIPOSEN": 2, "AMBITO": "Urbana", "MINUTES": 2.3561975463599998, "LENGTH": 1.046507113151383, "VELOCIDAD": 3.0, "T_VIAL2024": "Vías primarias  - Avenidas primarias", "NOMENCLATU": "Calzada de los Leones", "NOTA2024": null, "NombreMate": "Calzada de los Leones", "ID": 17 }, "geometry": { "type": "MultiPolygon", "coordinates": [ [ [ [ 479464.225378945178818, 2141119.073820244055241 ], [ 479464.064210997079499, 2141118.114129476249218 ], [ 479447.205100376333576, 2141034.442061606794596 ], [ 479446.351903497881722, 2141031.647968753241003 ], [ 479420.85801533551421, 2140970.308899711351842 ], [ 479420.575758773717098, 2140969.671938881278038 ], [ 479389.913593286997639, 2140904.600839464459568 ], [ 479389.819419059378561, 2140904.404685756191611 ], [ 479354.738341072807088, 2140832.673107504379004 ], [ 479321.824787004035898, 2140761.685243467334658 ], [ 479321.770938226894941, 2140761.570377920754254 ], [ 479271.295366230013315, 2140655.074345412198454 ], [ 479227.451201862306334, 2140554.169577810447663 ], [ 479207.890875340090133, 2140506.625565316528082 ], [ 479169.015753114712425, 2140412.256506131030619 ], [ 479109.418760198808741, 2140257.336312470491976 ], [ 479116.344010656874161, 2140250.447860715910792 ], [ 479120.462175044871401, 2140246.359726860653609 ], [ 479123.234546619874891, 2140242.573102570138872 ], [ 479124.701097414770629, 2140238.115098932292312 ], [ 479124.718271219695453, 2140233.422096404246986 ], [ 479123.284386943036225, 2140228.953478771727532 ], [ 479120.539803168154322, 2140225.146665462758392 ], [ 479116.753178877639584, 2140222.374293887522072 ], [ 479112.295175240025856, 2140220.907743092626333 ], [ 479107.602172712038737, 2140220.890569287817925 ], [ 479103.133555079228245, 2140222.324453564360738 ], [ 479099.326741770200897, 2140225.069037339184433 ], [ 479095.203278663335368, 2140229.162431274075061 ], [ 479081.330170258414, 2140242.961811658926308 ], [ 479078.739249056379776, 2140246.41530947573483 ], [ 479077.239297307794914, 2140250.463724547997117 ], [ 479076.954574481002055, 2140254.771676817443222 ], [ 479077.908667672832962, 2140258.982285565230995 ], [ 479141.079469715361483, 2140423.192464758642018 ], [ 479141.210003875603434, 2140423.520228008273989 ], [ 479180.14841873885598, 2140518.042925492860377 ], [ 479199.763349110493436, 2140565.719660009257495 ], [ 479199.877807045530062, 2140565.990300592500716 ], [ 479243.878290348686278, 2140667.254827037453651 ], [ 479244.081124603864737, 2140667.70150800794363 ], [ 479294.634599151439033, 2140774.361903439741582 ], [ 479327.586810330976732, 2140845.433143028523773 ], [ 479327.720391911105253, 2140845.713604093994945 ], [ 479362.821914364874829, 2140917.486985904164612 ], [ 479393.289177674159873, 2140982.144464862067252 ], [ 479418.086040612135548, 2141041.806470049079508 ], [ 479434.559092216135468, 2141123.562520105857402 ], [ 479445.281958632811438, 2141203.139579584822059 ], [ 479446.628533258917741, 2141207.635278022382408 ], [ 479449.298449050635099, 2141211.494826873298734 ], [ 479453.030356047849637, 2141214.340426604729146 ], [ 479457.45894919190323, 2141215.893530088476837 ], [ 479462.150726930121891, 2141216.002108734566718 ], [ 479466.646425367915072, 2141214.655534108169377 ], [ 479470.505974218831398, 2141211.985618316568434 ], [ 479473.351573950203601, 2141208.25371131952852 ], [ 479474.9046774340095, 2141203.825118175242096 ], [ 479475.013256080041174, 2141199.133340436965227 ], [ 479464.225378945178818, 2141119.073820244055241 ] ] ] ] } },
{ "type": "Feature", "properties": { "CVEGEO": "090100001", "CVE_ENT": "09", "CVE_MUN": "010", "CVE_LOC": "0001", "CVEVIAL": "01351", "CVESEG": "00004", "NOMVIAL": "5 de Mayo", "TIPOVIAL": "Avenida", "SENTIDO": "Dos sentidos", "TIPOSEN": 2, "AMBITO": "Urbana", "MINUTES": 4.05969156924, "LENGTH": 2.8327646991603306, "VELOCIDAD": 3.0, "T_VIAL2024": "Vías primarias  - Avenidas primarias", "NOMENCLATU": "5 de Mayo", "NOTA2024": null, "NombreMate": "5 Mayo", "ID": 1 }, "geometry": { "type": "MultiPolygon", "coordinates": [ [ [ [ 477352.665694009978324, 2140763.363718235399574 ], [ 477319.380131154553965, 2140727.621307194698602 ], [ 477319.035622890631203, 2140727.263439437840134 ], [ 477305.745636376261245, 2140713.907925575971603 ], [ 477303.505635089124553, 2140711.658162156119943 ], [ 477291.697291086253244, 2140699.761815662961453 ], [ 477288.109733956458513, 2140697.093420200515538 ], [ 477265.386652811197564, 2140684.975492839235812 ], [ 477260.951183461176697, 2140683.442137266509235 ], [ 477256.258968502632342, 2140683.354464864358306 ], [ 477251.769314628327265, 2140684.721057618502527 ], [ 477247.921700440638233, 2140687.408143908716738 ], [ 477245.092757224279922, 2140691.152693006210029 ], [ 477243.559401651553344, 2140695.588162356521934 ], [ 477243.47172924951883, 2140700.280377314891666 ], [ 477244.83832200372126, 2140704.770031189080328 ], [ 477247.525408293760847, 2140708.617645376827568 ], [ 477251.269957391545177, 2140711.446588593069464 ], [ 477271.998168896243442, 2140722.500677593518049 ], [ 477282.221953228174243, 2140732.800655376631767 ], [ 477282.238221487146802, 2140732.817019682377577 ], [ 477284.481837643717881, 2140735.070412859786302 ], [ 477297.595098313933704, 2140748.248329516500235 ], [ 477333.056119679298718, 2140786.326772325672209 ], [ 477338.608524124952964, 2140790.088860581163317 ], [ 477544.991321358480491, 2140870.146074427291751 ], [ 477549.092078702000435, 2140875.901423374656588 ], [ 477549.165873573860154, 2140876.004075203556567 ], [ 477559.567887555982452, 2140890.34581371769309 ], [ 477562.633256335509941, 2140893.480743944179267 ], [ 477566.474181535537355, 2140895.5953519186005 ], [ 477577.466926885594148, 2140899.690257123671472 ], [ 477601.063555124390405, 2140909.815391974523664 ], [ 477614.536225004587322, 2140919.619878761004657 ], [ 477631.550120558415074, 2140933.461566193029284 ], [ 477646.21098469448043, 2140947.553079666569829 ], [ 477646.693519782274961, 2140948.016858557239175 ], [ 477648.543131148908287, 2140949.530484562274069 ], [ 477682.824031837459188, 2140973.290460121352226 ], [ 477709.548234655754641, 2140997.815542071592063 ], [ 477727.441316492797341, 2141017.559587756637484 ], [ 477753.931360975955613, 2141063.00338192190975 ], [ 477754.276969914790243, 2141063.686193123459816 ], [ 477796.929656398715451, 2141147.949748443439603 ], [ 477799.678051033173688, 2141151.753811350557953 ], [ 477803.467449745570775, 2141154.522389517631382 ], [ 477807.926919787656516, 2141155.984475223347545 ], [ 477811.759136952401605, 2141155.994661312550306 ], [ 477818.434664057858754, 2141174.705210649874061 ], [ 477818.516295010282192, 2141174.928407857660204 ], [ 477822.396459122886881, 2141185.282620423473418 ], [ 477823.590720277221408, 2141187.753896588925272 ], [ 477830.788592351309489, 2141199.71337808156386 ], [ 477833.646690524125006, 2141203.164332551881671 ], [ 477837.396579677064437, 2141205.617115310393274 ], [ 477863.49371364741819, 2141217.564542545005679 ], [ 477867.277050363773014, 2141218.722663035150617 ], [ 477887.224819529743399, 2141222.03974866354838 ], [ 477925.271066181594506, 2141228.374437181279063 ], [ 477958.698194638534915, 2141237.379753661807626 ], [ 478107.251709251024295, 2141280.014162047766149 ], [ 478120.065774245304056, 2141283.691277514677495 ], [ 478124.712270989024546, 2141284.264528207480907 ], [ 478204.814870408037677, 2141281.544352451339364 ], [ 478322.395374299318064, 2141280.639148165471852 ], [ 478322.811734373448417, 2141280.630161392502487 ], [ 478521.11666937667178, 2141273.594697196036577 ], [ 478521.373841496242676, 2141273.583362985868007 ], [ 478545.502092121925671, 2141272.312445288989693 ], [ 478659.085447597957682, 2141271.308039665222168 ], [ 478771.808449440693948, 2141270.436755425762385 ], [ 478771.826835406536702, 2141270.436602043453604 ], [ 478887.05329967639409, 2141269.404716046992689 ], [ 478888.02410312439315, 2141269.364551878999919 ], [ 479002.752948696957901, 2141260.888851665891707 ], [ 479033.812546110362746, 2141259.673774171154946 ], [ 479034.673393138626125, 2141259.615262088831514 ], [ 479117.846697148052044, 2141251.553028766997159 ], [ 479230.975141422182787, 2141243.338554163463414 ], [ 479231.766003536467906, 2141243.260018349159509 ], [ 479346.151008615328465, 2141228.831832563970238 ], [ 479461.796028648037463, 2141216.045608452055603 ], [ 479466.322529407450929, 2141214.806512595620006 ], [ 479470.244585773267318, 2141212.229296746663749 ], [ 479473.178279541898519, 2141208.566236750222743 ], [ 479474.836440326937009, 2141204.175898440182209 ], [ 479475.056755797762889, 2141199.48803871916607 ], [ 479473.817659940978047, 2141194.961537959985435 ], [ 479471.240444092371035, 2141191.039481594227254 ], [ 479467.577384095697198, 2141188.105787825305015 ], [ 479463.187045785482042, 2141186.447627040557563 ], [ 479458.499186064815149, 2141186.227311569731683 ], [ 479342.739682230574545, 2141199.026193516328931 ], [ 479342.51092250662623, 2141199.053265777416527 ], [ 479228.40603192668641, 2141213.446118749212474 ], [ 479115.493428587389644, 2141221.644920726306736 ], [ 479115.132536408724263, 2141221.675509944558144 ], [ 479032.208552707568742, 2141229.713575914502144 ], [ 479001.320585169654805, 2141230.921939104329795 ], [ 479000.801821862347424, 2141230.95123957330361 ], [ 478886.298599374596961, 2141239.410271671134979 ], [ 478771.567380584368948, 2141240.437722602393478 ], [ 478658.845221363997553, 2141241.309000329114497 ], [ 478658.828521078219637, 2141241.309138710144907 ], [ 478544.908410056727007, 2141242.316522227600217 ], [ 478544.252040641091298, 2141242.33670126227662 ], [ 478519.924363653175533, 2141243.618123429361731 ], [ 478321.956180962151848, 2141250.641640324611217 ], [ 478204.387060322333127, 2141251.546756975352764 ], [ 478203.993449548550416, 2141251.554953931365162 ], [ 478126.062631774053443, 2141254.201378925237805 ], [ 478115.527283620613161, 2141251.178162517026067 ], [ 477966.856284062669147, 2141208.510036307852715 ], [ 477966.620279001013841, 2141208.444384604226798 ], [ 477932.363397286564577, 2141199.215531402733177 ], [ 477930.925071402394678, 2141198.902837773319334 ], [ 477892.150460826000199, 2141192.446876883506775 ], [ 477874.166844421997666, 2141189.456407050602138 ], [ 477854.100943429511972, 2141180.270115089137107 ], [ 477850.005106149881613, 2141173.464757944922894 ], [ 477846.650246872392017, 2141164.51232060464099 ], [ 477839.887335480831098, 2141145.556845590472221 ], [ 477812.970100540085696, 2141065.538121787831187 ], [ 477812.75780464935815, 2141064.948120575863868 ], [ 477788.496527469775174, 2141001.704164891503751 ], [ 477785.919120543636382, 2140997.360002334695309 ], [ 477765.037328857579269, 2140972.801487172488123 ], [ 477763.414835549832787, 2140971.166359798517078 ], [ 477693.216644291824196, 2140910.533323064446449 ], [ 477691.752525135758333, 2140909.417921379674226 ], [ 477650.180095103918575, 2140881.604875540360808 ], [ 477648.070773644081783, 2140880.427698290906847 ], [ 477612.504887816961855, 2140864.184323342517018 ], [ 477611.698097137908917, 2140863.843950456008315 ], [ 477560.984566567232832, 2140844.171896448358893 ], [ 477560.026548917056061, 2140843.800326940603554 ], [ 477352.665694009978324, 2140763.363718235399574 ] ], [ [ 477762.988211831485387, 2141018.96981663769111 ], [ 477758.787685771821998, 2141011.763794701546431 ], [ 477761.40445861837361, 2141014.841311065480113 ], [ 477762.988211831485387, 2141018.96981663769111 ] ] ] ] } },
{ "type": "Feature", "properties": { "CVEGEO": "090100001", "CVE_ENT": "09", "CVE_MUN": "010", "CVE_LOC": "0001", "CVEVIAL": "04858", "CVESEG": "00001", "NOMVIAL": "San Jerónimo", "TIPOVIAL": "Avenida", "SENTIDO": "Un sentido", "TIPOSEN": 1, "AMBITO": "Urbana", "MINUTES": 3.3679673268800001, "LENGTH": 1.6191958273993254, "VELOCIDAD": 3.0, "T_VIAL2024": "Vías primarias - Ejes viales", "NOMENCLATU": "San Jeronimo", "NOTA2024": null, "NombreMate": "San Jerónimo Eje 10 Sur", "ID": 24 }, "geometry": { "type": "MultiPolygon", "coordinates": [ [ [ [ 479710.183850331290159, 2138113.793033709283918 ], [ 479690.921218767878599, 2138097.34858050942421 ], [ 479688.370993024727795, 2138095.591771293897182 ], [ 479600.14361047197599, 2138047.413976285606623 ], [ 479595.723530427028891, 2138045.836807916872203 ], [ 479591.032412668806501, 2138045.702711512800306 ], [ 479586.529456488380674, 2138047.024813364259899 ], [ 479582.65544261073228, 2138049.673696929588914 ], [ 479579.789586506027263, 2138053.390071029774845 ], [ 479578.212418137292843, 2138057.810151075012982 ], [ 479578.078321733337361, 2138062.501268832944334 ], [ 479579.400423584447708, 2138067.004225013311952 ], [ 479582.049307149834931, 2138070.878238891251385 ], [ 479585.765681250253692, 2138073.744094995781779 ], [ 479672.626789826666936, 2138121.175817009061575 ], [ 479692.831906358478591, 2138138.424866917543113 ], [ 479697.595997844357044, 2138141.167531633749604 ], [ 479704.009338384028524, 2138143.422297745011747 ], [ 479708.625710230786353, 2138144.267092773225158 ], [ 479713.277196777751669, 2138143.644003236666322 ], [ 479717.508478112984449, 2138141.614021481014788 ], [ 479720.905366938211955, 2138138.375856263563037 ], [ 479723.135352107812651, 2138134.246481757611036 ], [ 479723.980147136142477, 2138129.630109910853207 ], [ 479723.357057599758264, 2138124.978623363655061 ], [ 479721.327075843815692, 2138120.747342028655112 ], [ 479718.088910626247525, 2138117.350453203078359 ], [ 479713.959536120295525, 2138115.120468033477664 ], [ 479710.183850331290159, 2138113.793033709283918 ] ] ], [ [ [ 478092.270024177443702, 2137530.368519670795649 ], [ 478091.427123714704067, 2137530.033677729777992 ], [ 478035.676275003352202, 2137509.815849384758621 ], [ 478011.855715933430474, 2137499.999303163494915 ], [ 478011.617512912722304, 2137499.903515222948045 ], [ 477992.614564468851313, 2137492.450195482000709 ], [ 477992.598117046174593, 2137492.443755659274757 ], [ 477940.978805499209557, 2137472.267777273897082 ], [ 477940.420702109928243, 2137472.062295076902956 ], [ 477893.434579871944152, 2137455.813243791926652 ], [ 477888.813939397747163, 2137454.992116959299892 ], [ 477884.165707019448746, 2137455.63903536554426 ], [ 477879.944884108437691, 2137457.690674130339175 ], [ 477876.564634219394065, 2137460.946204556617886 ], [ 477874.355839763127733, 2137465.086952643003315 ], [ 477873.534712930500973, 2137469.707593117374927 ], [ 477874.181631337036379, 2137474.355825495440513 ], [ 477876.233270101831295, 2137478.576648406684399 ], [ 477879.488800527877174, 2137481.956898295786232 ], [ 477883.629548614495434, 2137484.165692751761526 ], [ 477930.33458198729204, 2137500.31753602810204 ], [ 477981.668653406843077, 2137520.382025157101452 ], [ 478000.543868623033632, 2137527.785245483741164 ], [ 478024.543961638293695, 2137537.675778351258487 ], [ 478025.145420248736627, 2137537.908644564915448 ], [ 478080.772987928008661, 2137558.081765523180366 ], [ 478142.574029173818417, 2137584.82276172703132 ], [ 478144.837848179566208, 2137588.092005870770663 ], [ 478144.871034021081869, 2137588.139732614159584 ], [ 478161.335083953104913, 2137611.720152786001563 ], [ 478164.146453466732055, 2137614.751456189900637 ], [ 478167.678557222418021, 2137616.900139956735075 ], [ 478189.340526152111124, 2137626.270616756286472 ], [ 478190.631920139130671, 2137626.759979034774005 ], [ 478221.683301108365413, 2137636.918313814327121 ], [ 478223.198598098999355, 2137637.327632071916014 ], [ 478247.349286974815186, 2137642.51263285567984 ], [ 478248.685686085780617, 2137642.73694525891915 ], [ 478374.063628392585088, 2137657.996535053476691 ], [ 478411.239908264775295, 2137668.577583726961166 ], [ 478414.810731629375368, 2137669.140997948125005 ], [ 478418.412649948673788, 2137668.83375292038545 ], [ 478456.162286328151822, 2137660.949844665825367 ], [ 478467.873429878556635, 2137663.540659903082997 ], [ 478475.517678953299765, 2137665.231916376389563 ], [ 478475.566820964217186, 2137665.242702413816005 ], [ 478516.632547591463663, 2137674.183938646223396 ], [ 478518.417677598714363, 2137674.461279177572578 ], [ 478546.287780273531098, 2137677.085288963280618 ], [ 478546.34773169370601, 2137677.093755694571882 ], [ 478560.540341452870052, 2137679.368503260891885 ], [ 478709.332868545723613, 2137703.264375964179635 ], [ 478709.574906198889948, 2137703.301223273854703 ], [ 478787.172755625215359, 2137714.467397739179432 ], [ 478895.358959988341667, 2137730.001550577115268 ], [ 478897.201860158413183, 2137730.151044382713735 ], [ 478908.190785365062766, 2137730.362834617029876 ], [ 478911.252582279150374, 2137730.107120038941503 ], [ 478955.920169289805926, 2137721.705515208654106 ], [ 478966.693889775662683, 2137720.737608747091144 ], [ 478997.76349886279786, 2137725.831517785787582 ], [ 479002.456463726586662, 2137725.856982551980764 ], [ 479006.927607586607337, 2137724.430995086673647 ], [ 479010.739263729483355, 2137721.69314097892493 ], [ 479013.518320694565773, 2137717.911420464050025 ], [ 479014.9927450233954, 2137713.456014695111662 ], [ 479015.018209789646789, 2137708.763049831613898 ], [ 479013.592222324572504, 2137704.291905971709639 ], [ 479010.854368216765579, 2137700.480249828658998 ], [ 479007.072647702007089, 2137697.701192863751203 ], [ 479002.617241933068726, 2137696.226768534630537 ], [ 478969.671812569664326, 2137690.825315946247429 ], [ 478965.902753034548368, 2137690.687860205769539 ], [ 478952.515730444982182, 2137691.890544616151601 ], [ 478951.085163779964205, 2137692.088874666020274 ], [ 478907.22480765520595, 2137700.338646022137254 ], [ 478898.706010300898924, 2137700.174462714698166 ], [ 478791.443422021460719, 2137684.772930009290576 ], [ 478713.969002754427493, 2137673.624516895506531 ], [ 478565.295021965110209, 2137649.747682563494891 ], [ 478550.957501677970868, 2137647.449708439409733 ], [ 478550.68122863402823, 2137647.408063496928662 ], [ 478550.138125912402757, 2137647.331362980417907 ], [ 478549.446595766756218, 2137647.250021952670068 ], [ 478522.130714457831345, 2137644.678192896768451 ], [ 478481.973767228832003, 2137635.934825104661286 ], [ 478474.353952375182416, 2137634.248974595218897 ], [ 478461.270267120853532, 2137631.354516765568405 ], [ 478325.170352780085523, 2137564.055754424072802 ], [ 478320.969112413935363, 2137562.702743175905198 ], [ 478316.555959104676731, 2137562.631063880864531 ], [ 478235.028995070897508, 2137573.407428801059723 ], [ 478208.712754724023398, 2137572.716181955765933 ], [ 478182.541630308958702, 2137565.496069354470819 ], [ 478157.462547021219507, 2137558.57699271151796 ], [ 478092.270024177443702, 2137530.368519670795649 ] ], [ [ 478398.390322768944316, 2137633.728902796283364 ], [ 478381.147168775263708, 2137628.821186039596796 ], [ 478378.8532305227709, 2137628.358093025628477 ], [ 478252.983472395688295, 2137613.038644953165203 ], [ 478230.264282819291111, 2137608.160978052765131 ], [ 478214.083841012907214, 2137602.867611393332481 ], [ 478235.425911468046252, 2137603.428202065639198 ], [ 478237.78540630149655, 2137603.304026720579714 ], [ 478315.963308241742197, 2137592.970346201676875 ], [ 478398.390322768944316, 2137633.728902796283364 ] ] ] ] } },
{ "type": "Feature", "properties": { "CVEGEO": "090100001", "CVE_ENT": "09", "CVE_MUN": "010", "CVE_LOC": "0001", "CVEVIAL": "06004", "CVESEG": "00003", "NOMVIAL": "Centenario Oriente", "TIPOVIAL": "Avenida", "SENTIDO": "Un sentido", "TIPOSEN": 1, "AMBITO": "Urbana", "MINUTES": 0.71710245222000002, "LENGTH": 0.40516376055688574, "VELOCIDAD": 3.0, "T_VIAL2024": "Vías primarias  - Avenidas primarias", "NOMENCLATU": "Av Centenario", "NOTA2024": null, "NombreMate": "Av Centenario", "ID": 6 }, "geometry": { "type": "MultiPolygon", "coordinates": [ [ [ [ 473640.085354194743559, 2139153.319226338993758 ], [ 473637.831605520041194, 2139160.256481864955276 ], [ 473636.380538822326344, 2139162.487179847434163 ], [ 473634.291761416359805, 2139165.528611892834306 ], [ 473631.513493528123945, 2139168.114107759669423 ], [ 473625.846754863741808, 2139170.624779286328703 ], [ 473597.993735538970213, 2139178.049571147654206 ], [ 473548.164948542427737, 2139188.797584272455424 ], [ 473539.878893917717505, 2139189.487215754110366 ], [ 473518.32176596892532, 2139188.641680728644133 ], [ 473513.66129895998165, 2139189.19360003946349 ], [ 473509.39948388870107, 2139191.158670003991574 ], [ 473505.953496908128727, 2139194.344535882584751 ], [ 473503.660655233426951, 2139198.439342926256359 ], [ 473502.745398183003999, 2139203.042262890376151 ], [ 473503.297317493823357, 2139207.702729899436235 ], [ 473505.262387458351441, 2139211.964544970542192 ], [ 473508.448253337002825, 2139215.410531951114535 ], [ 473512.543060380325187, 2139217.703373625874519 ], [ 473517.145980344736017, 2139218.618630676530302 ], [ 473539.620342465990689, 2139219.500142369419336 ], [ 473541.452353283646517, 2139219.459984036162496 ], [ 473551.621748475881759, 2139218.613605947699398 ], [ 473553.540375050564762, 2139218.328066899441183 ], [ 473604.671701440645847, 2139207.299097497016191 ], [ 473605.372594618995208, 2139207.130191135685891 ], [ 473634.710861767292954, 2139199.3094760957174 ], [ 473636.923373978061136, 2139198.529845695011318 ], [ 473645.966400790726766, 2139194.523296023719013 ], [ 473650.109057043038774, 2139191.789765525609255 ], [ 473655.939524412795436, 2139186.363849129527807 ], [ 473658.085534528130665, 2139183.874977052211761 ], [ 473661.216615932236891, 2139179.315864486154169 ], [ 473661.42558634764282, 2139179.00326132401824 ], [ 473664.059352029988077, 2139174.954422078095376 ], [ 473665.751595702487975, 2139171.409879630431533 ], [ 473668.944565797457471, 2139161.581610097084194 ], [ 473669.454165011818986, 2139159.531635765917599 ], [ 473673.440924892376643, 2139136.741188105195761 ], [ 473673.516475988610182, 2139132.04876232566312 ], [ 473672.138290040253196, 2139127.562653637491167 ], [ 473669.441273490199819, 2139123.721993616782129 ], [ 473665.68942910968326, 2139120.902732825372368 ], [ 473661.250013567216229, 2139119.380840152036399 ], [ 473656.557587787392549, 2139119.305289055686444 ], [ 473652.07147909962805, 2139120.68347500404343 ], [ 473648.230819078744389, 2139123.38049155427143 ], [ 473645.41155828704359, 2139127.132335934787989 ], [ 473643.889665613824036, 2139131.571751477196813 ], [ 473640.085354194743559, 2139153.319226338993758 ] ] ], [ [ [ 473394.92728670022916, 2139172.479461323935539 ], [ 473397.751357049914077, 2139170.05584946507588 ], [ 473399.891865972371306, 2139167.011594329029322 ], [ 473407.246627860760782, 2139153.171377050690353 ], [ 473408.787389831210021, 2139148.653375818394125 ], [ 473410.775335968297441, 2139136.99297039071098 ], [ 473410.988538679317571, 2139134.404791454784572 ], [ 473410.944298735877965, 2139124.537202280946076 ], [ 473409.70483231759863, 2139118.63353376975283 ], [ 473404.023090957780369, 2139105.539578469004482 ], [ 473401.600492926605511, 2139101.689364580903202 ], [ 473392.795770463126246, 2139091.524951005820185 ], [ 473389.316378748626448, 2139088.569320684764534 ], [ 473377.54772269341629, 2139081.330967003013939 ], [ 473373.637326048745308, 2139079.636609083041549 ], [ 473360.67162786325207, 2139076.099320397246629 ], [ 473357.152220837888308, 2139075.576564957387745 ], [ 473353.608699469012208, 2139075.89743154682219 ], [ 473337.183234698022716, 2139079.384392155334353 ], [ 473332.85433032840956, 2139081.034755662549287 ], [ 473316.228161150531378, 2139090.538391482550651 ], [ 473312.160072441503871, 2139093.944614655803889 ], [ 473306.568000530125573, 2139100.638945370446891 ], [ 473304.462541038927156, 2139103.965150187257677 ], [ 473300.602509808493778, 2139112.321542929857969 ], [ 473299.405502208101097, 2139116.259360584430397 ], [ 473297.714973613386974, 2139126.905574243050069 ], [ 473297.657420927600469, 2139127.302147723268718 ], [ 473296.006254259904381, 2139139.857483653817326 ], [ 473295.993743899452966, 2139139.95508680306375 ], [ 473294.850142833194695, 2139149.115384026896209 ], [ 473291.300716971280053, 2139162.172064397949725 ], [ 473284.568958437594119, 2139182.141520342323929 ], [ 473283.783956730505452, 2139186.768435079604387 ], [ 473284.467171026975848, 2139191.411471358966082 ], [ 473286.551723551587202, 2139195.616136439610273 ], [ 473289.833563779131509, 2139198.97084840759635 ], [ 473293.991442322381772, 2139201.147224681917578 ], [ 473298.618357059720438, 2139201.932226389180869 ], [ 473303.261393339198548, 2139201.249012092594057 ], [ 473307.466058419726323, 2139199.164459567982703 ], [ 473310.820770387654193, 2139195.882619340438396 ], [ 473312.997146661917213, 2139191.724740797188133 ], [ 473319.871992095664609, 2139171.330824062693864 ], [ 473320.132583050464746, 2139170.474120722617954 ], [ 473324.077843872772064, 2139155.961348364129663 ], [ 473324.487613976700231, 2139153.88466489315033 ], [ 473325.756559133587871, 2139143.720355728641152 ], [ 473327.375183076248504, 2139131.412472010590136 ], [ 473328.708477678475901, 2139123.015962629113346 ], [ 473330.864714493742213, 2139118.348031050525606 ], [ 473333.45591588167008, 2139115.246075404342264 ], [ 473345.70652889017947, 2139108.243538418319076 ], [ 473356.282635823881719, 2139105.998337519355118 ], [ 473363.66455454682, 2139108.012265130877495 ], [ 473371.632357921393123, 2139112.912890879902989 ], [ 473377.418301020632498, 2139119.592342597432435 ], [ 473380.95840471656993, 2139127.750749785918742 ], [ 473380.982996786944568, 2139133.235938700381666 ], [ 473379.620394757832401, 2139141.228354490362108 ], [ 473375.187972348125186, 2139149.569302865304053 ], [ 473368.694370489334688, 2139153.869004658889025 ], [ 473365.234873460838571, 2139157.040194967761636 ], [ 473362.924647966807242, 2139161.12521954998374 ], [ 473361.989834974752739, 2139165.7242077360861 ], [ 473362.521940493606962, 2139170.386978520080447 ], [ 473364.468878327868879, 2139174.657107410021126 ], [ 473367.640068637090735, 2139178.116604438517243 ], [ 473371.725093218847178, 2139180.426829932257533 ], [ 473376.324081405065954, 2139181.361642924603075 ], [ 473380.986852189060301, 2139180.829537405632436 ], [ 473385.25698107900098, 2139178.882599571254104 ], [ 473394.92728670022916, 2139172.479461323935539 ] ] ] ] } },
{ "type": "Feature", "properties": { "CVEGEO": "090100001", "CVE_ENT": "09", "CVE_MUN": "010", "CVE_LOC": "0001", "CVEVIAL": "03732", "CVESEG": "00001", "NOMVIAL": "Paseo del Pedregal", "TIPOVIAL": "Avenida", "SENTIDO": "Dos sentidos", "TIPOSEN": 2, "AMBITO": "Urbana", "MINUTES": 0.88026140895000005, "LENGTH": 3.1835331770301809, "VELOCIDAD": 3.0, "T_VIAL2024": "Vías primarias  - Avenidas primarias", "NOMENCLATU": "Paseo del Pedregal", "NOTA2024": null, "NombreMate": "Paseo del Pedregal", "ID": 20 }, "geometry": { "type": "MultiPolygon", "coordinates": [ [ [ [ 478388.459714431606699, 2134787.230412984732538 ], [ 478382.44137708080234, 2134816.570270291995257 ], [ 478381.88300990674179, 2134819.288866857066751 ], [ 478381.778207774448674, 2134819.853834573179483 ], [ 478381.365590141504072, 2134822.343156708404422 ], [ 478380.048274476372171, 2134830.236500461120158 ], [ 478380.079927368089557, 2134835.357585322111845 ], [ 478382.612729739048518, 2134849.458299064077437 ], [ 478384.165318772720639, 2134853.910347535740584 ], [ 478388.128697758656926, 2134861.281005301512778 ], [ 478390.264405822032131, 2134865.254570757038891 ], [ 478391.276856172073167, 2134866.8800651980564 ], [ 478393.000771138584241, 2134869.290056554134935 ], [ 478466.161915923352353, 2134972.108209921512753 ], [ 478469.527949484006967, 2134976.879266240634024 ], [ 478469.561821319512092, 2134976.927078067325056 ], [ 478510.18216060200939, 2135034.028000487014651 ], [ 478510.219469376432244, 2135034.080209481995553 ], [ 478513.238506143214181, 2135038.285929950885475 ], [ 478513.37892528536031, 2135038.4783008210361 ], [ 478517.00082227535313, 2135043.358380053658038 ], [ 478577.504534401698038, 2135125.563860256224871 ], [ 478580.270870236679912, 2135129.372624331619591 ], [ 478583.372503452352248, 2135134.944782037287951 ], [ 478621.083548884780612, 2135202.887880501337349 ], [ 478656.332142991537694, 2135290.683077854570001 ], [ 478657.755857374228071, 2135300.65120200952515 ], [ 478659.959887096600141, 2135317.174289340153337 ], [ 478660.06767706834944, 2135317.860665913205594 ], [ 478660.374912328203209, 2135319.559357158374041 ], [ 478684.501103771617636, 2135464.574654313735664 ], [ 478684.510951127565932, 2135464.633129611611366 ], [ 478685.505411339632701, 2135470.46795365260914 ], [ 478685.888769186101854, 2135472.956797844730318 ], [ 478712.085702794545796, 2135666.160450589843094 ], [ 478713.181742049229797, 2135674.221566230524331 ], [ 478713.407126278791111, 2135675.908524009864777 ], [ 478737.540371696813963, 2135867.052212588023394 ], [ 478739.50619266286958, 2135882.508769541513175 ], [ 478739.548424800275825, 2135882.815497346222401 ], [ 478740.631902614200953, 2135890.125528801698238 ], [ 478740.636182179674506, 2135890.154211067128927 ], [ 478741.138225199654698, 2135893.496834696270525 ], [ 478753.990049303043634, 2135978.889092611148953 ], [ 478754.111186237540096, 2135979.582877628970891 ], [ 478774.342775819706731, 2136081.299755501095206 ], [ 478774.611018187599257, 2136082.657316835597157 ], [ 478775.6685881720623, 2136088.122837932780385 ], [ 478775.707352247321978, 2136088.316337341908365 ], [ 478777.225864343170542, 2136095.645662869792432 ], [ 478777.231499235378578, 2136095.672734884079546 ], [ 478778.944242079334799, 2136103.863506440073252 ], [ 478804.876266541949008, 2136227.98546632565558 ], [ 478822.030797335319221, 2136315.693602371960878 ], [ 478823.130562144913711, 2136321.319671877194196 ], [ 478823.135876560409088, 2136321.346726758405566 ], [ 478824.149757442995906, 2136326.483275392092764 ], [ 478824.604647879838012, 2136328.228157304227352 ], [ 478832.51047919690609, 2136352.476674798876047 ], [ 478871.216728930128738, 2136471.24567145947367 ], [ 478871.794597590225749, 2136472.742042783182114 ], [ 478923.235052346833982, 2136587.306062372867018 ], [ 478923.250511621823534, 2136587.340376751497388 ], [ 478973.021380015299655, 2136697.445880708284676 ], [ 478979.906082688365132, 2136713.114711937960237 ], [ 478980.687045028374996, 2136714.647002718411386 ], [ 479010.710390807129443, 2136766.040210154373199 ], [ 479010.907432392472401, 2136766.367841878905892 ], [ 479032.524404962605331, 2136801.295857457909733 ], [ 479046.224963954766281, 2136824.197069831658155 ], [ 479057.638528759591281, 2136843.602771315257996 ], [ 479061.987535943102557, 2136854.702332619577646 ], [ 479066.165938971564174, 2136866.770627798978239 ], [ 479066.233521936752368, 2136866.961641996633261 ], [ 479071.902985700580757, 2136882.647887557279319 ], [ 479071.970994392875582, 2136882.832266326993704 ], [ 479080.902256853878498, 2136906.565847497433424 ], [ 479088.818519527092576, 2136930.310279071796685 ], [ 479089.056429292540997, 2136930.971792654134333 ], [ 479095.245113930024672, 2136946.990504147019237 ], [ 479095.31111369561404, 2136947.158329052384943 ], [ 479102.496848579146899, 2136965.112652977462858 ], [ 479108.368016898224596, 2136980.24444481683895 ], [ 479109.118055821920279, 2136981.879368644207716 ], [ 479135.823910757841077, 2137031.934430718421936 ], [ 479135.954936529276893, 2137032.174709666986018 ], [ 479160.861171465017833, 2137076.873460191767663 ], [ 479169.379929625894874, 2137096.549263284076005 ], [ 479173.976178092416376, 2137131.037162539549172 ], [ 479169.591061284241732, 2137151.028299559373409 ], [ 479164.836044243129436, 2137170.172482070978731 ], [ 479154.651950699277222, 2137187.599773609079421 ], [ 479138.321269199193921, 2137207.738979523070157 ], [ 479136.784589653369039, 2137209.597365249413997 ], [ 479136.771851149445865, 2137209.612791514024138 ], [ 479128.444170873553958, 2137219.711279486771673 ], [ 478973.874821717035957, 2137385.3621561457403 ], [ 478971.15132067957893, 2137389.46632583392784 ], [ 478961.78163585125003, 2137410.394891469273716 ], [ 478960.613532661576755, 2137414.470063594169915 ], [ 478957.122861326322891, 2137439.720662005711347 ], [ 478956.981554565776605, 2137441.779203090351075 ], [ 478956.989203809003811, 2137467.513512259349227 ], [ 478957.104299661703408, 2137469.363682544324547 ], [ 478964.87591928843176, 2137531.737244083546102 ], [ 478976.35043757193489, 2137623.574467602185905 ], [ 478977.441122931661084, 2137633.268489692825824 ], [ 478983.929433847777545, 2137697.97732278238982 ], [ 478985.253150453558192, 2137712.400077269878238 ], [ 478986.407871972594876, 2137716.948833790142089 ], [ 478988.911720465810504, 2137720.918129746802151 ], [ 478992.519601797393989, 2137723.919422795530409 ], [ 478996.878351404971909, 2137725.658925461582839 ], [ 479001.561304507777095, 2137725.966363104525954 ], [ 479006.110061028040946, 2137724.811641585547477 ], [ 479010.079356984468177, 2137722.307793092448264 ], [ 479013.080650033254642, 2137718.699911760631949 ], [ 479014.820152699481696, 2137714.341162153054029 ], [ 479015.127590342308395, 2137709.658209050539881 ], [ 479013.798107571259607, 2137695.172628437168896 ], [ 479013.78604695975082, 2137695.047026917804033 ], [ 479007.282383967773058, 2137630.185085426550359 ], [ 479007.263175948930439, 2137630.004535660147667 ], [ 479006.152059535437729, 2137620.128922164905816 ], [ 479006.130378754925914, 2137619.946305786725134 ], [ 478994.645410187833477, 2137528.025449622422457 ], [ 478986.988926453224849, 2137466.5759471594356 ], [ 478986.9818606278277, 2137442.804427499882877 ], [ 478990.037714653473813, 2137420.699183151125908 ], [ 478997.51231007091701, 2137404.003577732481062 ], [ 479150.691672570945229, 2137239.842339927796274 ], [ 479151.29719272692455, 2137239.152223867829889 ], [ 479159.910704082751181, 2137228.707125359214842 ], [ 479161.486782649939414, 2137226.801092367153615 ], [ 479161.577797284873668, 2137226.689944166690111 ], [ 479178.675468669738621, 2137205.604876487515867 ], [ 479179.975385665427893, 2137203.725429777055979 ], [ 479191.825009976397268, 2137183.44803772540763 ], [ 479193.4318806300289, 2137179.495721348095685 ], [ 479198.756161827244796, 2137158.05962341139093 ], [ 479198.850142846116796, 2137157.657684972509742 ], [ 479203.845115470874589, 2137134.886300190817565 ], [ 479204.062001406564377, 2137129.690865288954228 ], [ 479198.841704459511675, 2137090.52042519999668 ], [ 479197.738393548876047, 2137086.542236306704581 ], [ 479188.094092733750585, 2137064.266763729974627 ], [ 479187.432054329372477, 2137062.925378591753542 ], [ 479162.227925308456179, 2137017.692003165371716 ], [ 479136.010608921060339, 2136968.552613981533796 ], [ 479130.436660295643378, 2136954.186847963370383 ], [ 479130.378484512271825, 2136954.039231118746102 ], [ 479123.196775676566176, 2136936.094966703094542 ], [ 479117.167294184037019, 2136920.488334577064961 ], [ 479109.271807750861626, 2136896.806220289319754 ], [ 479109.080686143948697, 2136896.26740761147812 ], [ 479100.083336179493926, 2136872.358208141289651 ], [ 479094.481709389481694, 2136856.859653599560261 ], [ 479090.237990429159254, 2136844.602709325961769 ], [ 479090.029738253040705, 2136844.038118680007756 ], [ 479085.137097540718969, 2136831.551092737354338 ], [ 479084.100356901704799, 2136829.41877001337707 ], [ 479072.055514069390483, 2136808.939749793149531 ], [ 479071.998392487235833, 2136808.843454112298787 ], [ 479058.211056718486361, 2136785.797189745586365 ], [ 479058.093528601515573, 2136785.604054004419595 ], [ 479036.517672828340437, 2136750.742473635822535 ], [ 479007.025234872475266, 2136700.258060845080763 ], [ 479000.455203359189909, 2136685.30538680171594 ], [ 479000.390808903437573, 2136685.160905417520553 ], [ 478950.59511351166293, 2136575.000477983616292 ], [ 478899.491363413166255, 2136461.186339770909399 ], [ 478861.033695354883093, 2136343.180108718574047 ], [ 478853.406971423421055, 2136319.787660251837224 ], [ 478852.570670832647011, 2136315.550773325376213 ], [ 478851.473398414556868, 2136309.937454153317958 ], [ 478834.299964283476584, 2136222.132668186444789 ], [ 478834.261865454434883, 2136221.944289999548346 ], [ 478808.309919700201135, 2136097.726978138554841 ], [ 478806.599200973636471, 2136089.545885303989053 ], [ 478805.103512338886503, 2136082.326720621436834 ], [ 478804.059071156196296, 2136076.929049164522439 ], [ 478804.047723188763484, 2136076.871016392018646 ], [ 478803.771917610894889, 2136075.475178026594222 ], [ 478803.768241880286951, 2136075.456636775285006 ], [ 478783.603522971388884, 2135974.075959678273648 ], [ 478770.805132900946774, 2135889.038741765078157 ], [ 478770.30558024457423, 2135885.712699082214385 ], [ 478769.246927330212202, 2135878.570156794041395 ], [ 478767.303223131282721, 2135863.287545098457485 ], [ 478743.164047215483151, 2135672.096884917467833 ], [ 478743.150083841232117, 2135671.989415483083576 ], [ 478742.915219360904302, 2135670.231499842833728 ], [ 478742.910570440522861, 2135670.197008453775197 ], [ 478741.813298908062279, 2135662.126837210264057 ], [ 478715.598536453850102, 2135468.791695864871144 ], [ 478715.559717922762502, 2135468.523610878735781 ], [ 478715.137490269436967, 2135465.782415276858956 ], [ 478715.099098498583771, 2135465.545753747224808 ], [ 478714.089478158392012, 2135459.621980265248567 ], [ 478689.95083230372984, 2135314.531823380850255 ], [ 478689.914728524920065, 2135314.323863165918738 ], [ 478689.650555015890859, 2135312.863258588127792 ], [ 478687.483288171992172, 2135296.615773825906217 ], [ 478687.464287506358232, 2135296.478193317074329 ], [ 478685.775106355897151, 2135284.651405842509121 ], [ 478684.845804012555163, 2135281.183588704559952 ], [ 478648.574041783227585, 2135190.839942270889878 ], [ 478647.769274619466159, 2135189.149173960555345 ], [ 478609.598549228918273, 2135120.377880990039557 ], [ 478609.589686488558073, 2135120.361936058383435 ], [ 478606.044468088075519, 2135113.992867037653923 ], [ 478605.07470295013627, 2135112.473359159659594 ], [ 478601.749897946545389, 2135107.895680015906692 ], [ 478601.693950148299336, 2135107.819159293081611 ], [ 478541.144391683512367, 2135025.551388362888247 ], [ 478541.108792377577629, 2135025.503221852704883 ], [ 478537.540020836051553, 2135020.694722899235785 ], [ 478534.609140246990137, 2135016.611809891648591 ], [ 478494.024382108065765, 2134959.560904684010893 ], [ 478490.657829996256623, 2134954.789113364182413 ], [ 478490.622915223357268, 2134954.739835643209517 ], [ 478417.433424917340744, 2134851.881846456322819 ], [ 478417.411709968931973, 2134851.851409390103072 ], [ 478416.235130592132919, 2134850.206579927820712 ], [ 478414.552986375580076, 2134847.076887127012014 ], [ 478411.718137380667031, 2134841.804945155512542 ], [ 478410.066807622904889, 2134832.611599289346486 ], [ 478410.957701052248012, 2134827.273373782169074 ], [ 478410.960417726892047, 2134827.257039972580969 ], [ 478411.327399688656442, 2134825.043037836439908 ], [ 478411.828335162310395, 2134822.604066634085029 ], [ 478417.848002122424077, 2134793.257729757577181 ], [ 478420.135071337630507, 2134782.101025610696524 ], [ 478420.346722051152028, 2134777.412766696885228 ], [ 478419.09926216310123, 2134772.888563839253038 ], [ 478416.514801738783717, 2134768.971277535893023 ], [ 478412.846325771592092, 2134766.044359063263983 ], [ 478408.452930248924531, 2134764.394315594807267 ], [ 478403.764671335171442, 2134764.182664880994707 ], [ 478399.240468477772083, 2134765.430124768987298 ], [ 478395.323182174412068, 2134768.014585193712264 ], [ 478392.396263701841235, 2134771.683061160612851 ], [ 478390.746220233093482, 2134776.076456683222204 ], [ 478388.459714431606699, 2134787.230412984732538 ] ] ] ] } },
{ "type": "Feature", "properties": { "CVEGEO": "090100001", "CVE_ENT": "09", "CVE_MUN": "010", "CVE_LOC": "0001", "CVEVIAL": "00001", "CVESEG": "00001", "NOMVIAL": "Interior (Avenida Río Mixcoac)", "TIPOVIAL": "Circuito", "SENTIDO": "Dos sentidos", "TIPOSEN": 2, "AMBITO": "Urbana", "MINUTES": 9.8427973510199998, "LENGTH": 0.99324410220594594, "VELOCIDAD": 3.0, "T_VIAL2024": "Vías de acceso controlado - anular", "NOMENCLATU": "Río Mixcoac", "NOTA2024": null, "NombreMate": "Río Mixcoac", "ID": 25 }, "geometry": { "type": "MultiPolygon", "coordinates": [ [ [ [ 481325.206927286810242, 2141270.181366764008999 ], [ 481325.226288356177974, 2141270.16161525528878 ], [ 481332.057275934959762, 2141263.180008394178003 ], [ 481336.678282103559468, 2141258.468336724676192 ], [ 481343.359815726405941, 2141251.669933043885976 ], [ 481343.382098942762241, 2141251.647211897652596 ], [ 481344.562128063349519, 2141250.441435752436519 ], [ 481344.70678956998745, 2141250.291549891233444 ], [ 481402.234967801778112, 2141189.851474127732217 ], [ 481402.357655508501921, 2141189.72102587018162 ], [ 481447.478763498656917, 2141141.168296466581523 ], [ 481451.674092981091235, 2141136.653905639890581 ], [ 481454.528543250926305, 2141133.810637808870524 ], [ 481520.941275511635467, 2141067.656018290203065 ], [ 481556.892419127631001, 2141031.84464089339599 ], [ 481621.078647244081367, 2140967.907856176607311 ], [ 481652.845018780673854, 2140936.256357091479003 ], [ 481653.004959594109096, 2140936.094559083227068 ], [ 481667.870967607945204, 2140920.826051789335907 ], [ 481667.937730233243201, 2140920.75704101100564 ], [ 481683.859967896074522, 2140904.19287732290104 ], [ 481684.647889479005244, 2140903.305447781924158 ], [ 481739.989384266606066, 2140835.772665884811431 ], [ 481768.616090021911077, 2140800.839692868292332 ], [ 481813.280219826090615, 2140747.761433842591941 ], [ 481832.475932810513768, 2140729.22944355988875 ], [ 481854.688413950963877, 2140712.216126459650695 ], [ 481975.175209858978633, 2140635.261678191833198 ], [ 481978.686488471808843, 2140632.147919985000044 ], [ 481981.063708674686495, 2140628.10151518881321 ], [ 481982.074171591259073, 2140623.518554097507149 ], [ 481981.618966070818715, 2140618.847648874856532 ], [ 481979.742650801374111, 2140614.546020267065614 ], [ 481976.628892594540957, 2140611.034741654526442 ], [ 481972.58248779841233, 2140608.657521451357752 ], [ 481967.999526707455516, 2140607.647058534901589 ], [ 481963.328621484572068, 2140608.102264055516571 ], [ 481959.026992877072189, 2140609.978579324670136 ], [ 481838.001124894537497, 2140687.277330831158906 ], [ 481836.954248564550653, 2140688.010579130612314 ], [ 481813.55334423459135, 2140705.93415116565302 ], [ 481812.255935530934948, 2140707.050924309529364 ], [ 481791.884668635495473, 2140726.717821833211929 ], [ 481790.825841731973924, 2140727.851533753331751 ], [ 481745.598769436008297, 2140781.598786164075136 ], [ 481745.473988307348918, 2140781.749049453530461 ], [ 481716.785385656578001, 2140816.757554827723652 ], [ 481661.820289946452249, 2140883.831019951496273 ], [ 481646.342850159795489, 2140899.932453149929643 ], [ 481631.589690795226488, 2140915.085056401323527 ], [ 481599.906062874302734, 2140946.654111279640347 ], [ 481535.720563527545892, 2141010.590170058887452 ], [ 481499.769421244796831, 2141046.401546127628535 ], [ 481433.356934422685299, 2141112.555921164341271 ], [ 481430.29754093370866, 2141115.60332933999598 ], [ 481429.895524564024527, 2141116.019524192903191 ], [ 481425.50319196737837, 2141120.745900528039783 ], [ 481380.443028966314159, 2141169.233049858827144 ], [ 481323.048394289799035, 2141229.532822507433593 ], [ 481321.952345893718302, 2141230.652785554993898 ], [ 481315.276473143545445, 2141237.445429346058518 ], [ 481315.265493396203965, 2141237.456612826324999 ], [ 481310.632753466547001, 2141242.180248476564884 ], [ 481310.620267448830418, 2141242.192994629498571 ], [ 481303.792712057940662, 2141249.17109362501651 ], [ 481250.055033067823388, 2141303.891448809765279 ], [ 481247.331048855441622, 2141307.713029330596328 ], [ 481245.921319246233907, 2141312.189325801562518 ], [ 481245.963838396652136, 2141316.882167135830969 ], [ 481247.454444235889241, 2141321.332185327075422 ], [ 481250.247225878760219, 2141325.10378158884123 ], [ 481254.068806399649475, 2141327.827765800990164 ], [ 481258.545102870673873, 2141329.237495410256088 ], [ 481263.237944205000531, 2141329.194976259954274 ], [ 481267.68796239583753, 2141327.704370420891792 ], [ 481271.459558657719754, 2141324.911588777787983 ], [ 481325.206927286810242, 2141270.181366764008999 ] ] ] ] } },
{ "type": "Feature", "properties": { "CVEGEO": "090040001", "CVE_ENT": "09", "CVE_MUN": "004", "CVE_LOC": "0001", "CVEVIAL": "01463", "CVESEG": "00018", "NOMVIAL": "México-Toluca", "TIPOVIAL": "Autopista", "SENTIDO": "Dos sentidos", "TIPOSEN": 2, "AMBITO": "Urbana", "MINUTES": 2.8070883757399998, "LENGTH": 0.068517199010467239, "VELOCIDAD": 3.0, "T_VIAL2024": "Vías de acceso controlado - radiales", "NOMENCLATU": "Autopista MEX 015D México - Toluca", "NOTA2024": "La operación, conservación, mantenimiento y explotación es responsabilidad del Gobierno Federal", "NombreMate": "Autopista MEX 015D México - Toluca", "ID": 4 }, "geometry": { "type": "MultiPolygon", "coordinates": [ [ [ [ 471946.574687731277663, 2141058.3423359147273 ], [ 471952.048953781311866, 2141064.898760444484651 ], [ 471960.259121624752879, 2141076.331453196704388 ], [ 471964.576458479801659, 2141083.280182480812073 ], [ 471967.646282598259859, 2141086.829935648012906 ], [ 471971.662792884570081, 2141089.257323706522584 ], [ 471976.232825327198952, 2141090.32473700074479 ], [ 471980.909033309319057, 2141089.927689680363983 ], [ 471985.233677012671251, 2141088.105047503020614 ], [ 471988.7834301799885, 2141085.035223384387791 ], [ 471991.210818238614593, 2141081.018713098019361 ], [ 471992.278231532836799, 2141076.448680655565113 ], [ 471991.881184212223161, 2141071.772472673561424 ], [ 471990.058542034996208, 2141067.447828969918191 ], [ 471985.476519588730298, 2141060.073089721612632 ], [ 471984.919283208320849, 2141059.239701570942998 ], [ 471976.097506483609322, 2141046.955340916756541 ], [ 471975.427878151414916, 2141046.091179879382253 ], [ 471968.820401935139671, 2141038.17753104493022 ], [ 471967.113815068209078, 2141036.441755919717252 ], [ 471941.084342821442988, 2141013.948573591653258 ], [ 471937.09713648253819, 2141011.473345667123795 ], [ 471932.540190418483689, 2141010.351378539111465 ], [ 471927.859570260159671, 2141010.692498167045414 ], [ 471923.513447720441036, 2141012.463313385378569 ], [ 471919.927251554792747, 2141015.490484462119639 ], [ 471917.452023630321492, 2141019.477690801024437 ], [ 471916.330056502250955, 2141024.034636865369976 ], [ 471916.671176130243111, 2141028.715257023461163 ], [ 471918.441991348459851, 2141033.061379563063383 ], [ 471921.469162425317336, 2141036.647575729060918 ], [ 471946.574687731277663, 2141058.3423359147273 ] ] ] ] } },
{ "type": "Feature", "properties": { "CVEGEO": "090030001", "CVE_ENT": "09", "CVE_MUN": "003", "CVE_LOC": "0001", "CVEVIAL": "02871", "CVESEG": "00014", "NOMVIAL": "Insurgentes Sur", "TIPOVIAL": "Avenida", "SENTIDO": "Dos sentidos", "TIPOSEN": 2, "AMBITO": "Urbana", "MINUTES": 0.95989752544999996, "LENGTH": 2.9373609970900323, "VELOCIDAD": 3.0, "T_VIAL2024": "Vías primarias  - Avenidas primarias (acceso controlado)", "NOMENCLATU": "Insurgentes Sur", "NOTA2024": null, "NombreMate": "Av. Insurgentes Sur", "ID": 9 }, "geometry": { "type": "MultiPolygon", "coordinates": [ [ [ [ 479994.71708754793508, 2138310.57675623614341 ], [ 479992.499125903239474, 2138320.116263038944453 ], [ 479978.64122677850537, 2138379.719470333307981 ], [ 479978.26769954233896, 2138382.420028767548501 ], [ 479977.374026193690952, 2138401.649135989136994 ], [ 479977.577830842928961, 2138404.904991629067808 ], [ 479979.618955099256709, 2138416.691698299255222 ], [ 479980.36074257385917, 2138419.416908426210284 ], [ 479998.165337961225305, 2138466.712964484933764 ], [ 480049.063458052638453, 2138602.379792879335582 ], [ 480052.682307421870064, 2138612.621823130641133 ], [ 480089.506979645928368, 2138719.123607060406357 ], [ 480102.195680054253899, 2138755.893597119022161 ], [ 480102.289909464889206, 2138756.158577909227461 ], [ 480104.983829312492162, 2138763.514908741693944 ], [ 480104.994605981162749, 2138763.544242100790143 ], [ 480105.729888015950564, 2138765.539207403548062 ], [ 480118.042795745946933, 2138799.18535836506635 ], [ 480146.241624051996041, 2138876.502770374994725 ], [ 480148.216949325753376, 2138881.962860743980855 ], [ 480157.884718329005409, 2138915.57464619493112 ], [ 480160.185392133425921, 2138923.575247350614518 ], [ 480160.358161042793654, 2138924.134700760245323 ], [ 480163.288368137262296, 2138933.005249182227999 ], [ 480163.446082880604081, 2138933.458244424778968 ], [ 480194.107481620332692, 2139017.189223494380713 ], [ 480194.184259774570819, 2139017.394245201256126 ], [ 480198.82064682157943, 2139029.505009292624891 ], [ 480198.826807591191027, 2139029.521074314601719 ], [ 480207.999215903284494, 2139053.398372517898679 ], [ 480208.140483554627281, 2139053.752597104292363 ], [ 480210.424589965958148, 2139059.274857134092599 ], [ 480254.280320224352181, 2139179.995437409263104 ], [ 480271.473342681943905, 2139227.322073212359101 ], [ 480271.579517934820615, 2139227.605401001404971 ], [ 480280.413677335542161, 2139250.474659287836403 ], [ 480292.468370908638462, 2139281.749944554176182 ], [ 480295.481901415856555, 2139291.291005169507116 ], [ 480354.82827742677182, 2139481.442377341445535 ], [ 480360.755049600498751, 2139503.08783792424947 ], [ 480360.907434993481729, 2139503.607372583821416 ], [ 480388.191582448023837, 2139590.771914237644523 ], [ 480396.336473431962077, 2139616.982622784562409 ], [ 480396.574604050838389, 2139617.686861144844443 ], [ 480400.980826177459676, 2139629.725888788234442 ], [ 480414.639417441794649, 2139672.084829982370138 ], [ 480417.733953906281386, 2139682.64971903944388 ], [ 480417.796621050452814, 2139682.858054890763015 ], [ 480426.284506420022808, 2139710.351479028351605 ], [ 480426.439703762065619, 2139710.826016829349101 ], [ 480428.697118211479392, 2139717.358352904673666 ], [ 480428.795162255002651, 2139717.633365758694708 ], [ 480436.749679183471017, 2139739.277425322216004 ], [ 480462.302497614640743, 2139825.502801370806992 ], [ 480462.341946521075442, 2139825.633724233601242 ], [ 480489.884110972867347, 2139915.554780059028417 ], [ 480502.621354493719991, 2139957.133560598827899 ], [ 480527.935657485912088, 2140039.780996395274997 ], [ 480537.222036551276688, 2140070.099857238586992 ], [ 480550.049965697806329, 2140112.358893122989684 ], [ 480553.592706220282707, 2140124.060683420859277 ], [ 480587.643320115341339, 2140237.816848783753812 ], [ 480587.655601112579461, 2140237.857665899209678 ], [ 480634.86092191201169, 2140393.945089654065669 ], [ 480656.916945300123189, 2140468.103437924291939 ], [ 480678.075394958199468, 2140539.180115009658039 ], [ 480680.638976625690702, 2140547.761887906119227 ], [ 480680.662867349106818, 2140547.841067005414516 ], [ 480686.364479521696921, 2140566.550795811228454 ], [ 480686.482617597677745, 2140566.921180715318769 ], [ 480728.475054291251581, 2140692.911798893939704 ], [ 480767.906133159413002, 2140824.547546840738505 ], [ 480768.111849611974321, 2140825.265718998853117 ], [ 480768.141822953592055, 2140825.368959307204932 ], [ 480789.432517312234268, 2140897.733239638153464 ], [ 480797.775031490891706, 2140926.036247096024454 ], [ 480797.929536889540032, 2140926.528986495453864 ], [ 480801.043171493918635, 2140935.8911845786497 ], [ 480805.704782532004174, 2140950.850895001087338 ], [ 480805.732202271698043, 2140950.937955006025732 ], [ 480814.238715868792497, 2140977.662806624080986 ], [ 480816.344183880777564, 2140981.857037437614053 ], [ 480819.642691553104669, 2140985.195362586993724 ], [ 480823.81135797285242, 2140987.35100354719907 ], [ 480828.442125026020221, 2140988.112951161339879 ], [ 480833.08170096896356, 2140987.406620688270777 ], [ 480837.275931782554835, 2140985.301152676343918 ], [ 480840.614256931876298, 2140982.002645004075021 ], [ 480842.769897891790606, 2140977.833978584036231 ], [ 480843.531845505931415, 2140973.203211531043053 ], [ 480842.825515032978728, 2140968.563635588157922 ], [ 480834.332843752636109, 2140941.882272275630385 ], [ 480829.642429930041544, 2140926.830130006652325 ], [ 480829.555094163049944, 2140926.558952329214662 ], [ 480826.477998131827917, 2140917.30661985417828 ], [ 480818.211664457572624, 2140889.262070677243173 ], [ 480796.937197027436923, 2140816.952943550422788 ], [ 480796.721361464064103, 2140816.199444788042456 ], [ 480796.670471919118427, 2140816.025750912260264 ], [ 480757.147396704298444, 2140684.082884615287185 ], [ 480757.008611473196652, 2140683.644163740798831 ], [ 480715.004886294424068, 2140557.619676528964192 ], [ 480709.371997557871509, 2140539.135462333913893 ], [ 480706.826396275428124, 2140530.613903794903308 ], [ 480685.671563849202357, 2140459.549379502888769 ], [ 480663.606235549086705, 2140385.359745588153601 ], [ 480663.586425220535602, 2140385.293693899642676 ], [ 480616.377292839984875, 2140229.193666907027364 ], [ 480582.326041983731557, 2140115.435373586602509 ], [ 480582.312474347825628, 2140115.390304390341043 ], [ 480578.761317025695462, 2140103.660713122226298 ], [ 480565.923134363256395, 2140061.367885135114193 ], [ 480565.912183542910498, 2140061.331971631385386 ], [ 480556.620297911576927, 2140030.995132542215288 ], [ 480531.305890819232445, 2139948.347356874495745 ], [ 480518.568647069565486, 2139906.768575587309897 ], [ 480491.046600647096056, 2139816.913202124647796 ], [ 480465.376588492421433, 2139730.2923678252846 ], [ 480465.074104232597165, 2139729.380044838413596 ], [ 480457.004083181673195, 2139707.421701185870916 ], [ 480454.875900384329725, 2139701.263325941283256 ], [ 480446.493753423448652, 2139674.112403003033251 ], [ 480443.372900325921364, 2139663.457667756825686 ], [ 480443.253890463907737, 2139663.070790911093354 ], [ 480429.443569435388781, 2139620.241295174695551 ], [ 480429.253591405577026, 2139619.689155448228121 ], [ 480424.874799537821673, 2139607.725074921734631 ], [ 480416.835636814648751, 2139581.854605751112103 ], [ 480416.826388640736695, 2139581.824952993076295 ], [ 480389.618483337631915, 2139494.903981793206185 ], [ 480383.693368463485967, 2139473.264573917258531 ], [ 480383.544726180611178, 2139472.757014920935035 ], [ 480324.111931384715717, 2139282.328748831525445 ], [ 480324.096602057106793, 2139282.279925218317658 ], [ 480320.935365612618625, 2139272.271216673776507 ], [ 480320.628189776209183, 2139271.394237380474806 ], [ 480308.404321133100893, 2139239.680036056786776 ], [ 480299.618673763645347, 2139216.936350917443633 ], [ 480282.477316010335926, 2139169.75193075183779 ], [ 480238.509582175989635, 2139048.723041012883186 ], [ 480238.272190925490577, 2139048.111581105273217 ], [ 480235.935588188178372, 2139042.462401260621846 ], [ 480226.834647095296532, 2139018.771144067402929 ], [ 480222.240472994977608, 2139006.770644937176257 ], [ 480191.699194502725732, 2138923.367693496868014 ], [ 480188.936067925824318, 2138915.002944075502455 ], [ 480186.716188208432868, 2138907.283304638694972 ], [ 480176.908959533495363, 2138873.186661762185395 ], [ 480176.598732684738934, 2138872.230055819731206 ], [ 480174.445624689338729, 2138866.278547789435834 ], [ 480174.432323666464072, 2138866.241930512711406 ], [ 480146.224014713836368, 2138788.898523839190602 ], [ 480146.218393541348632, 2138788.883137442171574 ], [ 480133.896729914762545, 2138755.213060189038515 ], [ 480133.884810342860874, 2138755.180604813620448 ], [ 480133.148953454161528, 2138753.184079818893224 ], [ 480130.508763441059273, 2138745.974469921085984 ], [ 480117.864443405065686, 2138709.333087662700564 ], [ 480081.018761650426313, 2138602.770532875321805 ], [ 480080.985384848783724, 2138602.675046461168677 ], [ 480077.301515037252102, 2138592.248996023088694 ], [ 480077.20255371928215, 2138591.977283457294106 ], [ 480026.250688720436301, 2138456.167200240772218 ], [ 480026.244770620658528, 2138456.151452647522092 ], [ 480008.936960826744325, 2138410.175055854953825 ], [ 480007.417855711886659, 2138401.402808729559183 ], [ 480008.171806673752144, 2138385.180098376236856 ], [ 480021.719724300433882, 2138326.910130075644702 ], [ 480024.158620972943027, 2138316.420376362279058 ], [ 480024.472865087096579, 2138314.52611111337319 ], [ 480024.514532913861331, 2138314.112265451345593 ], [ 480024.519137318595313, 2138314.065809244755656 ], [ 480032.00872273236746, 2138237.282331335823983 ], [ 480031.965354244981427, 2138233.978528879117221 ], [ 480031.42356969602406, 2138229.613443076144904 ], [ 480027.835703130287584, 2138200.697642963845283 ], [ 480034.234819475270342, 2138176.831925869453698 ], [ 480034.726162713253871, 2138172.164683697745204 ], [ 480033.751200753555167, 2138167.574039206840098 ], [ 480031.40536966570653, 2138163.509356664028019 ], [ 480027.91829574102303, 2138160.368515516631305 ], [ 480023.631318071100395, 2138158.458963180892169 ], [ 480018.964075899333693, 2138157.967619942501187 ], [ 480014.373431408195756, 2138158.942581902258098 ], [ 480010.308748865267262, 2138161.288412990048528 ], [ 480007.167907718219794, 2138164.775486914906651 ], [ 480005.258355382073205, 2138169.062464585062116 ], [ 479998.101211628469173, 2138195.755270094145089 ], [ 479997.703595724480692, 2138201.487033706624061 ], [ 480001.651908127765637, 2138233.307785717304796 ], [ 480001.989064379537012, 2138236.024208724498749 ], [ 479994.71708754793508, 2138310.57675623614341 ] ] ] ] } },
{ "type": "Feature", "properties": { "CVEGEO": "090100001", "CVE_ENT": "09", "CVE_MUN": "010", "CVE_LOC": "0001", "CVEVIAL": "00337", "CVESEG": "00006", "NOMVIAL": "Barranca del Muerto", "TIPOVIAL": "Avenida", "SENTIDO": "Dos sentidos", "TIPOSEN": 2, "AMBITO": "Urbana", "MINUTES": 3.35753348684, "LENGTH": 2.59161016691505, "VELOCIDAD": 3.0, "T_VIAL2024": "Vías primarias  - Avenidas primarias", "NOMENCLATU": "Barranca del Muerto", "NOTA2024": null, "NombreMate": "Barranca del Muerto", "ID": 14 }, "geometry": { "type": "MultiPolygon", "coordinates": [ [ [ [ 479516.950332853826694, 2141070.110361234284937 ], [ 479595.648248102283105, 2141089.756074972450733 ], [ 479596.268005712074228, 2141089.896910182200372 ], [ 479657.715559455333278, 2141102.497648919466883 ], [ 479660.459149141795933, 2141102.801000989507884 ], [ 479712.654888173390646, 2141103.739563619717956 ], [ 479714.759862821025308, 2141103.62928784545511 ], [ 479752.60375206777826, 2141098.963923673611134 ], [ 479753.819852979213465, 2141098.762977665755898 ], [ 479781.671077847015113, 2141092.976306849624962 ], [ 479785.90995845803991, 2141092.433919500559568 ], [ 479738.3684155914234, 2141104.679067071992904 ], [ 479720.304969397897366, 2141108.355950058903545 ], [ 479693.321958825166803, 2141110.344021413475275 ], [ 479645.352352687448729, 2141110.345473684836179 ], [ 479598.936697811062913, 2141109.333539183717221 ], [ 479569.728718806349207, 2141108.698050825390965 ], [ 479449.686731330293696, 2141106.080504565965384 ], [ 479445.036573408870026, 2141106.713433450553566 ], [ 479440.809596197446808, 2141108.75236241472885 ], [ 479437.419565676653292, 2141111.997706885449588 ], [ 479435.198321653471794, 2141116.131789934821427 ], [ 479434.363294969312847, 2141120.749938709195703 ], [ 479434.996223853959236, 2141125.400096630677581 ], [ 479437.035152818250936, 2141129.627073842100799 ], [ 479440.280497289204504, 2141133.017104363068938 ], [ 479444.414580338285305, 2141135.238348386250436 ], [ 479449.032729112834204, 2141136.07337507000193 ], [ 479569.075083677482326, 2141138.690929333679378 ], [ 479598.2831418265705, 2141139.326419416815042 ], [ 479644.862141338875517, 2141140.341915088705719 ], [ 479645.189541434054263, 2141140.345478627365083 ], [ 479693.874481548380572, 2141140.34400469949469 ], [ 479694.976219335047062, 2141140.303455665707588 ], [ 479723.462544177833479, 2141138.204622169490904 ], [ 479725.35230378608685, 2141137.943750261329114 ], [ 479744.729256198450457, 2141133.999498101416975 ], [ 479745.478703222528566, 2141133.826824769377708 ], [ 479809.276572764967568, 2141117.394578776322305 ], [ 479809.545027971791569, 2141117.322775344364345 ], [ 479867.744372837420087, 2141101.177126412279904 ], [ 479914.151651754684281, 2141088.36315197404474 ], [ 479918.86554660712136, 2141086.118982005864382 ], [ 479938.225781498767901, 2141072.319622750859708 ], [ 479997.71899002318969, 2141054.250361627433449 ], [ 480034.007420040259603, 2141044.479044634848833 ], [ 480139.231118803319987, 2141020.763107263948768 ], [ 480184.707619520253502, 2141018.856014656368643 ], [ 480207.372124544635881, 2141022.138343277852982 ], [ 480210.889401583350264, 2141022.230759583413601 ], [ 480225.668495705584064, 2141020.877894958015531 ], [ 480226.393282470933627, 2141020.793727783020586 ], [ 480235.957055063510779, 2141019.446633398532867 ], [ 480237.521503532188945, 2141019.140736261382699 ], [ 480247.995453025796451, 2141016.508040827699006 ], [ 480249.168286479602102, 2141016.161844629328698 ], [ 480260.652144834282808, 2141012.256523645017296 ], [ 480261.501230893249158, 2141011.938838050700724 ], [ 480278.281283027958125, 2141005.075637997128069 ], [ 480281.823616106354166, 2141003.023174085188657 ], [ 480368.977513292687945, 2140935.0978640220128 ], [ 480390.013566664478276, 2140923.643287684302777 ], [ 480406.968268623866607, 2140914.734338730107993 ], [ 480502.390726178884506, 2140877.624448933172971 ], [ 480513.974910449294839, 2140877.135658722370863 ], [ 480530.483349508082028, 2140878.647995587904006 ], [ 480569.723396538407542, 2140882.914253185503185 ], [ 480570.648648085014429, 2140882.985971443355083 ], [ 480588.064138662943151, 2140883.794950533192605 ], [ 480590.017995242145844, 2140883.758276539389044 ], [ 480688.715560579847079, 2140875.452695614192635 ], [ 480703.166815019561909, 2140876.58505176147446 ], [ 480717.939333546964917, 2140882.155679664574564 ], [ 480760.928172324260231, 2140911.899037789087743 ], [ 480806.78700143226888, 2140943.627988762687892 ], [ 480807.37105532491114, 2140944.012273072265089 ], [ 480844.125147824059241, 2140966.985876098740846 ], [ 480847.197399409778882, 2140968.450833021197468 ], [ 480897.003989228396676, 2140985.580121722072363 ], [ 480929.104253501165658, 2140997.708176025189459 ], [ 480930.522943385061808, 2140998.165027284063399 ], [ 480966.75358197389869, 2141007.874406307004392 ], [ 480969.421553909778595, 2141008.336384332738817 ], [ 480993.10985911852913, 2141010.261206422932446 ], [ 480995.180293208337389, 2141010.286060552578419 ], [ 481038.939943649456836, 2141007.785955003928393 ], [ 481073.539901303709485, 2141009.907601903192699 ], [ 481092.252927112567704, 2141013.766744553577155 ], [ 481111.177171921299305, 2141020.76504069333896 ], [ 481129.825436614744831, 2141032.093635336030275 ], [ 481140.498714718851261, 2141040.562561982311308 ], [ 481149.272997123887762, 2141058.850186853203923 ], [ 481166.404286706238054, 2141098.412942687515169 ], [ 481169.546885195828509, 2141103.043362710624933 ], [ 481210.699354710814077, 2141144.318161208182573 ], [ 481256.118226182064973, 2141190.21945120068267 ], [ 481256.222148441534955, 2141190.323452852666378 ], [ 481280.387551231891848, 2141214.271429809741676 ], [ 481281.251275240560062, 2141215.062970095779747 ], [ 481313.134846902335994, 2141242.068651064299047 ], [ 481324.146875599806663, 2141251.395896594040096 ], [ 481328.158378180058207, 2141253.831551478244364 ], [ 481332.726202600868419, 2141254.908374457620084 ], [ 481337.403218381979968, 2141254.520958594977856 ], [ 481341.731606632063631, 2141252.707226855680346 ], [ 481345.287674551596865, 2141249.644719938281924 ], [ 481347.723329435975756, 2141245.633217358030379 ], [ 481348.800152415002231, 2141241.065392937045544 ], [ 481348.412736552709248, 2141236.388377156108618 ], [ 481346.599004813004285, 2141232.059988905675709 ], [ 481343.53649789566407, 2141228.503920986317098 ], [ 481332.524496391124558, 2141219.176698489114642 ], [ 481301.088281354343053, 2141192.549932731781155 ], [ 481277.39148911263328, 2141169.066350046079606 ], [ 481232.004285584145691, 2141123.197064358741045 ], [ 481231.964132082066499, 2141123.156638224609196 ], [ 481192.802436607773416, 2141083.878531501628458 ], [ 481176.687472431513015, 2141046.662863065488636 ], [ 481176.446478311903775, 2141046.134596515446901 ], [ 481166.052269564126618, 2141024.470672146882862 ], [ 481161.851898972585332, 2141019.209000079892576 ], [ 481147.738157527288422, 2141008.010168770793825 ], [ 481146.202496157318819, 2141006.940686144400388 ], [ 481125.520432451856323, 2140994.376583266537637 ], [ 481122.935259341436904, 2140993.127617003396153 ], [ 481101.595352935488336, 2140985.235995111521333 ], [ 481099.422282089886721, 2140984.613958525471389 ], [ 481078.5534262349247, 2140980.310224189888686 ], [ 481076.441832546202932, 2140980.029198418371379 ], [ 481039.889354641607497, 2140977.787824247498065 ], [ 481038.115694015461486, 2140977.784124348778278 ], [ 480994.505180501844734, 2140980.275709306821227 ], [ 480973.206152081605978, 2140978.545030812267214 ], [ 480939.009273342904635, 2140969.380675172433257 ], [ 480907.396537761727814, 2140957.436817933805287 ], [ 480906.973340305266902, 2140957.284138751681894 ], [ 480858.573775997676421, 2140940.638748793397099 ], [ 480823.568671851069666, 2140918.758372707758099 ], [ 480777.997428523318376, 2140887.228397488594055 ], [ 480733.492077988223173, 2140856.435786730609834 ], [ 480730.25005742959911, 2140854.73585417913273 ], [ 480711.756921371794306, 2140847.762203779071569 ], [ 480707.636074839159846, 2140846.843293076846749 ], [ 480689.844004350830801, 2140845.449160790536553 ], [ 480687.414410224824678, 2140845.456154230050743 ], [ 480588.47806321864482, 2140853.781829069834203 ], [ 480572.504433524154592, 2140853.039826864842325 ], [ 480533.599580862850416, 2140848.810012280009687 ], [ 480533.346723115479108, 2140848.784686372149736 ], [ 480515.713005529367365, 2140847.169262824580073 ], [ 480513.712230223289225, 2140847.120048504788429 ], [ 480498.640287886024453, 2140847.756003329064697 ], [ 480493.835803393390961, 2140848.762655393686146 ], [ 480395.304557555995416, 2140887.081556083168834 ], [ 480393.7641444678884, 2140887.783092946745455 ], [ 480375.960644987178966, 2140897.138047605287284 ], [ 480375.764595539774746, 2140897.242924406658858 ], [ 480353.552164498192724, 2140909.338063286151737 ], [ 480351.504611049196683, 2140910.680525785312057 ], [ 480265.011699978786055, 2140978.090681755449623 ], [ 480250.563923703273758, 2140983.999958920758218 ], [ 480240.088765672000591, 2140987.56225072266534 ], [ 480230.982380299712531, 2140989.851200005970895 ], [ 480222.570340014819521, 2140991.036068437620997 ], [ 480209.918758741463535, 2140992.194182501640171 ], [ 480187.624837543233298, 2140988.96552272932604 ], [ 480184.846445393166505, 2140988.823825325351208 ], [ 480136.623415815003682, 2140990.84609576780349 ], [ 480133.953842785907909, 2140991.199987510219216 ], [ 480027.108742060547229, 2141015.28136601112783 ], [ 480026.50669302593451, 2141015.430201471317559 ], [ 479989.688197396870237, 2141025.344248229637742 ], [ 479989.229130898602307, 2141025.475731933955103 ], [ 479928.364558228757232, 2141043.961503403261304 ], [ 479777.285935263731517, 2141063.292817798443139 ], [ 479776.138348079985008, 2141063.485157345887274 ], [ 479748.320981410739478, 2141069.264793417882174 ], [ 479712.137877804634627, 2141073.725417274050415 ], [ 479662.38431984744966, 2141072.830768954474479 ], [ 479602.605916694388725, 2141060.572314477525651 ], [ 479523.914044518722221, 2141040.928109298925847 ], [ 479523.306483604654204, 2141040.789780479390174 ], [ 479435.526086309808306, 2141022.713154853787273 ], [ 479430.838019170449115, 2141022.497298040892929 ], [ 479426.312698945170268, 2141023.740698429290205 ], [ 479422.393095507461112, 2141026.321643325965852 ], [ 479419.462886951281689, 2141029.987491861451417 ], [ 479417.808902506076265, 2141034.379405239596963 ], [ 479417.593045693298336, 2141039.067472378723323 ], [ 479418.83644608175382, 2141043.592792604118586 ], [ 479421.417390978138428, 2141047.512396041769534 ], [ 479425.083239513565786, 2141050.44260459812358 ], [ 479429.475152891827747, 2141052.096589043270797 ], [ 479516.950332853826694, 2141070.110361234284937 ] ] ] ] } },
{ "type": "Feature", "properties": { "CVEGEO": "090100001", "CVE_ENT": "09", "CVE_MUN": "010", "CVE_LOC": "0001", "CVEVIAL": "00768", "CVESEG": "00002", "NOMVIAL": "Vito Alessio Robles", "TIPOVIAL": "Avenida", "SENTIDO": "Dos sentidos", "TIPOSEN": 2, "AMBITO": "Urbana", "MINUTES": 5.0894478114000004, "LENGTH": 0.96607183194911772, "VELOCIDAD": 3.0, "T_VIAL2024": "Vías primarias  - Avenidas primarias", "NOMENCLATU": "Vito Alessio Robles", "NOTA2024": null, "NombreMate": "Vito Alessio Robles", "ID": 13 }, "geometry": { "type": "MultiPolygon", "coordinates": [ [ [ [ 480451.904656859638635, 2139641.740216812584549 ], [ 480451.959859153605066, 2139641.758078374434263 ], [ 480503.054821608006023, 2139658.181553816888481 ], [ 480503.084545831545256, 2139658.191073978319764 ], [ 480565.887439928832464, 2139678.23375108698383 ], [ 480567.963631238962989, 2139678.736663929652423 ], [ 480701.590250404260587, 2139701.177324842195958 ], [ 480701.817378115956672, 2139701.21367934346199 ], [ 481021.110123372636735, 2139749.812467079609632 ], [ 481099.636779223859776, 2139762.292840605601668 ], [ 481231.122308734513354, 2139786.111389658879489 ], [ 481231.918222484877333, 2139786.233603505417705 ], [ 481357.114279121567961, 2139802.030879060272127 ], [ 481361.804975661681965, 2139801.882778973784298 ], [ 481366.220327728660777, 2139800.29242247575894 ], [ 481369.928129898617044, 2139797.415484739933163 ], [ 481372.565436661301646, 2139793.533580476883799 ], [ 481373.874090055644047, 2139789.026697522960603 ], [ 481373.725989969505463, 2139784.336000982671976 ], [ 481372.135633471189067, 2139779.920648915693164 ], [ 481369.25869573536329, 2139776.212846745736897 ], [ 481365.376791472430341, 2139773.575539983343333 ], [ 481360.869908518448938, 2139772.266886588651687 ], [ 481236.073449539020658, 2139756.520032384898514 ], [ 481104.824877517705318, 2139732.744408082216978 ], [ 481104.505574202979915, 2139732.69012005534023 ], [ 481025.770345154916868, 2139720.176597640383989 ], [ 481025.67303845891729, 2139720.161459838971496 ], [ 480706.445318224723451, 2139671.572569406591356 ], [ 480573.988170411786996, 2139649.3283043182455 ], [ 480512.220287815551274, 2139629.615936849266291 ], [ 480461.167800958326552, 2139613.206114356406033 ], [ 480415.306168963783421, 2139598.268824984319508 ], [ 480410.671435506897978, 2139597.531387901399285 ], [ 480406.035661460598931, 2139598.262254961300641 ], [ 480401.852628687920514, 2139600.389883803203702 ], [ 480398.531801581440959, 2139603.706007292494178 ], [ 480396.398245836026035, 2139607.8860201574862 ], [ 480395.660808753280435, 2139612.520753614138812 ], [ 480396.391675813007168, 2139617.156527660321444 ], [ 480398.519304655084852, 2139621.339560433290899 ], [ 480401.835428144375328, 2139624.660387539770454 ], [ 480406.015441008959897, 2139626.793943285010755 ], [ 480451.904656859638635, 2139641.740216812584549 ] ] ] ] } },
{ "type": "Feature", "properties": { "CVEGEO": "090100001", "CVE_ENT": "09", "CVE_MUN": "010", "CVE_LOC": "0001", "CVEVIAL": "00093", "CVESEG": "00016", "NOMVIAL": "Río de Tacubaya", "TIPOVIAL": "Avenida", "SENTIDO": "Dos sentidos", "TIPOSEN": 2, "AMBITO": "Urbana", "MINUTES": 0.95810442918000005, "LENGTH": 1.0107465850504425, "VELOCIDAD": 3.0, "T_VIAL2024": "Vías primarias  - Avenidas primarias", "NOMENCLATU": "Río Tacubaya", "NOTA2024": null, "NombreMate": "Río Tacubaya", "ID": 23 }, "geometry": { "type": "MultiPolygon", "coordinates": [ [ [ [ 478801.091206583019812, 2144757.596552622038871 ], [ 478804.313835685898084, 2144766.159029854927212 ], [ 478804.363019364827778, 2144766.287909416481853 ], [ 478825.058824064093642, 2144819.77894556010142 ], [ 478827.003840753110126, 2144823.306866345461458 ], [ 478834.851074569218326, 2144833.878505697939545 ], [ 478840.006155196810141, 2144838.262340513058007 ], [ 478850.761272931180429, 2144843.823282250668854 ], [ 478853.741398083220702, 2144844.980626230128109 ], [ 479079.681640888098627, 2144905.971551281400025 ], [ 479083.425498852622695, 2144906.488994880113751 ], [ 479087.179854560468812, 2144906.054214986972511 ], [ 479109.281803758116439, 2144900.607758545782417 ], [ 479135.511889650777448, 2144898.755564888939261 ], [ 479221.655006563989446, 2144895.052391972858459 ], [ 479225.089446837082505, 2144894.501066333148628 ], [ 479254.998471387894824, 2144886.050038851797581 ], [ 479282.857543446065392, 2144881.166785380337387 ], [ 479311.386845533561427, 2144880.867728035431355 ], [ 479332.34534920315491, 2144884.695192173589021 ], [ 479358.409945801773574, 2144893.667050706222653 ], [ 479359.139560261624865, 2144893.897556412499398 ], [ 479363.957777446485125, 2144895.28564765304327 ], [ 479440.872389391704928, 2144936.573994518257678 ], [ 479450.103349485143553, 2144954.665180606767535 ], [ 479463.752311182557605, 2144981.626820328645408 ], [ 479463.733767229830846, 2144983.391577279660851 ], [ 479463.626867342740297, 2144988.643159745726734 ], [ 479464.215856684895698, 2144993.121237983927131 ], [ 479466.111168616742361, 2144997.220980150159448 ], [ 479469.14096073852852, 2145000.570674591697752 ], [ 479473.030530643532984, 2145002.866614291444421 ], [ 479517.591515619773418, 2145020.774114371277392 ], [ 479517.754695142852142, 2145020.838584619574249 ], [ 479623.465860729571432, 2145061.890666269231588 ], [ 479625.239364050095901, 2145062.580074051395059 ], [ 479625.995733790681697, 2145062.851009812671691 ], [ 479645.116445065184962, 2145069.127662368584424 ], [ 479668.002027321490459, 2145078.624818944837898 ], [ 479672.564670875610318, 2145079.723386860452592 ], [ 479677.2434789147228, 2145079.35825263755396 ], [ 479681.580457108735573, 2145077.565158158075064 ], [ 479685.151071814529132, 2145074.519624003209174 ], [ 479687.605806386796758, 2145070.519768274854869 ], [ 479688.70437430246966, 2145065.957124720793217 ], [ 479688.33924007974565, 2145061.278316681738943 ], [ 479686.54614560038317, 2145056.941338487900794 ], [ 479683.500611445284449, 2145053.370723782107234 ], [ 479679.500755717046559, 2145050.915989209432155 ], [ 479656.087238368170802, 2145041.199747875798494 ], [ 479655.016226508188993, 2145040.802390242926776 ], [ 479635.734252605470829, 2145034.472800875548273 ], [ 479634.332968863018323, 2145033.928084716200829 ], [ 479528.696574347442947, 2144992.905038913246244 ], [ 479493.782889108755626, 2144978.874450910370797 ], [ 479493.789152440032922, 2144978.278393664397299 ], [ 479493.398190117848571, 2144974.714874981436878 ], [ 479492.172838224854786, 2144971.345894471276551 ], [ 479476.858269967662636, 2144941.094078911934048 ], [ 479476.836612121434882, 2144941.051465461496264 ], [ 479465.462234204926062, 2144918.75952773867175 ], [ 479462.817617376334965, 2144915.081562088336796 ], [ 479459.195580087427516, 2144912.360849796328694 ], [ 479376.739604141504969, 2144868.097856720443815 ], [ 479373.797554538643453, 2144866.90026662312448 ], [ 479367.812300334509928, 2144865.175961010623723 ], [ 479341.037533033173531, 2144855.959650158882141 ], [ 479338.850171288242564, 2144855.386955715715885 ], [ 479315.362010651209857, 2144851.097522943280637 ], [ 479312.510033472499344, 2144850.854306074790657 ], [ 479281.317643744463567, 2144851.181279136333615 ], [ 479278.885093827266246, 2144851.405711478088051 ], [ 479249.065803743898869, 2144856.63256007945165 ], [ 479247.576907534268685, 2144856.972470303997397 ], [ 479218.617138798348606, 2144865.155278172809631 ], [ 479134.017092699999921, 2144868.792116618249565 ], [ 479133.604757816239726, 2144868.81553318630904 ], [ 479105.885364594985731, 2144870.772891789674759 ], [ 479103.352934675698634, 2144871.171325596980751 ], [ 479083.761633296555374, 2144875.999097511637956 ], [ 478863.111909734609071, 2144816.4363096463494 ], [ 478856.869881603168324, 2144813.208864292595536 ], [ 478852.3042292840546, 2144807.058107113931328 ], [ 478832.366781879914925, 2144755.527145394589752 ], [ 478828.369843121559825, 2144744.90733901085332 ], [ 478826.181204344087746, 2144740.994379095267504 ], [ 478814.422469115757849, 2144725.843082736246288 ], [ 478811.000576072547119, 2144722.631351790390909 ], [ 478806.753682952083182, 2144720.634237248916179 ], [ 478802.097505242971238, 2144720.047230598516762 ], [ 478797.487822060764302, 2144720.927792138885707 ], [ 478793.375861312902998, 2144723.189726372249424 ], [ 478790.164130367164034, 2144726.611619415227324 ], [ 478788.167015825922135, 2144730.858512535691261 ], [ 478787.580009175173473, 2144735.514690245036036 ], [ 478788.460570715833455, 2144740.124373427126557 ], [ 478790.72250494902255, 2144744.236334174871445 ], [ 478801.091206583019812, 2144757.596552622038871 ] ] ] ] } },
{ "type": "Feature", "properties": { "CVEGEO": "090100001", "CVE_ENT": "09", "CVE_MUN": "010", "CVE_LOC": "0001", "CVEVIAL": "02059", "CVESEG": "00003", "NOMVIAL": "Rosa Trepadora", "TIPOVIAL": "Calle", "SENTIDO": "Dos sentidos", "TIPOSEN": 2, "AMBITO": "Urbana", "MINUTES": 2.78436593654, "LENGTH": 0.24942313280752285, "VELOCIDAD": 3.0, "T_VIAL2024": null, "NOMENCLATU": null, "NOTA2024": null, "NombreMate": "Rosa Trepadora", "ID": 27 }, "geometry": { "type": "MultiPolygon", "coordinates": [ [ [ [ 479638.387191600166261, 2142016.896029321942478 ], [ 479670.888200452784076, 2142026.411086841952056 ], [ 479677.102070885594003, 2142026.881489597726613 ], [ 479734.438673559343442, 2142019.170319570694119 ], [ 479857.482989986019675, 2142003.204437392763793 ], [ 479862.67142911470728, 2142002.531628236640245 ], [ 479875.417581550369505, 2142000.877268793992698 ], [ 479879.919784653000534, 2141999.552604727447033 ], [ 479883.792290542914998, 2141996.901517063844949 ], [ 479886.656031362363137, 2141993.183512735646218 ], [ 479888.230684207053855, 2141988.762535910587758 ], [ 479888.362111085210927, 2141984.071342603769153 ], [ 479887.037447018432431, 2141979.569139501079917 ], [ 479884.386359354946762, 2141975.696633610874414 ], [ 479880.668355026515201, 2141972.832892791833729 ], [ 479876.247378201631363, 2141971.258239946793765 ], [ 479871.556184894696344, 2141971.126813068985939 ], [ 479858.812627047533169, 2141972.780835854820907 ], [ 479853.624449324619491, 2141973.453611113131046 ], [ 479730.543727605312597, 2141989.42421708907932 ], [ 479730.474562053394038, 2141989.433355421293527 ], [ 479676.260268343728967, 2141996.724607731215656 ], [ 479637.026647795166355, 2141985.238497932907194 ], [ 479631.872268125007395, 2141984.663725414313376 ], [ 479626.830244485347066, 2141985.878629052545875 ], [ 479622.503333843953442, 2141988.737971202936023 ], [ 479619.408803814731073, 2141992.899927129037678 ], [ 479617.040752554486971, 2141997.61305520683527 ], [ 479615.615736527892295, 2142002.084508772939444 ], [ 479615.642220891371835, 2142006.777467993088067 ], [ 479617.117613170936238, 2142011.232553322333843 ], [ 479619.897491690528113, 2142015.013669967185706 ], [ 479623.709742572100367, 2142017.750695886556059 ], [ 479628.181196137913503, 2142019.17571191303432 ], [ 479632.874155358469579, 2142019.149227549787611 ], [ 479637.329240687424317, 2142017.673835270106792 ], [ 479638.387191600166261, 2142016.896029321942478 ] ] ] ] } },
{ "type": "Feature", "properties": { "CVEGEO": "090040001", "CVE_ENT": "09", "CVE_MUN": "004", "CVE_LOC": "0001", "CVEVIAL": "01071", "CVESEG": "00001", "NOMVIAL": "Carlos Lazo", "TIPOVIAL": "Avenida", "SENTIDO": "Dos sentidos", "TIPOSEN": 0, "AMBITO": "Urbana", "MINUTES": 19.972697165300001, "LENGTH": 1.446812404323371, "VELOCIDAD": 3.0, "T_VIAL2024": "Vías de acceso controlado - Viaductos", "NOMENCLATU": "Carlos Lazo", "NOTA2024": null, "NombreMate": "Carlos Lazo", "ID": 16 }, "geometry": { "type": "MultiPolygon", "coordinates": [ [ [ [ 473428.087635381380096, 2139176.33482821052894 ], [ 473428.180232644081116, 2139176.298186677508056 ], [ 473458.679130364267621, 2139164.112263876479119 ], [ 473473.041752192075364, 2139160.350465230643749 ], [ 473571.233544797520153, 2139142.698402950074524 ], [ 473589.916701876732986, 2139142.511964570730925 ], [ 473590.074630247079767, 2139142.509556997101754 ], [ 473644.694994425342884, 2139141.389220719691366 ], [ 473659.111815345706418, 2139141.085903299972415 ], [ 473663.899577260483056, 2139140.987170225474983 ], [ 473665.722086940833833, 2139140.838104049675167 ], [ 473819.343434026348405, 2139118.781832086853683 ], [ 473823.827303248050157, 2139117.396377479191869 ], [ 473827.663587270944845, 2139114.69314005644992 ], [ 473830.476763885875698, 2139110.936731532216072 ], [ 473831.991459765238687, 2139106.494855345226824 ], [ 473832.059405922773294, 2139101.802313285414129 ], [ 473830.673951315286104, 2139097.318444063421339 ], [ 473827.970713892718777, 2139093.482160040643066 ], [ 473824.214305368543137, 2139090.668983425479382 ], [ 473819.772429181553889, 2139089.154287546407431 ], [ 473815.079887121333741, 2139089.086341388523579 ], [ 473662.365243380714674, 2139111.012432904914021 ], [ 473658.490159499284346, 2139111.092344761826098 ], [ 473644.07582678576, 2139111.395610615145415 ], [ 473589.538377609744202, 2139112.514246195554733 ], [ 473569.672092103573959, 2139112.712490960024297 ], [ 473567.167745049053337, 2139112.948405894450843 ], [ 473467.155495051585604, 2139130.927734094206244 ], [ 473466.008977208577562, 2139131.180528537835926 ], [ 473450.177536470699124, 2139135.327034172136337 ], [ 473448.412587380036712, 2139135.908281125128269 ], [ 473417.095488745544571, 2139148.421118468046188 ], [ 473375.247265204030555, 2139164.820365538354963 ], [ 473371.199415371112991, 2139167.195124346762896 ], [ 473368.083522239816375, 2139170.704508575145155 ], [ 473366.20459113951074, 2139175.004995243623853 ], [ 473365.746544937603176, 2139179.675622754264623 ], [ 473366.75422038778197, 2139184.259197544306517 ], [ 473369.12897919601528, 2139188.307047377340496 ], [ 473372.638363424281124, 2139191.422940508462489 ], [ 473376.938850092934445, 2139193.301871608942747 ], [ 473381.60947760369163, 2139193.759917810559273 ], [ 473386.193052393558901, 2139192.752242360729724 ], [ 473428.087635381380096, 2139176.33482821052894 ] ] ], [ [ [ 472163.710017371864524, 2141011.458948000334203 ], [ 472190.670198048406746, 2141002.557282906491309 ], [ 472251.142897151468787, 2140984.648729320149869 ], [ 472251.212322106352076, 2140984.627987105865031 ], [ 472306.222256899345666, 2140968.047746112570167 ], [ 472306.733457126712892, 2140967.883632479701191 ], [ 472360.907756673754193, 2140949.415924190077931 ], [ 472361.719226983841509, 2140949.112874533515424 ], [ 472403.486371306004003, 2140932.124885969329625 ], [ 472404.720922560722101, 2140931.556275840848684 ], [ 472435.053503969567828, 2140915.882593033835292 ], [ 472436.04892455949448, 2140915.319142214953899 ], [ 472466.939442584116478, 2140896.243150772992522 ], [ 472467.150432034919504, 2140896.110423108562827 ], [ 472493.125299031962641, 2140879.467526526190341 ], [ 472494.280920001794584, 2140878.647600959055126 ], [ 472509.236102682247292, 2140866.936705723870546 ], [ 472509.500818809668999, 2140866.724543037358671 ], [ 472527.421452015580144, 2140852.025759571231902 ], [ 472527.85234058869537, 2140851.658519436605275 ], [ 472554.193254051031545, 2140828.336161313578486 ], [ 472555.24984388781013, 2140827.303469219710678 ], [ 472573.203409475449007, 2140807.937419763300568 ], [ 472575.36073464929359, 2140804.942365475930274 ], [ 472588.616944141802378, 2140780.727007369045168 ], [ 472589.873855309560895, 2140777.674499875865877 ], [ 472598.881472710054368, 2140746.390124603640288 ], [ 472599.224157291871961, 2140744.928385442588478 ], [ 472613.432820495625492, 2140666.939163508825004 ], [ 472646.390846949012484, 2140500.480689795222133 ], [ 472646.400556406122632, 2140500.431214741896838 ], [ 472675.623855936166365, 2140350.186575383879244 ], [ 472675.794347903807648, 2140349.098115622065961 ], [ 472682.214379465032835, 2140295.239091606345028 ], [ 472682.034029444213957, 2140290.549524298403412 ], [ 472680.413350387243554, 2140286.145211972761899 ], [ 472677.510985652101226, 2140282.457279406487942 ], [ 472673.611038921109866, 2140279.846727135125548 ], [ 472669.095264152740128, 2140278.569094203412533 ], [ 472664.405696844682097, 2140278.749444223940372 ], [ 472660.001384519040585, 2140280.370123281143606 ], [ 472656.313451953057665, 2140283.272488016169518 ], [ 472653.702899681462441, 2140287.172434747219086 ], [ 472652.425266749516595, 2140291.688209515530616 ], [ 472646.070481174974702, 2140344.999870931729674 ], [ 472616.957240782561712, 2140494.678667427971959 ], [ 472583.981886381050572, 2140661.224658025894314 ], [ 472583.939152877428569, 2140661.449476490262896 ], [ 472569.84469994547544, 2140738.81181536661461 ], [ 472561.504530367674306, 2140767.778076177462935 ], [ 472549.938749216904398, 2140788.905498198699206 ], [ 472533.752343842701521, 2140806.36535738222301 ], [ 472508.177163657965139, 2140829.009731966070831 ], [ 472490.606599002610892, 2140843.421383735258132 ], [ 472476.343399721430615, 2140854.590410290751606 ], [ 472451.07067133259261, 2140870.783425061032176 ], [ 472420.773160427517723, 2140889.493213555775583 ], [ 472391.55342006922001, 2140904.591860647778958 ], [ 472350.817803805577569, 2140921.160294867120683 ], [ 472297.307747665734496, 2140939.401566385291517 ], [ 472242.589569182367995, 2140955.89387071877718 ], [ 472181.928703248966485, 2140973.858148554805666 ], [ 472181.485047203837894, 2140973.99704747647047 ], [ 472154.004523651790805, 2140983.070518466643989 ], [ 472153.409765545104165, 2140983.280865169130266 ], [ 472127.827880170545541, 2140992.938260799273849 ], [ 472123.750631895905826, 2140995.262182952370495 ], [ 472120.591069794725627, 2140998.732303266879171 ], [ 472118.658473819377832, 2141003.008942187763751 ], [ 472118.142019929189701, 2141007.67347250180319 ], [ 472119.092262229183689, 2141012.269297480583191 ], [ 472121.41618438239675, 2141016.346545755397528 ], [ 472124.886304696730804, 2141019.50610785651952 ], [ 472129.162943618081044, 2141021.4387038317509 ], [ 472133.827473931654822, 2141021.955157721880823 ], [ 472138.423298910725862, 2141021.004915421828628 ], [ 472163.710017371864524, 2141011.458948000334203 ] ] ] ] } },
{ "type": "Feature", "properties": { "CVEGEO": "090100001", "CVE_ENT": "09", "CVE_MUN": "010", "CVE_LOC": "0001", "CVEVIAL": "00210", "CVESEG": "00066", "NOMVIAL": "Santa Lucía", "TIPOVIAL": "Avenida", "SENTIDO": "Un sentido", "TIPOSEN": 1, "AMBITO": "Urbana", "MINUTES": 0.43000581918000003, "LENGTH": 3.9193764672464431, "VELOCIDAD": 3.0, "T_VIAL2024": null, "NOMENCLATU": null, "NOTA2024": null, "NombreMate": "Santa Lucía", "ID": 30 }, "geometry": { "type": "MultiPolygon", "coordinates": [ [ [ [ 475123.985917726706248, 2141526.167610837612301 ], [ 475125.606316242192406, 2141526.215383495669812 ], [ 475159.431399510416668, 2141525.383471244946122 ], [ 475160.272144316404592, 2141525.339159191586077 ], [ 475184.42549116659211, 2141523.385148543864489 ], [ 475187.133201382297557, 2141522.913465587422252 ], [ 475227.61203851288883, 2141511.962361155543476 ], [ 475274.231022062245756, 2141502.321933980565518 ], [ 475274.679327447840478, 2141502.222047456540167 ], [ 475401.280074225564022, 2141471.972570749465376 ], [ 475414.562324285041541, 2141469.246400047559291 ], [ 475417.010585167736281, 2141468.750144019722939 ], [ 475417.155371348839253, 2141468.720052466727793 ], [ 475466.995107248367276, 2141458.105084642302245 ], [ 475467.120083679037634, 2141458.077909426297992 ], [ 475515.651651998166926, 2141447.308186076115817 ], [ 475531.506603305460885, 2141444.371152706444263 ], [ 475542.519108036300167, 2141442.330043931026012 ], [ 475543.004400238627568, 2141442.231786333024502 ], [ 475556.902495100337546, 2141439.1782051557675 ], [ 475580.86691479961155, 2141433.910616359207779 ], [ 475597.278094947221689, 2141431.744134563021362 ], [ 475608.03374823264312, 2141431.98649193579331 ], [ 475673.400959534978028, 2141446.120263276621699 ], [ 475679.857021796284243, 2141447.739904056768864 ], [ 475680.261826736910734, 2141447.835512362420559 ], [ 475736.006567145057488, 2141460.188093472737819 ], [ 475741.379874255100731, 2141461.378770343028009 ], [ 475752.261192687379662, 2141464.208711094688624 ], [ 475783.535929844190832, 2141472.342071234248579 ], [ 475783.884740863868501, 2141472.428336759563535 ], [ 475808.497266454505734, 2141478.203414626419544 ], [ 475858.287373355589807, 2141496.159816777333617 ], [ 475867.560630074993242, 2141499.50400372594595 ], [ 475869.711078309919685, 2141500.497147027868778 ], [ 475878.631559843197465, 2141504.61640287283808 ], [ 475879.866656463011168, 2141505.121369102038443 ], [ 475942.904993775999174, 2141527.677271057851613 ], [ 475943.191506442148238, 2141527.776533821132034 ], [ 475957.642566717520822, 2141532.620095415040851 ], [ 475961.911274065729231, 2141534.151497646700591 ], [ 475969.240168622869533, 2141536.780836547724903 ], [ 476031.853946962801274, 2141559.244116077199578 ], [ 476123.857470258953981, 2141592.254410686437041 ], [ 476159.997739565209486, 2141605.722521207761019 ], [ 476200.689381558215246, 2141621.013728416524827 ], [ 476248.428207941760775, 2141639.527873976156116 ], [ 476248.919276826723944, 2141639.708532580174506 ], [ 476254.914490732597187, 2141641.796124193817377 ], [ 476282.18030555814039, 2141652.247462769970298 ], [ 476302.305633558891714, 2141659.96167204901576 ], [ 476370.13578099955339, 2141685.957734551746398 ], [ 476370.835644333041273, 2141686.206268837675452 ], [ 476391.527618044347037, 2141692.982368744909763 ], [ 476392.177000237337779, 2141693.178879473358393 ], [ 476410.736733857833315, 2141698.340098807122558 ], [ 476413.830235930741765, 2141698.859916148241609 ], [ 476424.627931975468528, 2141699.527263416908681 ], [ 476427.958137735782657, 2141699.361789937131107 ], [ 476435.654976995545439, 2141698.111607778817415 ], [ 476437.836818861949723, 2141697.587166750337929 ], [ 476446.686332021665294, 2141694.74500031536445 ], [ 476447.437890770379454, 2141694.481417282950133 ], [ 476482.801376408140641, 2141681.01431315485388 ], [ 476525.243199225864373, 2141666.271006070543081 ], [ 476525.460194118088111, 2141666.193754918407649 ], [ 476538.793618322932161, 2141661.331330046057701 ], [ 476542.733523577975575, 2141659.894395643379539 ], [ 476544.073661495465785, 2141659.330630085896701 ], [ 476545.73370035859989, 2141658.535514942836016 ], [ 476545.756532217492349, 2141658.524555373936892 ], [ 476559.639714241260663, 2141651.846033447422087 ], [ 476572.795735136955045, 2141646.577564834151417 ], [ 476574.546742646256462, 2141645.927895862609148 ], [ 476577.399382956326008, 2141645.183747106231749 ], [ 476581.484898033260833, 2141648.590452990029007 ], [ 476587.727269025810529, 2141652.005440321750939 ], [ 476591.127838756714482, 2141653.356996058486402 ], [ 476597.609447009628639, 2141655.053680306766182 ], [ 476599.823985785536934, 2141655.458743701688945 ], [ 476606.045458338339813, 2141656.119428978301585 ], [ 476607.668438801483717, 2141656.203248953446746 ], [ 476612.443393929454032, 2141656.190843038726598 ], [ 476613.797344936465379, 2141656.126079179812223 ], [ 476619.278303706902079, 2141655.614900266751647 ], [ 476621.981071901915129, 2141655.109729169402272 ], [ 476627.080627028539311, 2141653.66231540357694 ], [ 476629.334516448841896, 2141652.581295304000378 ], [ 476629.384440832596738, 2141652.695718051400036 ], [ 476633.914876477152575, 2141650.719020126387477 ], [ 476637.718277992971707, 2141648.325007038656622 ], [ 476638.587079338496551, 2141647.574984379578382 ], [ 476642.997903164592572, 2141649.582863896619529 ], [ 476660.979499132721685, 2141659.426718614064157 ], [ 476665.744859624886885, 2141662.091038479935378 ], [ 476668.953123381303158, 2141663.423860086593777 ], [ 476720.663517413893715, 2141678.163412843365222 ], [ 476727.959738796111196, 2141680.389579195529222 ], [ 476728.475082391814794, 2141680.536805894225836 ], [ 476786.901958062720951, 2141696.105117520783097 ], [ 476845.018292480381206, 2141712.906907627824694 ], [ 476845.342111914651468, 2141712.996608187444508 ], [ 476906.614898629428353, 2141729.232953004539013 ], [ 476922.158129269897472, 2141733.583414780441672 ], [ 476922.320367895066738, 2141733.627845019102097 ], [ 476968.562108379031997, 2141746.013181481044739 ], [ 476968.676644816994667, 2141746.043374634813517 ], [ 476988.225346281076781, 2141751.11417983751744 ], [ 477028.317483061517123, 2141762.368225931655616 ], [ 477039.037449941446539, 2141765.420891861896962 ], [ 477039.238655967754312, 2141765.476677225902677 ], [ 477085.020253650087398, 2141777.827376096509397 ], [ 477143.486807716079056, 2141796.793315093498677 ], [ 477143.850072344415821, 2141796.906084346119314 ], [ 477204.150544031173922, 2141814.790328694041818 ], [ 477204.323239829333033, 2141814.840423578862101 ], [ 477262.624573932262138, 2141831.374033038504422 ], [ 477262.917904168658424, 2141831.454015393741429 ], [ 477322.946613632200751, 2141847.170210434589535 ], [ 477322.969205348752439, 2141847.176106417085975 ], [ 477385.138882299943361, 2141863.349468937609345 ], [ 477443.309519419446588, 2141878.686911078635603 ], [ 477443.716264074144419, 2141878.788098443765193 ], [ 477501.277923836896662, 2141892.256810797844082 ], [ 477557.43658094771672, 2141915.223854003008455 ], [ 477611.471890956920106, 2141943.688712170813233 ], [ 477612.158306199475192, 2141944.028209892567247 ], [ 477671.267865899077151, 2141971.408397778403014 ], [ 477681.780191274359822, 2141977.333935372531414 ], [ 477682.293105573044159, 2141977.61006827885285 ], [ 477735.112752665416338, 2142004.736657103057951 ], [ 477743.414615191693883, 2142009.250547107309103 ], [ 477744.219804495282006, 2142009.657463413197547 ], [ 477767.020670965546742, 2142020.331988872494549 ], [ 477846.945261400484014, 2142057.846615564078093 ], [ 477846.971105692966375, 2142057.858716249465942 ], [ 477931.282441806106362, 2142097.236810403410345 ], [ 477937.189256432233378, 2142098.639611887279898 ], [ 477990.922220873995684, 2142100.21936013828963 ], [ 478049.033793642185628, 2142102.322444353252649 ], [ 478103.855392811703496, 2142104.3068962902762 ], [ 478139.922931572422385, 2142105.714314505457878 ], [ 478140.038464756158646, 2142105.718376991804689 ], [ 478160.969887125014793, 2142106.37363901315257 ], [ 478220.720399894285947, 2142108.535590720828623 ], [ 478220.761586339212954, 2142108.537024319637567 ], [ 478277.858492716914043, 2142110.445900914724916 ], [ 478281.826349576411303, 2142110.664557000156492 ], [ 478341.01984122133581, 2142150.079849458299577 ], [ 478363.052300893701613, 2142164.751523689366877 ], [ 478406.712300659972243, 2142193.82047544233501 ], [ 478472.457250844861846, 2142237.597357270307839 ], [ 478472.729568405135069, 2142237.774456655140966 ], [ 478506.81715103937313, 2142259.421456154435873 ], [ 478584.464039252896328, 2142312.259206458926201 ], [ 478584.582650039577857, 2142312.339095083530992 ], [ 478604.229026120272465, 2142325.435932389460504 ], [ 478635.498883926833514, 2142346.2825289783068 ], [ 478662.396886529924814, 2142364.214361261576414 ], [ 478662.590813191374764, 2142364.341490395832807 ], [ 478756.755368879821617, 2142425.035905408207327 ], [ 478761.04917066328926, 2142426.930063245352358 ], [ 478765.71814579074271, 2142427.404656677506864 ], [ 478770.305262446170673, 2142426.413229193538427 ], [ 478774.361501690989826, 2142424.052828622050583 ], [ 478777.489810566359665, 2142420.554507418069988 ], [ 478779.38396840338828, 2142416.26070563448593 ], [ 478779.858561835659202, 2142411.591730507090688 ], [ 478778.867134351283312, 2142407.004613851662725 ], [ 478776.506733780144714, 2142402.948374606668949 ], [ 478773.008412575989496, 2142399.820065731648356 ], [ 478678.941311552131083, 2142339.188465796876699 ], [ 478652.139898296911269, 2142321.321025803685188 ], [ 478620.869885259715375, 2142300.474325727671385 ], [ 478601.282494895684067, 2142287.416809984482825 ], [ 478523.498004825029057, 2142234.485423312522471 ], [ 478523.100424322474282, 2142234.224003344774246 ], [ 478488.949095655814745, 2142212.53652252536267 ], [ 478423.339105753751937, 2142168.849505247548223 ], [ 478379.679786034917925, 2142139.781006309669465 ], [ 478357.647634799126536, 2142125.109537470154464 ], [ 478295.049216596758924, 2142083.426999530754983 ], [ 478291.471900715434458, 2142081.679717089515179 ], [ 478287.560933687840588, 2142080.93505491502583 ], [ 478279.347197691269685, 2142080.482421812601388 ], [ 478279.023050561954733, 2142080.468073651194572 ], [ 478221.784587204980198, 2142078.554464491549879 ], [ 478162.0181487853406, 2142076.391936546191573 ], [ 478161.945106822007801, 2142076.389471827074885 ], [ 478141.034934842726216, 2142075.734875053167343 ], [ 478105.004025435831863, 2142074.328886179253459 ], [ 478104.961764425621368, 2142074.327296743635088 ], [ 478050.118992514268029, 2142072.342078388202935 ], [ 477991.956383633543737, 2142070.23714715288952 ], [ 477991.854691254440695, 2142070.233812167309225 ], [ 477941.169223851931747, 2142068.743660277687013 ], [ 477859.67928136367118, 2142030.683314234018326 ], [ 477779.760860567912459, 2141993.17158341826871 ], [ 477757.34846286510583, 2141982.67891654279083 ], [ 477749.287800165649969, 2141978.296171746216714 ], [ 477748.975306853360962, 2141978.131003024522215 ], [ 477696.257578581862617, 2141951.05675665428862 ], [ 477685.479364208178595, 2141944.981344013940543 ], [ 477684.418414190586191, 2141944.437692662235349 ], [ 477625.115111293795053, 2141916.967760830186307 ], [ 477570.776971374638379, 2141888.343377151526511 ], [ 477569.463944775459822, 2141887.730789934750646 ], [ 477511.532338636287022, 2141864.038668904919177 ], [ 477509.271824000636116, 2141863.316974672488868 ], [ 477450.755354385939427, 2141849.624848690349609 ], [ 477392.763533020741306, 2141834.334553639404476 ], [ 477392.715812959417235, 2141834.322055513039231 ], [ 477330.533563930366654, 2141818.145422382280231 ], [ 477270.663218259287532, 2141802.470688773784786 ], [ 477212.594642015581485, 2141786.003086852375418 ], [ 477152.562715347856283, 2141768.198489057831466 ], [ 477093.919030502613168, 2141749.175090687349439 ], [ 477093.197559271124192, 2141748.960901400074363 ], [ 477047.153335659240838, 2141736.53935280116275 ], [ 477036.506660193263087, 2141733.507557663135231 ], [ 477036.452396473323461, 2141733.492215494159609 ], [ 476996.189686357509345, 2141722.190288684796542 ], [ 476995.90206086600665, 2141722.11262392392382 ], [ 476976.266488825844135, 2141717.019285062327981 ], [ 476930.163200819690246, 2141704.671031558420509 ], [ 476914.600720689573791, 2141700.315181959886104 ], [ 476914.399852468748577, 2141700.260460362769663 ], [ 476853.188853845815174, 2141684.040488438680768 ], [ 476795.082436609023716, 2141667.241565449628979 ], [ 476794.778568999259733, 2141667.157166512683034 ], [ 476736.458303019055165, 2141651.617261896841228 ], [ 476729.285984229412861, 2141649.428899740800261 ], [ 476729.020352935884148, 2141649.350525496061891 ], [ 476678.858608666865621, 2141635.052400527987629 ], [ 476675.561239272414241, 2141633.208836583886296 ], [ 476675.444058953260537, 2141633.144005800131708 ], [ 476656.918705800315365, 2141623.002476352732629 ], [ 476655.930428288003895, 2141622.507865430787206 ], [ 476642.272178630286362, 2141616.290405652951449 ], [ 476638.185568729124498, 2141615.094166859053075 ], [ 476633.927474360622, 2141615.09445997653529 ], [ 476629.841029190924019, 2141616.291261385194957 ], [ 476626.255534731491935, 2141618.588128211442381 ], [ 476619.834597763489, 2141624.131223007570952 ], [ 476617.387226013292093, 2141625.199048497248441 ], [ 476617.282275295001455, 2141625.258395064156502 ], [ 476615.117826274770778, 2141625.872733615338802 ], [ 476611.687010416004341, 2141626.192706962116063 ], [ 476608.404259309463669, 2141626.201235949061811 ], [ 476604.114514199725818, 2141625.745689225848764 ], [ 476600.517845077149104, 2141624.804192670155317 ], [ 476599.701917256345041, 2141624.356447175610811 ], [ 476597.911712339730002, 2141619.919188015628606 ], [ 476594.812616306706332, 2141616.269765643402934 ], [ 476590.721477607730776, 2141613.782746540382504 ], [ 476586.055095632560551, 2141612.711504674050957 ], [ 476581.288874737685546, 2141613.165176642127335 ], [ 476566.247172828705516, 2141617.089002484921366 ], [ 476564.815594079846051, 2141617.54005730478093 ], [ 476562.179924401163589, 2141618.517958770040423 ], [ 476561.821355112770107, 2141618.656248368788511 ], [ 476548.016995261190459, 2141624.18435121839866 ], [ 476547.090871994267218, 2141624.591991206631064 ], [ 476532.76291829184629, 2141631.484471100848168 ], [ 476531.770691851503216, 2141631.959721581544727 ], [ 476528.51515306532383, 2141633.147058688104153 ], [ 476515.29014391626697, 2141637.969946824945509 ], [ 476472.747910610516556, 2141652.748134189285338 ], [ 476472.331738307490014, 2141652.899624362122267 ], [ 476437.133564198331442, 2141666.303774640429765 ], [ 476429.734582311823033, 2141668.680079143028706 ], [ 476424.804182932071853, 2141669.480914022307843 ], [ 476417.254920275998302, 2141669.014334875158966 ], [ 476400.541524987958837, 2141664.366558098699898 ], [ 476380.52502868254669, 2141657.811660018283874 ], [ 476313.042767495149747, 2141631.948925754055381 ], [ 476292.917852066864725, 2141624.23487461777404 ], [ 476265.435239522252232, 2141613.700434679165483 ], [ 476264.999105590512045, 2141613.540957098826766 ], [ 476259.031700440333225, 2141611.46304876357317 ], [ 476211.463359263259917, 2141593.015021040569991 ], [ 476211.316116846574005, 2141592.958805365487933 ], [ 476170.531489961664192, 2141577.632656061090529 ], [ 476170.493038439191878, 2141577.618266673292965 ], [ 476134.247567029495258, 2141564.110951309558004 ], [ 476134.075248458655551, 2141564.047932259272784 ], [ 476041.985159152594861, 2141531.006578301545233 ], [ 475979.370783229125664, 2141508.543084376025945 ], [ 475972.041881635261234, 2141505.913742950186133 ], [ 475967.624333750922233, 2141504.328944054432213 ], [ 475967.32607786974404, 2141504.225473913829774 ], [ 475952.869103204284329, 2141499.379929993767291 ], [ 475890.602309922222048, 2141477.100096098612994 ], [ 475882.289075116917957, 2141473.261251660529524 ], [ 475879.549338251468726, 2141471.995956698898226 ], [ 475878.348807194211986, 2141471.503342851065099 ], [ 475868.464879126404412, 2141467.938931315205991 ], [ 475817.858018711092882, 2141449.687973569147289 ], [ 475816.195743578544352, 2141449.195010473486036 ], [ 475790.912733474920969, 2141443.262610260397196 ], [ 475759.812130881706253, 2141435.174535845872015 ], [ 475748.666866801911965, 2141432.275949869770557 ], [ 475748.136510030890349, 2141432.148267561104149 ], [ 475742.496874614444096, 2141430.898574716877192 ], [ 475686.955210663902108, 2141418.5909936982207 ], [ 475680.461856575391721, 2141416.961997468490154 ], [ 475679.981952842033934, 2141416.849949662573636 ], [ 475612.973789088136982, 2141402.361369752325118 ], [ 475610.141638137225527, 2141402.026373975444585 ], [ 475596.798557862697635, 2141401.725714053027332 ], [ 475594.497492384572979, 2141401.850928393658251 ], [ 475576.30735437234398, 2141404.252254960127175 ], [ 475575.050256279588211, 2141404.472979295998812 ], [ 475550.464009680144954, 2141409.877251144032925 ], [ 475536.808425328228623, 2141412.877549800556153 ], [ 475526.041529350972269, 2141414.873136380221695 ], [ 475509.927648493903689, 2141417.858134875074029 ], [ 475509.41020134196151, 2141417.963441647589207 ], [ 475460.683266668522265, 2141428.776519079692662 ], [ 475410.978395860292949, 2141439.362763063982129 ], [ 475408.584594400017522, 2141439.847980310674757 ], [ 475408.548587752738968, 2141439.855324692558497 ], [ 475395.012477585463785, 2141442.633599968627095 ], [ 475394.542430289497133, 2141442.737965770065784 ], [ 475267.930885463138111, 2141472.990022520069033 ], [ 475221.093830728612375, 2141482.675545044708997 ], [ 475220.214178775553592, 2141482.885285959579051 ], [ 475180.630835240182932, 2141493.594124442897737 ], [ 475158.272792035480961, 2141495.402894662693143 ], [ 475125.68019508587895, 2141496.204494483303279 ], [ 475099.379838301858399, 2141494.002327461261302 ], [ 475094.699489954102319, 2141494.347156420350075 ], [ 475090.354772167978808, 2141496.121415428351611 ], [ 475086.770976191794034, 2141499.151427650824189 ], [ 475084.298908945464063, 2141503.140594380442053 ], [ 475083.180553594953381, 2141507.69842818332836 ], [ 475083.525382554042153, 2141512.378776531200856 ], [ 475085.299641561636236, 2141516.723494317382574 ], [ 475088.329653784050606, 2141520.30729029327631 ], [ 475092.318820513726678, 2141522.779357539955527 ], [ 475096.876654316845816, 2141523.897712890524417 ], [ 475123.985917726706248, 2141526.167610837612301 ] ] ] ] } },
{ "type": "Feature", "properties": { "CVEGEO": "090100001", "CVE_ENT": "09", "CVE_MUN": "010", "CVE_LOC": "0001", "CVEVIAL": "04857", "CVESEG": "00001", "NOMVIAL": "Primera Cerrada Popotla", "TIPOVIAL": "Calle", "SENTIDO": "Un sentido", "TIPOSEN": 1, "AMBITO": "Urbana", "MINUTES": 1.9706931456000001, "LENGTH": 0.098771930963685681, "VELOCIDAD": 3.0, "T_VIAL2024": "Vías primarias - Ejes viales", "NOMENCLATU": "San Jeronimo", "NOTA2024": null, "NombreMate": "San Jerónimo Eje 10 Sur", "ID": 24 }, "geometry": { "type": "MultiPolygon", "coordinates": [ [ [ [ 477986.425111084594391, 2137583.704931191634387 ], [ 477988.06171392701799, 2137572.846698082983494 ], [ 477992.292536374938209, 2137564.040157381445169 ], [ 478000.718581402383279, 2137556.629665985703468 ], [ 478030.295404484786559, 2137540.570119480136782 ], [ 478036.984180799801834, 2137537.215285741258413 ], [ 478040.7983449648018, 2137534.480926695745438 ], [ 478043.580867234326433, 2137530.701755161397159 ], [ 478045.059374941687565, 2137526.247702778782696 ], [ 478045.089141451171599, 2137521.55476322863251 ], [ 478043.66725300939288, 2137517.082314131315798 ], [ 478040.932893963879906, 2137513.26814996637404 ], [ 478037.153722429473419, 2137510.485627696849406 ], [ 478032.699670046917163, 2137509.007119989488274 ], [ 478028.006730496708769, 2137508.977353480178863 ], [ 478023.53428139956668, 2137510.399241921957582 ], [ 478016.627341062878259, 2137513.86349836923182 ], [ 478016.194688429823145, 2137514.08938354626298 ], [ 477984.921286915370729, 2137531.070133798290044 ], [ 477982.172807316586841, 2137532.988632541615516 ], [ 477970.187866840977222, 2137543.529081587679684 ], [ 477966.573309552215505, 2137548.297158395405859 ], [ 477960.044502630771603, 2137561.886999282054603 ], [ 477958.732676948187873, 2137566.146943123545498 ], [ 477956.444999866886064, 2137581.324804472737014 ], [ 477956.405047562147956, 2137585.512652944307774 ], [ 477957.585776427062228, 2137594.507639248389751 ], [ 477958.916956932866015, 2137599.00791992014274 ], [ 477961.57364803442033, 2137602.876583779696375 ], [ 477965.295794296485838, 2137605.734939053654671 ], [ 477969.719046109123155, 2137607.303190011996776 ], [ 477974.410424766421784, 2137607.427825324703008 ], [ 477978.910705438582227, 2137606.096644819248468 ], [ 477982.779369298135862, 2137603.439953717403114 ], [ 477985.637724571919534, 2137599.717807455454022 ], [ 477987.205975530378055, 2137595.294555642642081 ], [ 477987.330610843142495, 2137590.60317698540166 ], [ 477986.425111084594391, 2137583.704931191634387 ] ] ] ] } },
{ "type": "Feature", "properties": { "CVEGEO": "090100001", "CVE_ENT": "09", "CVE_MUN": "010", "CVE_LOC": "0001", "CVEVIAL": "00128", "CVESEG": "00006", "NOMVIAL": "Escuadrón 201", "TIPOVIAL": "Avenida", "SENTIDO": "Dos sentidos", "TIPOSEN": 2, "AMBITO": "Urbana", "MINUTES": 0.8286665045, "LENGTH": 0.85938967992473669, "VELOCIDAD": 3.0, "T_VIAL2024": "Vías primarias - Ejes viales", "NOMENCLATU": "Escuadron 201", "NOTA2024": null, "NombreMate": "Escuadrón 201", "ID": 3 }, "geometry": { "type": "MultiPolygon", "coordinates": [ [ [ [ 478840.749690120690502, 2143990.684112740214914 ], [ 478883.010338840133045, 2143929.719150345306844 ], [ 478892.312657008122187, 2143917.285484890453517 ], [ 478892.480023007374257, 2143917.05732486769557 ], [ 478951.223770288925152, 2143835.37100781686604 ], [ 478957.928492304636165, 2143826.044198043644428 ], [ 478958.058343483542558, 2143825.860678316093981 ], [ 479035.696282198943663, 2143714.371719405520707 ], [ 479035.9971688647056, 2143713.922596188262105 ], [ 479053.935169356467668, 2143686.074699527584016 ], [ 479064.774669690174051, 2143671.995779296848923 ], [ 479065.502835428575054, 2143670.962713474873453 ], [ 479078.024741734087002, 2143651.505567592568696 ], [ 479078.917412993730977, 2143649.91323690675199 ], [ 479084.665492365893442, 2143638.015725058037788 ], [ 479085.618332524201833, 2143635.482058138586581 ], [ 479091.063319178705569, 2143615.758526861667633 ], [ 479095.141261707409285, 2143601.645445211790502 ], [ 479095.729719257622492, 2143597.659529721364379 ], [ 479095.913888579932973, 2143582.137382794171572 ], [ 479095.778895031893626, 2143579.943740592803806 ], [ 479080.435007102380041, 2143466.795462509151548 ], [ 479078.072831227967981, 2143438.717265846207738 ], [ 479077.591655634809285, 2143421.66325617628172 ], [ 479077.589295464509632, 2143421.586564142722636 ], [ 479077.379481787735131, 2143415.292448002379388 ], [ 479084.354505177994724, 2143389.978593698702753 ], [ 479096.058617128466722, 2143358.454379384871572 ], [ 479100.42549327458255, 2143346.859118300955743 ], [ 479101.384353400499094, 2143341.902926376089454 ], [ 479101.474627871823031, 2143337.806153904180974 ], [ 479102.049652824527584, 2143326.253473409917206 ], [ 479102.013185261399485, 2143324.224274619482458 ], [ 479100.798823217803147, 2143310.084431538823992 ], [ 479100.426929501409177, 2143307.814775665756315 ], [ 479095.051162063260563, 2143285.766392017714679 ], [ 479093.23991566488985, 2143281.436963169369847 ], [ 479090.179450885101687, 2143277.879137569572777 ], [ 479086.169347340008244, 2143275.441179976798594 ], [ 479081.602141904644668, 2143274.361734665930271 ], [ 479076.924904468643945, 2143274.746465265750885 ], [ 479072.595475620473735, 2143276.557711664121598 ], [ 479069.037650020618457, 2143279.618176443967968 ], [ 479066.599692427727859, 2143283.628279989119619 ], [ 479065.520247117208783, 2143288.195485424716026 ], [ 479065.904977716971189, 2143292.872722860425711 ], [ 479071.007540959690232, 2143313.800576094072312 ], [ 479072.036183548916597, 2143325.777930684387684 ], [ 479071.501392073580064, 2143336.522290587890893 ], [ 479071.486485928355251, 2143336.937527396250516 ], [ 479071.448043712007347, 2143338.682084981817752 ], [ 479067.971246100903954, 2143347.913941963110119 ], [ 479067.946655824547634, 2143347.979702114127576 ], [ 479056.004041549342219, 2143380.146305908914655 ], [ 479055.605055147840176, 2143381.382560072466731 ], [ 479047.850643210229464, 2143409.524982400704175 ], [ 479047.320046533015557, 2143414.00935822725296 ], [ 479047.604671650798991, 2143422.547712711151689 ], [ 479048.096555305062793, 2143439.981241582892835 ], [ 479048.143390186829492, 2143440.815672821365297 ], [ 479050.572592854325194, 2143469.690588940866292 ], [ 479050.655840232269838, 2143470.448784600012004 ], [ 479065.902927465678658, 2143582.88323890324682 ], [ 479065.755950150487479, 2143595.270771487150341 ], [ 479062.217507987923454, 2143607.516731993295252 ], [ 479062.168859781115316, 2143607.688940625172108 ], [ 479057.061707653047051, 2143626.188724210951477 ], [ 479052.302622974151745, 2143636.039191243238747 ], [ 479040.617890329624061, 2143654.195496051572263 ], [ 479029.780264980392531, 2143668.271980952471495 ], [ 479029.055421037541237, 2143669.299887526780367 ], [ 479010.922961510194, 2143697.449672635179013 ], [ 478933.503751306852791, 2143808.624534926377237 ], [ 478926.867002798186149, 2143817.856788473203778 ], [ 478868.206649996223859, 2143899.427141047548503 ], [ 478858.826542011171114, 2143911.964781935792416 ], [ 478858.509408493060619, 2143912.405050922650844 ], [ 478816.031493104586843, 2143973.683440931607038 ], [ 478815.907462256029248, 2143973.865200159605592 ], [ 478769.507742519839667, 2144042.943878063000739 ], [ 478767.532623468548991, 2144047.20104524306953 ], [ 478766.969710630888585, 2144051.860197183676064 ], [ 478767.874105837603565, 2144056.465263630263507 ], [ 478770.15728058438981, 2144060.565468593966216 ], [ 478773.595741819357499, 2144063.759455444756895 ], [ 478777.852908999600913, 2144065.734574495814741 ], [ 478782.512060940032825, 2144066.297487333416939 ], [ 478787.117127386620268, 2144065.393092127051204 ], [ 478791.217332350148354, 2144063.109917379915714 ], [ 478794.411319200880826, 2144059.671456145122647 ], [ 478840.749690120690502, 2143990.684112740214914 ] ] ] ] } },
{ "type": "Feature", "properties": { "CVEGEO": "090100001", "CVE_ENT": "09", "CVE_MUN": "010", "CVE_LOC": "0001", "CVEVIAL": "00429", "CVESEG": "00003", "NOMVIAL": "Luz y Fuerza", "TIPOVIAL": "Calle", "SENTIDO": "Dos sentidos", "TIPOSEN": 2, "AMBITO": "Urbana", "MINUTES": 0.66943243551999998, "LENGTH": 0.30006776743366015, "VELOCIDAD": 3.0, "T_VIAL2024": "Vías primarias - Ejes viales", "NOMENCLATU": "Alfonso Caso Andrade", "NOTA2024": null, "NombreMate": "Alfonso Caso Andrade", "ID": 2 }, "geometry": { "type": "MultiPolygon", "coordinates": [ [ [ [ 478392.223819314676803, 2140881.40295563545078 ], [ 478392.203997348900884, 2140881.344884887337685 ], [ 478374.452373460866511, 2140829.685302194673568 ], [ 478330.55700427107513, 2140692.422528875991702 ], [ 478325.839713977475185, 2140659.300478888209909 ], [ 478324.100054599519353, 2140629.135088002774864 ], [ 478323.100245180248749, 2140624.549790979363024 ], [ 478320.732435212587006, 2140620.497872468084097 ], [ 478317.228402433509473, 2140617.37596248369664 ], [ 478312.931145985668991, 2140615.489655327051878 ], [ 478308.261311270762235, 2140615.023595885839313 ], [ 478303.676014247408602, 2140616.023405305109918 ], [ 478299.624095735896844, 2140618.391215273179114 ], [ 478296.502185751509387, 2140621.89524805219844 ], [ 478294.615878595097456, 2140626.192504500038922 ], [ 478294.149819153884891, 2140630.86233921488747 ], [ 478295.925712952564936, 2140661.656028650701046 ], [ 478296.050683804030996, 2140662.907382453326136 ], [ 478301.034833733923733, 2140697.903164533432573 ], [ 478301.597750965098385, 2140700.357109419535846 ], [ 478345.926970008818898, 2140838.976550542749465 ], [ 478346.028364036581479, 2140839.28226141165942 ], [ 478363.822355762240477, 2140891.065140137914568 ], [ 478374.586673670855816, 2140922.812709790188819 ], [ 478376.770348299993202, 2140926.96675995644182 ], [ 478380.130818382254802, 2140930.242703864816576 ], [ 478384.339137692295481, 2140932.319869301747531 ], [ 478388.98336661484791, 2140932.994928841479123 ], [ 478393.608895664743613, 2140932.201802952680737 ], [ 478397.762945830705576, 2140930.018128323834389 ], [ 478401.038889739429578, 2140926.657658241223544 ], [ 478403.116055176360533, 2140922.449338931590319 ], [ 478403.791114716033917, 2140917.805110008921474 ], [ 478402.997988827235531, 2140913.17958095902577 ], [ 478392.223819314676803, 2140881.40295563545078 ] ] ] ] } },
{ "type": "Feature", "properties": { "CVEGEO": "090040001", "CVE_ENT": "09", "CVE_MUN": "004", "CVE_LOC": "0001", "CVEVIAL": "00470", "CVESEG": "00002", "NOMVIAL": "Prolongación Paseo de la Reforma", "TIPOVIAL": "Calle", "SENTIDO": "Un sentido", "TIPOSEN": 1, "AMBITO": "Urbana", "MINUTES": 16.5146936115, "LENGTH": 1.9459494634315748, "VELOCIDAD": 3.0, "T_VIAL2024": null, "NOMENCLATU": null, "NOTA2024": null, "NombreMate": "Prolongación Paseo de la Reforma", "ID": 21 }, "geometry": { "type": "MultiPolygon", "coordinates": [ [ [ [ 473768.917913923796732, 2142969.090121070388705 ], [ 473823.425607251934707, 2143079.05417566280812 ], [ 473823.998470917402301, 2143080.102723017800599 ], [ 473839.837225523137022, 2143106.533713303040713 ], [ 473841.544668424117845, 2143108.846953529398888 ], [ 473876.645409554650541, 2143147.92448603361845 ], [ 473880.289034858928062, 2143150.882282901089638 ], [ 473884.668337945477106, 2143152.569372745230794 ], [ 473889.354642115707975, 2143152.820611458271742 ], [ 473893.889219266129658, 2143151.611406044103205 ], [ 473897.828193391032983, 2143149.060121953487396 ], [ 473900.785990258504171, 2143145.416496649384499 ], [ 473902.47308010305278, 2143141.037193562835455 ], [ 473902.72431881603552, 2143136.350889392662793 ], [ 473901.515113401692361, 2143131.816312241833657 ], [ 473898.963829311134759, 2143127.87733811698854 ], [ 473864.828170467459131, 2143089.87422835174948 ], [ 473850.039105527510401, 2143065.194912238977849 ], [ 473794.568451185245067, 2142953.288175961002707 ], [ 473814.997236584720667, 2142941.215633781161159 ], [ 473817.48390679928707, 2142939.375608889851719 ], [ 473824.950556324794888, 2142932.553247372154146 ], [ 473826.576624500856269, 2142930.811054937541485 ], [ 473848.72627255122643, 2142902.934382877778262 ], [ 473850.433515466924291, 2142899.7974121440202 ], [ 473847.755100157810375, 2142914.110923806205392 ], [ 473846.983737813367043, 2142918.232999580446631 ], [ 473846.852770072640851, 2142922.924205727875233 ], [ 473848.177874773042277, 2142927.426279161125422 ], [ 473850.829341434000526, 2142931.298525565303862 ], [ 473854.547626024868805, 2142934.16190248215571 ], [ 473858.968756943126209, 2142935.736122629139572 ], [ 473863.659963090613019, 2142935.867090370040387 ], [ 473868.162036524037831, 2142934.541985669638962 ], [ 473872.03428292798344, 2142931.890519008506089 ], [ 473874.897659844893496, 2142928.172234417870641 ], [ 473876.471879991877358, 2142923.751103499438614 ], [ 473877.243247677513864, 2142919.628999182488769 ], [ 473896.536045044660568, 2142816.527856067754328 ], [ 473903.184347888105549, 2142786.890647027175874 ], [ 473903.772418465523515, 2142784.26888067368418 ], [ 473913.41795144561911, 2142742.08898947853595 ], [ 473913.719540409627371, 2142737.238436746411026 ], [ 473912.454505369532853, 2142732.546048861928284 ], [ 473909.755640245391987, 2142728.504397620912641 ], [ 473905.90625171904685, 2142725.537745352368802 ], [ 473901.310419816640206, 2142723.957509029656649 ], [ 473896.450580608972814, 2142723.929570046719164 ], [ 473891.836883679905441, 2142725.456861229613423 ], [ 473887.953640437102877, 2142728.379058969207108 ], [ 473860.181569303851575, 2142757.425487288739532 ], [ 473859.421782126650214, 2142758.283491268754005 ], [ 473856.876886790734716, 2142761.388710876461118 ], [ 473837.161217222572304, 2142785.445040444843471 ], [ 473835.473183911584783, 2142787.99703789036721 ], [ 473826.488928356440738, 2142805.161186301149428 ], [ 473825.337176120898221, 2142808.061593264807016 ], [ 473820.690870956343133, 2142824.60564843332395 ], [ 473820.141892267449293, 2142829.201637610793114 ], [ 473821.331339316151571, 2142862.206102053634822 ], [ 473821.873801433539484, 2142888.505604880861938 ], [ 473803.831960049341433, 2142911.212353740818799 ], [ 473798.395722666522488, 2142916.179504883475602 ], [ 473761.997036197397392, 2142937.689578492660075 ], [ 473760.72708974633133, 2142938.529844319913536 ], [ 473757.80403836001642, 2142940.684928085654974 ], [ 473735.314022083417512, 2142943.349072494544089 ], [ 473733.667208415979985, 2142943.637986087240279 ], [ 473694.146831997204572, 2142952.867728611920029 ], [ 473693.428533361526206, 2142953.054336079861969 ], [ 473659.658324362360872, 2142962.72536789951846 ], [ 473655.005912932334468, 2142964.985301808919758 ], [ 473651.39767934352858, 2142968.691092379856855 ], [ 473638.568740439950489, 2142987.49202455766499 ], [ 473637.123206720571034, 2142990.1527039995417 ], [ 473631.177908318873961, 2143004.350018467754126 ], [ 473629.479825177870225, 2143008.405107097234577 ], [ 473628.453252522973344, 2143012.172238644678146 ], [ 473625.794478958297987, 2143031.669953225180507 ], [ 473625.736332534812391, 2143035.237980807200074 ], [ 473627.866482143988833, 2143055.858504273928702 ], [ 473628.787520823942032, 2143059.70347685366869 ], [ 473633.463320290728007, 2143071.856357666663826 ], [ 473634.623075404786505, 2143074.225010293070227 ], [ 473642.103053829399869, 2143086.609533550683409 ], [ 473643.903310508991126, 2143089.009787849616259 ], [ 473654.653183934162371, 2143100.695781213231385 ], [ 473658.044042505556718, 2143103.443960276432335 ], [ 473671.892905284767039, 2143111.653093355242163 ], [ 473674.868560622795485, 2143113.00321786198765 ], [ 473765.640307740948629, 2143142.762860252521932 ], [ 473832.408961056673434, 2143170.185300929006189 ], [ 473892.348651964217424, 2143198.690516002941877 ], [ 474058.609201118000783, 2143277.758117278106511 ], [ 474063.110504816519096, 2143279.085834371857345 ], [ 474067.801786176511087, 2143278.957589025609195 ], [ 474072.223829892289359, 2143277.385934788268059 ], [ 474075.943775514897425, 2143274.524716125801206 ], [ 474078.597488848259673, 2143270.654009057208896 ], [ 474079.925205941894092, 2143266.152705358806998 ], [ 474079.796960595878772, 2143261.461423998698592 ], [ 474078.225306358246598, 2143257.039380283094943 ], [ 474075.364087696128991, 2143253.319434660486877 ], [ 474071.493380627478473, 2143250.665721327066422 ], [ 473905.232837161514908, 2143171.598122756928205 ], [ 473844.925921429181471, 2143142.918268433772027 ], [ 473844.18253783340333, 2143142.589137283153832 ], [ 473776.531788163178135, 2143114.804412304889411 ], [ 473775.506111458817031, 2143114.426221877336502 ], [ 473685.776426956988871, 2143085.008221151772887 ], [ 473675.238918018469121, 2143078.761945585720241 ], [ 473667.00316878547892, 2143069.809011251199991 ], [ 473660.987084686872549, 2143059.848242755513638 ], [ 473657.502758883987553, 2143050.792123797349632 ], [ 473655.762184296967462, 2143033.942810039035976 ], [ 473657.912121600820683, 2143018.176569365896285 ], [ 473658.849606884061359, 2143015.937818022444844 ], [ 473664.20708142220974, 2143003.144221194088459 ], [ 473673.125143633165862, 2142990.074716066475958 ], [ 473701.331012135313358, 2142981.997186792083085 ], [ 473739.67458696605172, 2142973.042279090732336 ], [ 473765.274988520308398, 2142970.009681611321867 ], [ 473768.917913923796732, 2142969.090121070388705 ] ], [ [ 473851.946336388355121, 2142891.712863109540194 ], [ 473851.322577793442179, 2142861.471966274082661 ], [ 473851.31603603658732, 2142861.241061469074339 ], [ 473850.206791247008368, 2142830.462028255220503 ], [ 473853.795558327867184, 2142817.683539010584354 ], [ 473861.339066243148409, 2142803.271895374637097 ], [ 473871.56232520355843, 2142790.797853549011052 ], [ 473867.204927088925615, 2142810.222528061829507 ], [ 473867.097109512600582, 2142810.74679072201252 ], [ 473851.946336388355121, 2142891.712863109540194 ] ] ], [ [ [ 472103.41776409529848, 2141871.983736003283411 ], [ 472103.25512387388153, 2141871.572673495858908 ], [ 472020.184517172863707, 2141670.336878194008023 ], [ 472019.898187324171886, 2141669.687279096338898 ], [ 471964.403939902433194, 2141551.449947132263333 ], [ 471964.383496731636114, 2141551.406570837832987 ], [ 471943.340873289853334, 2141506.942792462650687 ], [ 471937.340248892025556, 2141494.263251037336886 ], [ 471937.168191024975386, 2141493.911627685651183 ], [ 471912.277833332656883, 2141444.682552916929126 ], [ 471909.531193039612845, 2141440.877223132643849 ], [ 471905.743071318429429, 2141438.106897972524166 ], [ 471901.284275916579645, 2141436.642756165470928 ], [ 471896.591264794173185, 2141436.628118112683296 ], [ 471892.123422578151803, 2141438.064416688401252 ], [ 471888.318092793750111, 2141440.811056981794536 ], [ 471885.547767633688636, 2141444.599178703036159 ], [ 471884.08362582657719, 2141449.057974104769528 ], [ 471884.068987773731351, 2141453.750985227059573 ], [ 471885.505286349798553, 2141458.21882744319737 ], [ 471910.307320789375808, 2141507.273213199339807 ], [ 471916.224214127636515, 2141519.775827796664089 ], [ 471937.256584857474081, 2141564.217941842973232 ], [ 471992.589792414568365, 2141682.112158532720059 ], [ 472075.440573161875363, 2141882.815432737115771 ], [ 472124.182058321894147, 2142011.518501454498619 ], [ 472126.510272528161295, 2142015.593300379347056 ], [ 472129.983717936789617, 2142018.749206692911685 ], [ 472134.262389510171488, 2142020.677298297174275 ], [ 472138.927461063605733, 2142021.188840151764452 ], [ 472143.522282889811322, 2142020.233758976217359 ], [ 472147.597081814543344, 2142017.905544769950211 ], [ 472150.752988128224388, 2142014.432099361438304 ], [ 472152.681079732370563, 2142010.153427787590772 ], [ 472153.19262158696074, 2142005.488356234505773 ], [ 472152.237540411180817, 2142000.893534408416599 ], [ 472103.41776409529848, 2141871.983736003283411 ] ] ] ] } },
{ "type": "Feature", "properties": { "CVEGEO": "090100001", "CVE_ENT": "09", "CVE_MUN": "010", "CVE_LOC": "0001", "CVEVIAL": "04134", "CVESEG": "00001", "NOMVIAL": "Río Mixcoac (Rosa Trepadora)", "TIPOVIAL": "Calle", "SENTIDO": "Un sentido", "TIPOSEN": 1, "AMBITO": "Urbana", "MINUTES": 2.23455572604, "LENGTH": 0.11200238774793973, "VELOCIDAD": 3.0, "T_VIAL2024": null, "NOMENCLATU": null, "NOTA2024": null, "NombreMate": "Rosa Trepadora", "ID": 27 }, "geometry": { "type": "MultiPolygon", "coordinates": [ [ [ [ 479858.630399868008681, 2142025.962552395649254 ], [ 479855.412176834943239, 2142021.81886386172846 ], [ 479844.432037285470869, 2142007.675116229336709 ], [ 479841.01781345915515, 2142002.402839392889291 ], [ 479837.793764700298198, 2141998.840071888640523 ], [ 479831.808868135442026, 2141994.055437238886952 ], [ 479828.179759657359682, 2141991.912228958681226 ], [ 479821.373874581535347, 2141989.094780449289829 ], [ 479816.704439386026934, 2141987.992221375461668 ], [ 479809.68358568334952, 2141987.491082058753818 ], [ 479806.107128736446612, 2141987.664254341740161 ], [ 479799.462080958532169, 2141988.791398175060749 ], [ 479796.874199197685812, 2141989.472468023654073 ], [ 479790.981029037968256, 2141991.601364059373736 ], [ 479788.681927491677925, 2141992.658886153716594 ], [ 479784.043215993908234, 2141995.287624818272889 ], [ 479781.149219737912063, 2141997.423274504486471 ], [ 479776.633147651096806, 2142001.680722841992974 ], [ 479774.726662680041045, 2142003.862625388428569 ], [ 479771.301164537842851, 2142008.64667033823207 ], [ 479769.605755221564323, 2142011.71979048801586 ], [ 479767.104873313219287, 2142017.858263665344566 ], [ 479766.234515790361911, 2142020.854779082816094 ], [ 479764.826536835520528, 2142028.659639310557395 ], [ 479764.726120552513748, 2142033.351598841138184 ], [ 479766.080514224129729, 2142037.844947865232825 ], [ 479768.757140361121856, 2142041.699846072588116 ], [ 479772.493992148141842, 2142044.538949168287218 ], [ 479776.925280495954212, 2142046.084345960523933 ], [ 479781.617240026651416, 2142046.184762243647128 ], [ 479786.110589050396811, 2142044.830368571914732 ], [ 479789.965487257868517, 2142042.153742434922606 ], [ 479792.80459035380045, 2142038.416890648193657 ], [ 479794.349987145978957, 2142033.985602300148457 ], [ 479795.479473822051659, 2142027.724510395433754 ], [ 479796.721794557524845, 2142024.675205073785037 ], [ 479798.27119867503643, 2142022.511309886816889 ], [ 479800.410119738895446, 2142020.494879290927202 ], [ 479802.368094190896954, 2142019.385303248651326 ], [ 479805.803506714990363, 2142018.144267285708338 ], [ 479809.346296713454649, 2142017.543333472684026 ], [ 479812.144480841001496, 2142017.743064180482179 ], [ 479814.738350614905357, 2142018.816854649689049 ], [ 479817.159678135474678, 2142020.752588613890111 ], [ 479819.599551885854453, 2142024.520264816004783 ], [ 479820.34148503257893, 2142025.565243511460721 ], [ 479831.715885309327859, 2142040.216846640687436 ], [ 479834.931789064896293, 2142044.357547745574266 ], [ 479843.657009529764764, 2142055.600587640888989 ], [ 479847.078837521665264, 2142058.812387893442065 ], [ 479851.325690191530157, 2142060.809588450938463 ], [ 479855.981856010446791, 2142061.396689407993108 ], [ 479860.591557026666123, 2142060.516221232246608 ], [ 479864.703563586983364, 2142058.254370283801109 ], [ 479867.915363839361817, 2142054.832542291842401 ], [ 479869.912564397032838, 2142050.585689621977508 ], [ 479870.499665354203898, 2142045.929523802828044 ], [ 479869.619197178573813, 2142041.319822786841542 ], [ 479867.357346229720861, 2142037.207816226407886 ], [ 479858.630399868008681, 2142025.962552395649254 ] ] ] ] } },
{ "type": "Feature", "properties": { "CVEGEO": "090100001", "CVE_ENT": "09", "CVE_MUN": "010", "CVE_LOC": "0001", "CVEVIAL": "00925", "CVESEG": "00003", "NOMVIAL": "Avenida de los Artistas", "TIPOVIAL": "Avenida", "SENTIDO": "Dos sentidos", "TIPOSEN": 2, "AMBITO": "Urbana", "MINUTES": 2.5356626053200002, "LENGTH": 0.14349410942507862, "VELOCIDAD": 3.0, "T_VIAL2024": "Vías primarias  - Avenidas primarias", "NOMENCLATU": "Av Centenario", "NOTA2024": null, "NombreMate": "Av Centenario", "ID": 6 }, "geometry": { "type": "MultiPolygon", "coordinates": [ [ [ [ 473379.501768389018252, 2139197.06290399748832 ], [ 473379.560359095805325, 2139197.109836150426418 ], [ 473382.169612638419494, 2139199.189195482060313 ], [ 473383.419915989274159, 2139200.189635126851499 ], [ 473384.308862074569333, 2139200.848655756097287 ], [ 473385.069883255811874, 2139201.370469845831394 ], [ 473393.573775091732386, 2139207.201434522401541 ], [ 473396.37349153595278, 2139208.712109935469925 ], [ 473407.066799280000851, 2139213.089741707779467 ], [ 473411.223072617081925, 2139214.13005439331755 ], [ 473455.246826367801987, 2139218.634072003420442 ], [ 473456.516254454909358, 2139218.709758419077843 ], [ 473488.436642911925446, 2139219.257241493556648 ], [ 473489.018848910578527, 2139219.255926695652306 ], [ 473518.058844238752499, 2139218.62663508253172 ], [ 473522.677106006129179, 2139217.792233551386744 ], [ 473526.811489700688981, 2139215.571549167390913 ], [ 473530.057293040445074, 2139212.181957990396768 ], [ 473532.096794179698918, 2139207.955256821587682 ], [ 473532.730352536891587, 2139203.305184620898217 ], [ 473531.895951005688403, 2139198.686922853346914 ], [ 473529.675266621692572, 2139194.55253915861249 ], [ 473526.285675444814842, 2139191.306735819205642 ], [ 473522.058974276005756, 2139189.267234679777175 ], [ 473517.408902074908838, 2139188.633676322642714 ], [ 473488.659996990987565, 2139189.256660060957074 ], [ 473457.667043922643643, 2139188.72508391039446 ], [ 473416.429591510095634, 2139184.506129458546638 ], [ 473409.219774691620842, 2139181.554570976179093 ], [ 473402.035156284575351, 2139176.628208205569535 ], [ 473401.730707004840951, 2139176.419454589020461 ], [ 473400.901127427525353, 2139175.75566024100408 ], [ 473400.877935910481028, 2139175.737140976358205 ], [ 473398.286431514949072, 2139173.671926246955991 ], [ 473390.127108686720021, 2139167.102584772743285 ], [ 473386.056232005008496, 2139164.76751931104809 ], [ 473381.463023299234919, 2139163.804710164666176 ], [ 473376.797097840346396, 2139164.30840380070731 ], [ 473372.515188921592198, 2139166.22929517691955 ], [ 473369.036439621879254, 2139169.379354061558843 ], [ 473366.70137416041689, 2139173.450230743270367 ], [ 473365.738565013976768, 2139178.043439449276775 ], [ 473366.24225865007611, 2139182.709364907816052 ], [ 473368.163150026230142, 2139186.991273826919496 ], [ 473371.313208910869434, 2139190.470023126341403 ], [ 473379.501768389018252, 2139197.06290399748832 ] ] ] ] } },
{ "type": "Feature", "properties": { "CVEGEO": "090100001", "CVE_ENT": "09", "CVE_MUN": "010", "CVE_LOC": "0001", "CVEVIAL": "05899", "CVESEG": "00001", "NOMVIAL": "Vasco de Quiroga", "TIPOVIAL": "Vías primarias", "SENTIDO": "Dos sentidos", "TIPOSEN": 2, "AMBITO": "Urbana", "MINUTES": 0.93864972902, "LENGTH": 5.4268225608423313, "VELOCIDAD": 3.0, "T_VIAL2024": "Vías primarias  - Avenidas primarias", "NOMENCLATU": "Av Vasco de Quiroga", "NOTA2024": null, "NombreMate": "Av. Vasco de Quiroga", "ID": 12 }, "geometry": { "type": "MultiPolygon", "coordinates": [ [ [ [ 472014.1584407617338, 2141342.671565909404308 ], [ 472015.195123757352121, 2141342.903063473291695 ], [ 472015.849123700347263, 2141343.136537773534656 ], [ 472025.114104013133328, 2141346.435625158715993 ], [ 472025.276158467109781, 2141346.492286818102002 ], [ 472044.412849758460652, 2141353.060696743894368 ], [ 472045.597556438704487, 2141353.467208699788898 ], [ 472115.803661482874304, 2141377.557235409040004 ], [ 472144.237157532945275, 2141391.468933672178537 ], [ 472174.752994935028255, 2141414.025778457988054 ], [ 472220.607176985708065, 2141458.511117447633296 ], [ 472220.622566681005992, 2141458.526026405859739 ], [ 472226.146237884182483, 2141463.869508916977793 ], [ 472230.174855905410368, 2141467.796497453935444 ], [ 472243.953295041399542, 2141482.075223953463137 ], [ 472249.1272834232077, 2141487.656838343478739 ], [ 472249.298717435274739, 2141487.838715550024062 ], [ 472301.309702344296966, 2141542.105041430331767 ], [ 472303.730824076745193, 2141544.728336616884917 ], [ 472303.923837771639228, 2141544.933566672261804 ], [ 472308.375065887812525, 2141549.578338855877519 ], [ 472365.509330703062005, 2141612.47219823487103 ], [ 472370.239371528266929, 2141617.795533092226833 ], [ 472370.574159398383927, 2141618.16002192767337 ], [ 472372.750164385768585, 2141620.451999809127301 ], [ 472373.598778754996601, 2141621.277950655203313 ], [ 472416.276761211687699, 2141659.654635031707585 ], [ 472421.515639544639271, 2141664.412586833816022 ], [ 472421.573858610645402, 2141664.465184222906828 ], [ 472423.18285652960185, 2141665.911191396880895 ], [ 472445.814221562759485, 2141694.068035750184208 ], [ 472445.986202871892601, 2141694.278085246682167 ], [ 472471.155458027322311, 2141724.457244400400668 ], [ 472556.682364737207536, 2141840.417030306067318 ], [ 472566.134206166723743, 2141854.238445920869708 ], [ 472579.503415055107325, 2141875.074586345348507 ], [ 472593.520631694467738, 2141897.147957634646446 ], [ 472593.868448819557671, 2141897.671134570147842 ], [ 472606.301925713662058, 2141915.549510410521179 ], [ 472606.826773984765168, 2141916.258751726709306 ], [ 472693.817976663529407, 2142026.855294852983207 ], [ 472694.268989463162143, 2142027.401630717329681 ], [ 472759.567919954424724, 2142102.801760423462838 ], [ 472772.511284884007182, 2142117.747491268441081 ], [ 472772.990330752916634, 2142118.274803684558719 ], [ 472778.141497247212101, 2142123.681253212504089 ], [ 472941.744026323140133, 2142295.93274942971766 ], [ 472942.859887862985488, 2142296.992929889354855 ], [ 472960.966255521867424, 2142312.508280295412987 ], [ 472963.037317948532291, 2142313.997350478544831 ], [ 473164.530745064897928, 2142434.293337010312825 ], [ 473178.963881109084468, 2142442.910114117898047 ], [ 473179.636447984434199, 2142443.288525580894202 ], [ 473189.728365635557566, 2142448.629602605011314 ], [ 473314.610165834135842, 2142514.756200563628227 ], [ 473403.075950986938551, 2142566.624261883553118 ], [ 473426.350105209508911, 2142580.27230376470834 ], [ 473433.072936151293106, 2142584.206205838359892 ], [ 473466.563251645944547, 2142603.848401596769691 ], [ 473469.037703577603679, 2142605.010848074685782 ], [ 473514.628480563405901, 2142621.545585978310555 ], [ 473515.716081703547388, 2142621.893792704213411 ], [ 473598.634601042198483, 2142645.000527598429471 ], [ 473712.818848615745082, 2142688.990558536723256 ], [ 473715.285119075910188, 2142689.938258216716349 ], [ 473715.579355927766301, 2142690.047802136279643 ], [ 473722.136407236917876, 2142692.411146264988929 ], [ 473832.564459837332834, 2142732.195636493619531 ], [ 473832.661569554766174, 2142732.230246156454086 ], [ 473851.963884551892988, 2142739.034878079313785 ], [ 473858.510591888334602, 2142741.342722074594349 ], [ 473858.833044974424411, 2142741.452293921262026 ], [ 473894.130858785880264, 2142753.001459617633373 ], [ 473894.842457754886709, 2142753.214931299909949 ], [ 473942.328652957396116, 2142766.187529444228858 ], [ 474012.784192144405097, 2142787.066928637214005 ], [ 474013.274997933302075, 2142787.203356298618019 ], [ 474077.580068419629242, 2142803.907082972116768 ], [ 474088.938377448066603, 2142807.051168539561331 ], [ 474101.128412768011913, 2142812.169698943849653 ], [ 474146.543830215174239, 2142832.455722559243441 ], [ 474147.660704670241103, 2142832.901800433639437 ], [ 474161.035539548902307, 2142837.631290403660387 ], [ 474151.760505154845305, 2142839.035023811273277 ], [ 474147.287301029544324, 2142840.454535177908838 ], [ 474143.471684233518317, 2142843.186866807285696 ], [ 474140.687153923732694, 2142846.964559042360634 ], [ 474139.206279327860102, 2142851.417825045529753 ], [ 474139.174018769175746, 2142856.110748114064336 ], [ 474140.593530136044137, 2142860.583952239248902 ], [ 474143.325861765420996, 2142864.399569035042077 ], [ 474147.103554000263102, 2142867.184099345002323 ], [ 474151.556820003839675, 2142868.664973940700293 ], [ 474156.249743071966805, 2142868.697234499268234 ], [ 474183.086603085510433, 2142864.635600293520838 ], [ 474187.920707093086094, 2142863.029156804084778 ], [ 474191.938422854233067, 2142859.897514694370329 ], [ 474194.676387706014793, 2142855.601845862809569 ], [ 474196.893503484840039, 2142850.311071692965925 ], [ 474216.672264505352359, 2142857.305072078481317 ], [ 474294.673495865543373, 2142886.383233681321144 ], [ 474295.377345253305975, 2142886.625903900712729 ], [ 474358.199282474757638, 2142906.555283154826611 ], [ 474448.408828026556876, 2142935.141495170537382 ], [ 474593.483618172933348, 2142993.476520172320306 ], [ 474604.348301084770355, 2142997.933048109058291 ], [ 474639.874468970403541, 2143016.681399123277515 ], [ 474664.975045842933469, 2143029.926162816118449 ], [ 474665.016760094556957, 2143029.94809037540108 ], [ 474705.775286415475421, 2143051.291610740590841 ], [ 474706.1840840986697, 2143051.497793194372207 ], [ 474769.503476147481706, 2143082.230692103970796 ], [ 474777.414803529798519, 2143086.379074693657458 ], [ 474778.400170517677907, 2143086.850840303581208 ], [ 474879.936336802085862, 2143130.993336042389274 ], [ 474880.185453246813267, 2143131.098977246787399 ], [ 474883.759703941817861, 2143132.576794046908617 ], [ 474951.067280426272191, 2143163.394108237233013 ], [ 474952.286936867050827, 2143163.889022274408489 ], [ 475072.093572794343345, 2143206.483706536702812 ], [ 475073.489652725809719, 2143206.90482713514939 ], [ 475190.233114913047757, 2143236.011374937836081 ], [ 475190.256061961234082, 2143236.017076903022826 ], [ 475196.191043449856807, 2143237.48685683356598 ], [ 475264.445995055662934, 2143254.892112472560257 ], [ 475313.709073512989562, 2143268.129191363230348 ], [ 475314.672054741065949, 2143268.354191266931593 ], [ 475445.237757668423001, 2143294.354120823554695 ], [ 475446.843898026039824, 2143294.584474848583341 ], [ 475467.191939814423677, 2143296.386654285248369 ], [ 475508.173556541150901, 2143302.998103885911405 ], [ 475508.377223017101642, 2143303.02952694427222 ], [ 475548.532631718204357, 2143308.942868645302951 ], [ 475548.706568246067036, 2143308.967443095054477 ], [ 475617.391684963542502, 2143318.261672273278236 ], [ 475617.882441136403941, 2143318.319864551536739 ], [ 475663.288782765099313, 2143322.946875613182783 ], [ 475712.258499236602802, 2143333.805569344665855 ], [ 475712.688945041212719, 2143333.894422015640885 ], [ 475762.777544475044124, 2143343.470841022673994 ], [ 475780.746289151487872, 2143346.905639441218227 ], [ 475810.618575390835758, 2143357.035715910140425 ], [ 475810.715751090843696, 2143357.068299693055451 ], [ 475825.657629725930747, 2143362.021707431878895 ], [ 475856.748770561360288, 2143372.675915217492729 ], [ 475856.794921790482476, 2143372.691646395251155 ], [ 475909.023663768195547, 2143390.399717152584344 ], [ 475909.35590757522732, 2143390.508065420668572 ], [ 475943.502948020759504, 2143401.205342480447143 ], [ 475956.700949012825731, 2143405.373109957203269 ], [ 475956.724552513973322, 2143405.380542248953134 ], [ 475980.845113885530736, 2143412.953782928641886 ], [ 476013.789391318336129, 2143423.293995950836688 ], [ 476045.913001370325219, 2143433.380565513856709 ], [ 476046.034668053966016, 2143433.418201262596995 ], [ 476098.173047551128548, 2143449.304221498314291 ], [ 476140.418252408620901, 2143466.497432770207524 ], [ 476140.817948262672871, 2143466.65347774932161 ], [ 476174.875478435598779, 2143479.391559871379286 ], [ 476293.070907943067141, 2143524.894072245340794 ], [ 476419.918355175002944, 2143574.372054296545684 ], [ 476441.720863832044415, 2143583.113455082755536 ], [ 476561.969659276073799, 2143632.473044716753066 ], [ 476632.96041215909645, 2143664.300585377495736 ], [ 476633.659760251524858, 2143664.593133798800409 ], [ 476675.968056983489078, 2143681.04794460721314 ], [ 476681.044242947478779, 2143683.256526659242809 ], [ 476685.587521304376423, 2143684.432617403566837 ], [ 476690.271867817966267, 2143684.147195947356522 ], [ 476694.638746013806667, 2143682.428201331291348 ], [ 476698.26069542823825, 2143679.443900725338608 ], [ 476700.783174416981637, 2143675.486418265849352 ], [ 476701.959265161480289, 2143670.943139908835292 ], [ 476701.673843705386389, 2143666.258793395478278 ], [ 476699.954849089379422, 2143661.89191519934684 ], [ 476696.97054848348489, 2143658.26996578508988 ], [ 476693.013066023821011, 2143655.747486796230078 ], [ 476687.665472182212397, 2143653.420818730257452 ], [ 476687.118209287174977, 2143653.195445435121655 ], [ 476644.887428980844561, 2143636.770782805979252 ], [ 476574.023909170588013, 2143605.000285008456558 ], [ 476573.583399906870909, 2143604.811184782069176 ], [ 476453.055983242287766, 2143555.337227024137974 ], [ 476452.94208283838816, 2143555.291017712559551 ], [ 476431.017054838361219, 2143546.500494566280395 ], [ 476430.885861949471291, 2143546.448609466198832 ], [ 476303.941823043569457, 2143496.932950967922807 ], [ 476303.880023547972087, 2143496.909002689644694 ], [ 476185.586611052742228, 2143451.368769126944244 ], [ 476185.45225332910195, 2143451.31778214359656 ], [ 476151.528386135178152, 2143438.629692196380347 ], [ 476108.850990913168062, 2143421.26058545242995 ], [ 476107.568469966005068, 2143420.805273538921028 ], [ 476054.839405004750006, 2143404.739277605433017 ], [ 476022.775750687811524, 2143394.671533687971532 ], [ 475989.831122344359756, 2143384.331210499163717 ], [ 475965.723047295992728, 2143376.761890206020325 ], [ 475952.520465541689191, 2143372.592676180880517 ], [ 475952.487694905837998, 2143372.582368867471814 ], [ 475918.491016371117439, 2143361.932195831555873 ], [ 475866.45085357199423, 2143344.288062540814281 ], [ 475835.311643243359867, 2143333.617382462602109 ], [ 475835.169137757096905, 2143333.56934603722766 ], [ 475820.204529506794643, 2143328.608403164893389 ], [ 475789.398560549598187, 2143318.161702877376229 ], [ 475787.397635903966147, 2143317.633890673983842 ], [ 475768.410946668998804, 2143314.004508034326136 ], [ 475718.538466184807476, 2143304.469408721197397 ], [ 475668.92814646899933, 2143293.468665679916739 ], [ 475667.201536719861906, 2143293.190235340036452 ], [ 475621.169617993757129, 2143288.499476527795196 ], [ 475552.816440180526115, 2143279.250164158176631 ], [ 475512.849869000317995, 2143273.364630934782326 ], [ 475471.43951765273232, 2143266.684014777187258 ], [ 475470.373834263416938, 2143266.551033645868301 ], [ 475450.299877758836374, 2143264.77312931464985 ], [ 475321.016207507054787, 2143239.028494666796178 ], [ 475272.13805785542354, 2143225.89484684728086 ], [ 475271.952042973018251, 2143225.846140488050878 ], [ 475203.553640346857719, 2143208.404304328374565 ], [ 475203.452977839624509, 2143208.379005621187389 ], [ 475197.479096942581236, 2143206.899592371657491 ], [ 475081.45539298892254, 2143177.972495109774172 ], [ 474962.957246019330341, 2143135.8430160805583 ], [ 474895.994162052636966, 2143105.183430554810911 ], [ 474895.481056743010413, 2143104.959983637556434 ], [ 474891.773203490243759, 2143103.426927258260548 ], [ 474790.862398095312528, 2143059.55630499497056 ], [ 474783.228732288407627, 2143055.553516992367804 ], [ 474782.812616214563604, 2143055.343499637208879 ], [ 474719.489506786223501, 2143024.608796448912472 ], [ 474678.954680106427986, 2143003.38241814635694 ], [ 474653.875963877828326, 2142990.149189631920308 ], [ 474617.710676195507403, 2142971.063553652726114 ], [ 474616.402250581188127, 2142970.451688927132636 ], [ 474604.820469860045705, 2142965.701018359046429 ], [ 474604.724057996761985, 2142965.661861811298877 ], [ 474459.075782225874718, 2142907.096236453857273 ], [ 474458.010935125872493, 2142906.714043866842985 ], [ 474367.268559452844784, 2142877.9589858292602 ], [ 474304.803828275180422, 2142858.142925187014043 ], [ 474227.032431964296848, 2142829.150444035418332 ], [ 474226.79354185028933, 2142829.063685870729387 ], [ 474193.536167437327094, 2142817.30349071836099 ], [ 474193.53616371343378, 2142817.303490030113608 ], [ 474193.536160384304821, 2142817.303488224279135 ], [ 474158.229541104112286, 2142804.818676016759127 ], [ 474113.209194657334592, 2142784.709121541120112 ], [ 474112.898843367700465, 2142784.574671024922282 ], [ 474099.670062755991239, 2142779.019977047573775 ], [ 474097.86447282100562, 2142778.393855556845665 ], [ 474085.468407328531612, 2142774.962509349454194 ], [ 474085.23795919836266, 2142774.900688129477203 ], [ 474021.0639801750076, 2142758.231013451237231 ], [ 473950.698622978641652, 2142737.378339563496411 ], [ 473950.389555388479494, 2142737.290338028687984 ], [ 473903.10679855698254, 2142724.373316546902061 ], [ 473868.32398871058831, 2142712.992656077258289 ], [ 473861.938073006516788, 2142710.741494317539036 ], [ 473842.68442460213555, 2142703.954018795397133 ], [ 473732.307727525767405, 2142664.188030834309757 ], [ 473725.899321507662535, 2142661.878262613434345 ], [ 473723.597759401716758, 2142660.993860082700849 ], [ 473608.747481111611705, 2142616.747237605042756 ], [ 473607.381596814549994, 2142616.294974063988775 ], [ 473524.319710270152427, 2142593.148287322837859 ], [ 473480.556515713280533, 2142577.276372000109404 ], [ 473448.243739380734041, 2142558.324807380326092 ], [ 473448.230738091398962, 2142558.317190849222243 ], [ 473441.519458179711364, 2142554.390055424999446 ], [ 473418.250853933335748, 2142540.745268068742007 ], [ 473329.503403303097002, 2142488.712064414750785 ], [ 473328.936021060973871, 2142488.395710771903396 ], [ 473203.765703550947364, 2142422.116339004598558 ], [ 473194.010736880649347, 2142416.953590557910502 ], [ 473179.909130665590055, 2142408.534741235431284 ], [ 472979.514814593479969, 2142288.894948055502027 ], [ 472962.965606245503295, 2142274.713927803561091 ], [ 472799.88565960410051, 2142103.012640723027289 ], [ 472799.86941570386989, 2142102.99556496180594 ], [ 472794.95590649388032, 2142097.838550608139485 ], [ 472782.24575755285332, 2142083.162114758510143 ], [ 472717.178742044372484, 2142008.02977534616366 ], [ 472630.679451419273391, 2141898.058626179117709 ], [ 472618.677352330996655, 2141880.8005381799303 ], [ 472604.809690894035157, 2141858.962676378432661 ], [ 472604.771803368697874, 2141858.903321965131909 ], [ 472591.264758248231374, 2141837.852361418306828 ], [ 472591.021732002496719, 2141837.48555151373148 ], [ 472581.294607679825276, 2141823.261590077076107 ], [ 472580.984663654002361, 2141822.82527372892946 ], [ 472495.03331469593104, 2141706.290017084218562 ], [ 472494.48116963513894, 2141705.586331189144403 ], [ 472469.112288181902841, 2141675.167810410261154 ], [ 472445.804681818583049, 2141646.169619463384151 ], [ 472444.139586588134989, 2141644.410212185233831 ], [ 472441.6559533168911, 2141642.178169815801084 ], [ 472436.418655102548655, 2141637.421653077937663 ], [ 472436.363610809610691, 2141637.371909675654024 ], [ 472394.098666174977552, 2141599.366635127458721 ], [ 472392.501054896682035, 2141597.683877167757601 ], [ 472387.880615002242848, 2141592.483890601899475 ], [ 472387.770368005789351, 2141592.361180820968002 ], [ 472330.446117514919024, 2141529.258183678612113 ], [ 472330.173166233755182, 2141528.965652284678072 ], [ 472325.680982185353059, 2141524.278143361676484 ], [ 472323.259572416660376, 2141521.654536086600274 ], [ 472323.065971051866654, 2141521.448692843783647 ], [ 472271.043690625345334, 2141467.170581641141325 ], [ 472265.852421518415213, 2141461.570325086358935 ], [ 472265.64575048343977, 2141461.351807369850576 ], [ 472251.603490321605932, 2141446.799680651631206 ], [ 472251.279730700538494, 2141446.474280199501663 ], [ 472247.066304449690506, 2141442.367145569063723 ], [ 472247.025351513177156, 2141442.327377436216921 ], [ 472241.488866219937336, 2141436.971498845610768 ], [ 472194.92156719090417, 2141391.794330907985568 ], [ 472193.393168227747083, 2141390.498081872239709 ], [ 472160.971973415347748, 2141366.532825749367476 ], [ 472158.647995020670351, 2141365.121423280332237 ], [ 472128.148569661076181, 2141350.198924757540226 ], [ 472126.424623679253273, 2141349.484667274635285 ], [ 472055.334288617887069, 2141325.091232126578689 ], [ 472054.151550669572316, 2141324.685395775828511 ], [ 472035.096707702614367, 2141318.145079177804291 ], [ 472025.929769920825493, 2141314.880908091552556 ], [ 472024.410247858264484, 2141314.338447263464332 ], [ 472022.636137061112095, 2141313.825802040752023 ], [ 472020.585672961547971, 2141313.367921044118702 ], [ 472020.363475559977815, 2141313.320067492779344 ], [ 472004.689561003062408, 2141310.0685152602382 ], [ 472000.00181346561294, 2141309.845825584139675 ], [ 471995.474685728840996, 2141311.08262877073139 ], [ 471991.551324598083738, 2141313.657857907004654 ], [ 471988.615775996469893, 2141317.319431622512639 ], [ 471986.955391874245834, 2141321.708929570391774 ], [ 471986.73270219785627, 2141326.396677108015865 ], [ 471987.969505384506192, 2141330.923804844729602 ], [ 471990.544734520895872, 2141334.847165975254029 ], [ 471994.206308236462064, 2141337.782714576926082 ], [ 471998.595806184282992, 2141339.443098699208349 ], [ 472014.1584407617338, 2141342.671565909404308 ] ] ] ] } },
{ "type": "Feature", "properties": { "CVEGEO": "090100001", "CVE_ENT": "09", "CVE_MUN": "010", "CVE_LOC": "0001", "CVEVIAL": "07010", "CVESEG": "00009", "NOMVIAL": "Avenida Lomas de Plateros", "TIPOVIAL": "Calle", "SENTIDO": "Un sentido", "TIPOSEN": 1, "AMBITO": "Urbana", "MINUTES": 0.24468137085, "LENGTH": 1.54784573882217, "VELOCIDAD": 3.0, "T_VIAL2024": "Vías primarias  - Avenidas primarias", "NOMENCLATU": "Av Lomas de Plateros", "NOTA2024": null, "NombreMate": "Av. Lomas de Plateros", "ID": 10 }, "geometry": { "type": "MultiPolygon", "coordinates": [ [ [ [ 479453.27701499540126, 2141304.371427257079631 ], [ 479450.319089056400117, 2141304.971472751349211 ], [ 479446.233166838414036, 2141307.28011029260233 ], [ 479443.060632121982053, 2141310.738374472595751 ], [ 479441.112034709425643, 2141315.007746298797429 ], [ 479440.578116892254911, 2141319.670309910550714 ], [ 479443.281490366323851, 2141382.406317649409175 ], [ 479441.522042334952857, 2141417.552167084999382 ], [ 479441.554060065827798, 2141419.535345594398677 ], [ 479446.23627360293176, 2141476.294651954900473 ], [ 479447.71752046351321, 2141494.250931323505938 ], [ 479448.449042361637112, 2141503.11863502766937 ], [ 479448.465258310316131, 2141503.301538707688451 ], [ 479458.555838041414972, 2141609.707811415661126 ], [ 479462.266307027428411, 2141648.872726183384657 ], [ 479468.296881137765013, 2141714.020603774115443 ], [ 479474.617228883202188, 2141788.011237910948694 ], [ 479474.845584322873037, 2141789.633457948453724 ], [ 479482.134907289757393, 2141826.64029484288767 ], [ 479482.164230014255736, 2141826.785382961854339 ], [ 479482.539047219965141, 2141828.593965388834476 ], [ 479482.682077200675849, 2141829.216998376883566 ], [ 479490.230150499846786, 2141859.15578536875546 ], [ 479490.456921973323915, 2141859.960046395659447 ], [ 479499.264456606411841, 2141888.163932755589485 ], [ 479501.199006710725371, 2141892.157172964885831 ], [ 479528.556160848587751, 2141932.180589089170098 ], [ 479529.435058445844334, 2141933.34121323376894 ], [ 479555.943198109045625, 2141965.025637377519161 ], [ 479557.351353371166624, 2141966.493788036052138 ], [ 479591.608737281814683, 2141997.672958572395146 ], [ 479595.530907209205907, 2142000.250001592561603 ], [ 479600.057462565135211, 2142001.488897987175733 ], [ 479604.745312572980765, 2142001.268375945277512 ], [ 479608.44385143450927, 2141999.871310555376112 ], [ 479623.694671785051469, 2142011.545262211933732 ], [ 479627.821615855675191, 2142013.779742085374892 ], [ 479632.437065160891507, 2142014.629562877118587 ], [ 479637.089227365097031, 2142014.011538206599653 ], [ 479641.32271641807165, 2142011.986164634581655 ], [ 479644.723128915007692, 2142008.751699838787317 ], [ 479646.957608788565267, 2142004.624755768105388 ], [ 479647.807429580192547, 2142000.009306462481618 ], [ 479647.18940490973182, 2141995.357144258450717 ], [ 479645.164031337946653, 2141991.123655205592513 ], [ 479641.929566541744862, 2141987.723242708481848 ], [ 479616.867363767581992, 2141968.539032490924001 ], [ 479587.856384992133826, 2141943.138510196935385 ], [ 479570.744892769725993, 2141919.429313114378601 ], [ 479553.792927582049742, 2141893.671573516447097 ], [ 479544.883843091316521, 2141874.016813540365547 ], [ 479539.965050800121389, 2141852.854437089990824 ], [ 479537.314377843984403, 2141838.18903488619253 ], [ 479537.199639774975367, 2141837.617836236953735 ], [ 479535.189127147139516, 2141828.527046723756939 ], [ 479521.57813817623537, 2141708.983697024639696 ], [ 479521.562329556676559, 2141708.850178671069443 ], [ 479519.686287876276765, 2141693.591273582074791 ], [ 479515.005159358901437, 2141643.586629611905664 ], [ 479514.978885285905562, 2141643.329801643267274 ], [ 479510.062481129949447, 2141599.040222161915153 ], [ 479504.952981362002902, 2141533.910487363114953 ], [ 479504.876541382982396, 2141533.171414810698479 ], [ 479499.295895068207756, 2141489.752737336326391 ], [ 479497.582310898811556, 2141470.594476574566215 ], [ 479497.577275228628423, 2141470.53932424262166 ], [ 479489.823745052621234, 2141387.317045530304313 ], [ 479489.772334720008075, 2141386.845935710240155 ], [ 479488.890565005538519, 2141379.799704406410456 ], [ 479486.874827970168553, 2141353.49822316179052 ], [ 479484.306697834806982, 2141316.196107313036919 ], [ 479484.295294455776457, 2141316.042053898330778 ], [ 479475.100780772510916, 2141199.952143841423094 ], [ 479474.002946550026536, 2141195.389323695097119 ], [ 479471.548855191445909, 2141191.389073294121772 ], [ 479467.978730257600546, 2141188.342965018935502 ], [ 479463.642040451581124, 2141186.549173171166331 ], [ 479458.963291187072173, 2141186.183286594692618 ], [ 479454.400471040804405, 2141187.281120817176998 ], [ 479450.400220639770851, 2141189.735212175641209 ], [ 479447.35411236458458, 2141193.305337109602988 ], [ 479445.560320516757201, 2141197.642026915680617 ], [ 479445.194433940341696, 2141202.320776180364192 ], [ 479453.27701499540126, 2141304.371427257079631 ] ] ] ] } },
{ "type": "Feature", "properties": { "CVEGEO": "090100001", "CVE_ENT": "09", "CVE_MUN": "010", "CVE_LOC": "0001", "CVEVIAL": "01934", "CVESEG": "00001", "NOMVIAL": "Constituyentes", "TIPOVIAL": "Avenida", "SENTIDO": "Dos sentidos", "TIPOSEN": 2, "AMBITO": "Urbana", "MINUTES": 7.1927534160800004, "LENGTH": 3.3208699820723706, "VELOCIDAD": 3.0, "T_VIAL2024": null, "NOMENCLATU": null, "NOTA2024": null, "NombreMate": "Constituyentes", "ID": 7 }, "geometry": { "type": "MultiPolygon", "coordinates": [ [ [ [ 477727.555179515737109, 2145097.925777866505086 ], [ 477678.748236636165529, 2145063.072596528567374 ], [ 477677.889655083767138, 2145062.502965666353703 ], [ 477640.975234326324426, 2145039.798139018006623 ], [ 477640.364572897728067, 2145039.44209571601823 ], [ 477552.024877847696189, 2144990.688104093074799 ], [ 477551.218630132381804, 2144990.27440690016374 ], [ 477486.708176117215771, 2144959.598362338729203 ], [ 477485.525486570317298, 2144959.096879689022899 ], [ 477446.039525925938506, 2144944.315086486749351 ], [ 477445.591034487239085, 2144944.155259605497122 ], [ 477338.43666414625477, 2144907.875175782479346 ], [ 477338.104421666706912, 2144907.766982508823276 ], [ 477294.799730441940483, 2144894.220797308720648 ], [ 477230.666896515933331, 2144870.207050798460841 ], [ 477230.561055928526912, 2144870.167873456142843 ], [ 477212.598136518208776, 2144863.595550980884582 ], [ 477212.506341694446746, 2144863.562303160317242 ], [ 477108.035483702027705, 2144826.107394932769239 ], [ 477107.838181529776193, 2144826.038206121884286 ], [ 477082.249445087276399, 2144817.264677931554615 ], [ 477082.170511857140809, 2144817.237859242595732 ], [ 476956.436493631917983, 2144774.907296581193805 ], [ 476688.951392530405428, 2144682.003451932687312 ], [ 476688.880086539837066, 2144681.978886401746422 ], [ 476648.520735201600473, 2144668.188146775122732 ], [ 476648.287674407940358, 2144668.110635192133486 ], [ 476529.133060725696851, 2144629.562604134902358 ], [ 476527.08633504708996, 2144629.056208060588688 ], [ 476459.782343675557058, 2144617.350016046781093 ], [ 476459.49049746687524, 2144617.302214272785932 ], [ 476378.528135210450273, 2144604.859553912188858 ], [ 476375.628905853664037, 2144604.698337696958333 ], [ 476357.970974951982498, 2144605.429664415307343 ], [ 476357.806857748772018, 2144605.437362109310925 ], [ 476299.89105409453623, 2144608.47178931767121 ], [ 476299.461982226988766, 2144608.50044258730486 ], [ 476289.858657951350324, 2144609.280166290234774 ], [ 476265.262975553458091, 2144611.277200246229768 ], [ 476264.383495185349602, 2144611.374795452691615 ], [ 476200.392784107942134, 2144620.393613373860717 ], [ 476166.898237293877173, 2144623.793821810279042 ], [ 476130.600842601910699, 2144623.085763067938387 ], [ 476094.26902749639703, 2144616.174170615617186 ], [ 476094.219392201222945, 2144616.164814797230065 ], [ 476044.058364555588923, 2144606.797326492611319 ], [ 475932.564991175488103, 2144581.753699057735503 ], [ 475877.703409234876744, 2144569.290925900451839 ], [ 475856.404449659341481, 2144564.308949071913958 ], [ 475803.827144017268438, 2144545.609069658908993 ], [ 475765.842124701535795, 2144530.94771911855787 ], [ 475764.119626386556774, 2144530.39961922634393 ], [ 475741.808066101104487, 2144524.755274686962366 ], [ 475740.098208314448129, 2144524.426947811152786 ], [ 475718.181790161121171, 2144521.525051062460989 ], [ 475716.394884021312464, 2144521.396371553186327 ], [ 475690.782865312765352, 2144521.085553562734276 ], [ 475689.161764418764506, 2144521.153640407603234 ], [ 475645.359607006073929, 2144525.37543461471796 ], [ 475613.610332708864007, 2144528.249884665943682 ], [ 475582.844682412105612, 2144525.293992314022034 ], [ 475557.179450989700854, 2144516.248627856373787 ], [ 475280.278336505754851, 2144398.265425660181791 ], [ 475279.688929351221304, 2144398.028902917169034 ], [ 475245.440928968193475, 2144385.120419349521399 ], [ 475244.297139752889052, 2144384.741041670553386 ], [ 475219.947360344522167, 2144377.736872912850231 ], [ 475217.357905740733258, 2144377.233385882340372 ], [ 475194.356331462913658, 2144374.832653892692178 ], [ 475192.422903075115755, 2144374.756334040313959 ], [ 475168.685033014568035, 2144375.352024259511381 ], [ 475167.528900401142891, 2144375.425787043757737 ], [ 475103.898074426222593, 2144381.960639015305787 ], [ 475076.011462591413874, 2144381.380983065348119 ], [ 475055.092799115751404, 2144378.291012009140104 ], [ 475032.431207478279248, 2144370.71231830585748 ], [ 475015.146607423375826, 2144361.443036482203752 ], [ 474935.931877806724515, 2144300.319477982353419 ], [ 474926.303247962670866, 2144286.993116410449147 ], [ 474918.692968996008858, 2144268.181761381216347 ], [ 474916.281570750870742, 2144250.555467765778303 ], [ 474917.989283429749776, 2144187.024288846645504 ], [ 474919.89236456155777, 2144116.213317231275141 ], [ 474919.283007183636073, 2144111.560011819470674 ], [ 474917.265523426467553, 2144107.322757171001285 ], [ 474914.037398656713776, 2144103.91632529348135 ], [ 474909.914624218654353, 2144101.67416147235781 ], [ 474905.300765999243595, 2144100.815744325052947 ], [ 474900.647460587730166, 2144101.425101703032851 ], [ 474896.410205939202569, 2144103.442585460375994 ], [ 474893.003774061333388, 2144106.670710230246186 ], [ 474890.761610240384471, 2144110.793484668247402 ], [ 474889.903193093254231, 2144115.407342887483537 ], [ 474888.000114638824016, 2144186.218214886263013 ], [ 474886.25951428693952, 2144250.972897422965616 ], [ 474886.392529004660901, 2144253.40911549096927 ], [ 474889.223724655283149, 2144274.103949254378676 ], [ 474890.180104494036641, 2144277.696236096788198 ], [ 474899.174763268616516, 2144299.929549792315811 ], [ 474900.92151199595537, 2144303.088875781744719 ], [ 474912.888454706873745, 2144319.651544412598014 ], [ 474915.883428884262685, 2144322.742409022990614 ], [ 474997.801345264771953, 2144385.951796699780971 ], [ 474999.875742099946365, 2144387.295272729825228 ], [ 475019.376129316515289, 2144397.752823625225574 ], [ 475021.70775680989027, 2144398.759271786082536 ], [ 475046.833602715458255, 2144407.162083609960973 ], [ 475049.399124959716573, 2144407.775502426084131 ], [ 475072.562748714175541, 2144411.197084643412381 ], [ 475074.44294337532483, 2144411.354859828017652 ], [ 475104.19902144453954, 2144411.973374827299267 ], [ 475106.043178509280551, 2144411.898130702320486 ], [ 475170.017122970020864, 2144405.328040644992143 ], [ 475192.206320884462912, 2144404.771213594358414 ], [ 475212.926697739283554, 2144406.933851288165897 ], [ 475235.424451802275144, 2144413.405288400128484 ], [ 475268.81097560224589, 2144425.989071074407548 ], [ 475545.861247022694442, 2144544.035826691426337 ], [ 475546.755074721004348, 2144544.3833491015248 ], [ 475574.60058921930613, 2144554.197124905884266 ], [ 475578.151982415700331, 2144554.981274320743978 ], [ 475612.134390195889864, 2144558.246225273702294 ], [ 475614.921456643845886, 2144558.25388123607263 ], [ 475648.107919416506775, 2144555.249313990585506 ], [ 475648.19449209223967, 2144555.241223012562841 ], [ 475691.23121756996261, 2144551.093203621450812 ], [ 475715.13353975280188, 2144551.383273367304355 ], [ 475735.295881479280069, 2144554.052917352411896 ], [ 475755.884264804422855, 2144559.261335209012032 ], [ 475793.211037653440144, 2144573.668617635965347 ], [ 475793.585809481097385, 2144573.807562773115933 ], [ 475847.143236079195049, 2144592.856036384124309 ], [ 475848.753356894012541, 2144593.329063656739891 ], [ 475870.91736163420137, 2144598.513380648568273 ], [ 475871.010898140026256, 2144598.534944070968777 ], [ 475925.937011361878831, 2144611.012376643717289 ], [ 475925.97247800353216, 2144611.020388323348016 ], [ 476037.749476208235137, 2144636.127723530400544 ], [ 476038.283243389392737, 2144636.237473199144006 ], [ 476088.68732597026974, 2144645.650351608172059 ], [ 476126.238646118785255, 2144652.793936924543232 ], [ 476128.74935013463255, 2144653.055353116244078 ], [ 476167.219112002872862, 2144653.805788552388549 ], [ 476169.02660686156014, 2144653.731943850871176 ], [ 476203.712581337837037, 2144650.210787296760827 ], [ 476204.291040993237402, 2144650.140688988845795 ], [ 476268.132000783400144, 2144641.142976936884224 ], [ 476292.286482407886069, 2144639.181766053661704 ], [ 476301.675455493619666, 2144638.419446188956499 ], [ 476359.294480334618129, 2144635.400568340905011 ], [ 476375.412877970316913, 2144634.733003442641348 ], [ 476454.787305710080545, 2144646.931622876785696 ], [ 476520.904407544643618, 2144658.431379038374871 ], [ 476638.936649889335968, 2144696.616308711469173 ], [ 476679.144104287901428, 2144710.355145344510674 ], [ 476946.661173286905978, 2144803.270093193277717 ], [ 476946.796574221167248, 2144803.316398525144905 ], [ 477072.558899426076096, 2144845.656491227913648 ], [ 477098.009314373601228, 2144854.382593569811434 ], [ 477202.335810879827477, 2144891.785745294764638 ], [ 477220.199893019278534, 2144898.321904916781932 ], [ 477284.667053450073581, 2144922.460835852194577 ], [ 477285.448797220829874, 2144922.729234092868865 ], [ 477328.981307727925014, 2144936.346683677751571 ], [ 477435.744672772591002, 2144972.494381814263761 ], [ 477474.405564633605536, 2144986.96730583999306 ], [ 477537.926045757136308, 2145017.172597978729755 ], [ 477625.559341427753679, 2145065.536733270157129 ], [ 477661.733548642252572, 2145087.786279303953052 ], [ 477710.342297847557347, 2145122.497929956298321 ], [ 477710.790499341208488, 2145122.805879399646074 ], [ 477845.462883480126038, 2145211.786388259846717 ], [ 477849.734941711067222, 2145213.729088992811739 ], [ 477854.398238071124069, 2145214.256568590179086 ], [ 477858.996296621509828, 2145213.317193672992289 ], [ 477863.079027354659047, 2145211.002916803583503 ], [ 477866.246784140414093, 2145207.540275526698679 ], [ 477868.18948487349553, 2145203.268217295408249 ], [ 477868.716964470571838, 2145198.604920935351402 ], [ 477867.777589553559665, 2145194.006862385198474 ], [ 477865.463312684267294, 2145189.924131651874632 ], [ 477862.000671407207847, 2145186.756374866236001 ], [ 477727.555179515737109, 2145097.925777866505086 ] ] ] ] } },
{ "type": "Feature", "properties": { "CVEGEO": "090100001", "CVE_ENT": "09", "CVE_MUN": "010", "CVE_LOC": "0001", "CVEVIAL": "01035", "CVESEG": "00001", "NOMVIAL": "Paseo de la Reforma", "TIPOVIAL": "Calle", "SENTIDO": "Dos sentidos", "TIPOSEN": 2, "AMBITO": "Urbana", "MINUTES": 4.43737872116, "LENGTH": 0.8998360909561397, "VELOCIDAD": 3.0, "T_VIAL2024": null, "NOMENCLATU": null, "NOTA2024": null, "NombreMate": "Prolongación Paseo de la Reforma", "ID": 21 }, "geometry": { "type": "MultiPolygon", "coordinates": [ [ [ [ 474486.274406231357716, 2143676.331065178383142 ], [ 474511.418968572455924, 2143684.599426785483956 ], [ 474568.577695789688732, 2143718.252162385731936 ], [ 474643.409133135108277, 2143786.488864584825933 ], [ 474645.114033023593947, 2143787.831117461435497 ], [ 474671.158747371344361, 2143805.441711714491248 ], [ 474672.23540934844641, 2143806.105350023601204 ], [ 474742.540265070158057, 2143845.450288166757673 ], [ 474768.538587165472563, 2143861.784254586324096 ], [ 474796.35726508818334, 2143883.786609326023608 ], [ 474821.563153709983453, 2143911.953289018943906 ], [ 474836.817306028562598, 2143936.787609681487083 ], [ 474846.25720494921552, 2143958.372031324077398 ], [ 474876.28022507566493, 2144048.040814491454512 ], [ 474887.40078468201682, 2144081.86252031289041 ], [ 474889.936935406178236, 2144116.893457071855664 ], [ 474891.003875856287777, 2144121.463599930051714 ], [ 474893.430848333751783, 2144125.48036134429276 ], [ 474896.980283862736542, 2144128.55055272160098 ], [ 474901.304738963255659, 2144130.373642338439822 ], [ 474905.980905839940533, 2144130.771173480432481 ], [ 474910.55104869796196, 2144129.704233030322939 ], [ 474914.567810112435836, 2144127.277260553091764 ], [ 474917.638001489685848, 2144123.727825024165213 ], [ 474919.461091106350068, 2144119.403369923587888 ], [ 474919.858622248633765, 2144114.727203046903014 ], [ 474917.188904592592735, 2144077.85135435173288 ], [ 474916.47757337189978, 2144074.249249027576298 ], [ 474904.766541730670724, 2144038.631700895261019 ], [ 474904.740916775830556, 2144038.554472562856972 ], [ 474874.492448186560068, 2143948.212349763605744 ], [ 474874.011689046688844, 2143946.964283844456077 ], [ 474863.886547937581781, 2143923.813049204647541 ], [ 474862.924838756327517, 2143921.97275862051174 ], [ 474846.420832253352273, 2143895.103629405610263 ], [ 474844.817220015858766, 2143892.951615095604211 ], [ 474817.852344554208685, 2143862.819330473896116 ], [ 474815.979682531848084, 2143861.057202000170946 ], [ 474786.511578279954847, 2143837.75028263265267 ], [ 474785.186262553383131, 2143836.813969813287258 ], [ 474758.177633823244832, 2143819.845258021261543 ], [ 474757.523201037896797, 2143819.456894773989916 ], [ 474687.438534137501847, 2143780.235181626398116 ], [ 474662.819268556369934, 2143763.588429768569767 ], [ 474587.639084633439779, 2143695.033715284895152 ], [ 474585.14246061630547, 2143693.191408273298293 ], [ 474525.248510178469587, 2143657.928284402936697 ], [ 474522.323839296004735, 2143656.60496569937095 ], [ 474494.349108830676414, 2143647.405951446853578 ], [ 474491.700199154496659, 2143646.794244130607694 ], [ 474465.143484585627448, 2143643.154570057056844 ], [ 474460.451473160646856, 2143643.252531552221626 ], [ 474456.019376887183171, 2143644.795609739143401 ], [ 474452.281040228786878, 2143647.632757372688502 ], [ 474449.6023976241122, 2143651.486254675779492 ], [ 474448.245653274527285, 2143655.978894482832402 ], [ 474448.34361476986669, 2143660.670905907638371 ], [ 474449.886692956555635, 2143665.103002181276679 ], [ 474452.723840590333566, 2143668.841338839847594 ], [ 474456.577337893249933, 2143671.51998144434765 ], [ 474461.069977700419258, 2143672.876725793816149 ], [ 474486.274406231357716, 2143676.331065178383142 ] ] ], [ [ [ 474379.33806092228042, 2143510.433064709883183 ], [ 474372.96799548168201, 2143516.899296433664858 ], [ 474370.466005972935818, 2143520.278892190661281 ], [ 474369.000375706644263, 2143524.220154286362231 ], [ 474368.686281198053621, 2143528.413358743768185 ], [ 474370.851738407160155, 2143561.244439794216305 ], [ 474362.951677553646732, 2143593.748792834114283 ], [ 474350.023348293092567, 2143623.038783540017903 ], [ 474341.015279514831491, 2143642.22516234125942 ], [ 474325.707990455441177, 2143659.153142197057605 ], [ 474289.532967022387311, 2143694.601156023330986 ], [ 474286.736076108703855, 2143698.369705994613469 ], [ 474285.240620765078347, 2143702.818096824921668 ], [ 474285.192986579961143, 2143707.510889027267694 ], [ 474286.597836319357157, 2143711.988719403278083 ], [ 474289.317653502512258, 2143715.813266717363149 ], [ 474293.086203473561909, 2143718.610157630871981 ], [ 474297.534594304219354, 2143720.105612974613905 ], [ 474302.227386506274343, 2143720.15324715944007 ], [ 474306.705216882342938, 2143718.748397420160472 ], [ 474310.529764196369797, 2143716.028580237179995 ], [ 474347.028358615760226, 2143680.263498232234269 ], [ 474347.655776379455347, 2143679.610412871930748 ], [ 474364.767929927795194, 2143660.68647477729246 ], [ 474367.220064059656579, 2143657.000741025432944 ], [ 474377.253464665147476, 2143635.630497367121279 ], [ 474377.39819536532741, 2143635.312668113037944 ], [ 474390.935251203132793, 2143604.643566817510873 ], [ 474391.788243253657129, 2143602.129065680317581 ], [ 474400.54625750600826, 2143566.094711962621659 ], [ 474400.938062372617424, 2143561.564931384287775 ], [ 474399.064334972528741, 2143533.156844685785472 ], [ 474400.761417128727771, 2143531.434142371639609 ], [ 474400.864553713938221, 2143531.328412570059299 ], [ 474405.891649216762744, 2143526.123898934572935 ], [ 474408.58390433707973, 2143522.279899710789323 ], [ 474409.956530026160181, 2143517.792086614761502 ], [ 474409.875164117955137, 2143513.099758061114699 ], [ 474408.347771274449769, 2143508.662231861613691 ], [ 474405.523863349168096, 2143504.91388399945572 ], [ 474401.679864125151653, 2143502.221628879196942 ], [ 474397.192051029123832, 2143500.849003190174699 ], [ 474392.499722475418821, 2143500.930369098205119 ], [ 474388.062196276150644, 2143502.457761941943318 ], [ 474384.313848413876258, 2143505.281669867224991 ], [ 474379.33806092228042, 2143510.433064709883183 ] ] ] ] } },
{ "type": "Feature", "properties": { "CVEGEO": "090030001", "CVE_ENT": "09", "CVE_MUN": "003", "CVE_LOC": "0001", "CVEVIAL": "00016", "CVESEG": "00014", "NOMVIAL": "Universidad", "TIPOVIAL": "Avenida", "SENTIDO": "Un sentido", "TIPOSEN": 1, "AMBITO": "Urbana", "MINUTES": 0.7535829866, "LENGTH": 1.9497896788628222, "VELOCIDAD": 3.0, "T_VIAL2024": null, "NOMENCLATU": null, "NOTA2024": null, "NombreMate": "Av. Universidad", "ID": 11 }, "geometry": { "type": "MultiPolygon", "coordinates": [ [ [ [ 481007.341561779961921, 2139201.078167544677854 ], [ 481006.327652135922108, 2139201.838512740563601 ], [ 481004.297880280821119, 2139203.672460264060646 ], [ 481001.935385899676476, 2139206.235396979376674 ], [ 481000.187729576486163, 2139208.543561293743551 ], [ 480996.331257862562779, 2139214.813712557777762 ], [ 480994.490777290600818, 2139219.305194683838636 ], [ 480992.20728895632783, 2139229.218858193140477 ], [ 480992.098166369483806, 2139235.437769741285592 ], [ 480993.487803950731177, 2139242.613169698510319 ], [ 480994.047921947261784, 2139244.692410703282803 ], [ 480994.14776345709106, 2139244.979230394121259 ], [ 480996.07653886982007, 2139250.544478424824774 ], [ 480997.210400279902387, 2139253.047495396342129 ], [ 480998.990740413602907, 2139256.178175176493824 ], [ 480999.951533882936928, 2139257.657826444599777 ], [ 481002.406440950580873, 2139260.991410298738629 ], [ 481004.213657822692767, 2139263.028591032605618 ], [ 481005.538349330949131, 2139264.273213017731905 ], [ 481006.608545654686168, 2139265.18805789295584 ], [ 481008.628870372194797, 2139266.757169045042247 ], [ 481009.779934851219878, 2139267.567521929740906 ], [ 481010.849905837734696, 2139268.24801832344383 ], [ 481011.38287842576392, 2139268.571627947036177 ], [ 481013.011747510812711, 2139269.514874582644552 ], [ 481014.042030021140818, 2139270.059191756881773 ], [ 481015.4785410114564, 2139270.748140982352197 ], [ 481016.521600905572996, 2139271.200602221768349 ], [ 481018.493857404973824, 2139271.9686962030828 ], [ 481019.785794584022369, 2139272.405313825700432 ], [ 481022.021480767580215, 2139273.049240634776652 ], [ 481023.211534902395215, 2139273.339944226201624 ], [ 481023.995330113335513, 2139273.497799043543637 ], [ 481066.797684384800959, 2139486.728507644496858 ], [ 481067.549855142831802, 2139489.278491751290858 ], [ 481071.442155063210521, 2139499.150196301750839 ], [ 481074.648898661194835, 2139507.290795336477458 ], [ 481075.607779634534381, 2139509.281101066619158 ], [ 481089.110513515828643, 2139532.718742723111063 ], [ 481090.170866667525843, 2139534.314218444749713 ], [ 481105.691110953397583, 2139554.710177071392536 ], [ 481106.611282067082357, 2139555.806637035682797 ], [ 481125.235963381128386, 2139575.962550594937056 ], [ 481125.787486633402295, 2139576.528732406441122 ], [ 481163.544475597329438, 2139613.299236121121794 ], [ 481164.087214639293961, 2139613.802313345018774 ], [ 481247.76579690707149, 2139687.612898534629494 ], [ 481247.914660273701884, 2139687.742475565522909 ], [ 481260.974941265769303, 2139698.960541602224112 ], [ 481329.46426952915499, 2139767.471421947702765 ], [ 481334.833168241078965, 2139774.332800024654716 ], [ 481345.846366585057694, 2139794.373137489426881 ], [ 481345.988258142431732, 2139794.625530313234776 ], [ 481367.443674077629112, 2139831.942082101479173 ], [ 481367.518506185209844, 2139832.070752928499132 ], [ 481373.655398097587749, 2139842.503438865765929 ], [ 481376.13582424831111, 2139845.660426525399089 ], [ 481385.246476806001738, 2139854.505497349891812 ], [ 481386.149498490500264, 2139855.313946134410799 ], [ 481396.287355545617174, 2139863.677400512155145 ], [ 481502.3762476730044, 2139953.045057230163366 ], [ 481527.684509428858291, 2139975.600783383939415 ], [ 481564.158230344124604, 2140014.875029377639294 ], [ 481585.055832632002421, 2140042.350367267150432 ], [ 481614.326502235722728, 2140085.643104798160493 ], [ 481615.422025611507706, 2140087.0707196155563 ], [ 481693.076707773550879, 2140176.588833103422076 ], [ 481693.248516404360998, 2140176.783460746519268 ], [ 481760.526208658644464, 2140251.680267076473683 ], [ 481819.494450208556373, 2140320.012753268238157 ], [ 481841.340365658281371, 2140354.65458231465891 ], [ 481845.782853168086149, 2140364.572253522463143 ], [ 481878.67433292849455, 2140444.270861837547272 ], [ 481944.107561829558108, 2140605.808035193476826 ], [ 481952.898309016949497, 2140627.510050978977233 ], [ 481953.196166785317473, 2140628.24621036555618 ], [ 481953.75372997840168, 2140629.464665045496076 ], [ 481959.325490041985177, 2140640.330025055445731 ], [ 481960.566756435204297, 2140642.750252074096352 ], [ 481997.783779582765419, 2140715.313808252103627 ], [ 482000.552389446238521, 2140719.103183806408197 ], [ 482004.356475342297927, 2140721.851546621415764 ], [ 482008.823666838812642, 2140723.289867795538157 ], [ 482013.516684107366018, 2140723.277354431338608 ], [ 482017.97614191955654, 2140721.815231424290687 ], [ 482021.765517473802902, 2140719.046621560584754 ], [ 482024.513880288694054, 2140715.242535664699972 ], [ 482025.952201463049278, 2140710.77534416783601 ], [ 482025.939688098907936, 2140706.082326899282634 ], [ 482024.477565091510769, 2140701.622869087383151 ], [ 481987.260676514008082, 2140629.059575289022177 ], [ 481986.020039274706505, 2140626.640575050376356 ], [ 481980.754493000044022, 2140616.37235544482246 ], [ 481980.707077285565902, 2140616.255166883580387 ], [ 481971.913024565263186, 2140594.544987557455897 ], [ 481906.461382646171842, 2140432.962357376236469 ], [ 481906.424261211941484, 2140432.871568638365716 ], [ 481873.428999251627829, 2140352.921487997751683 ], [ 481873.252762765681837, 2140352.511830757372081 ], [ 481868.284563227789477, 2140341.420529002789408 ], [ 481867.282999815361109, 2140339.551281922962517 ], [ 481844.271513136802241, 2140303.061165980994701 ], [ 481842.939844029955566, 2140301.262482137884945 ], [ 481783.14103093824815, 2140231.967528405599296 ], [ 481782.943886444321834, 2140231.743618026375771 ], [ 481715.653255039011128, 2140156.832407203037292 ], [ 481638.674290871014819, 2140068.093242239207029 ], [ 481609.674295999109745, 2140025.200845741666853 ], [ 481609.186978291370906, 2140024.521664670668542 ], [ 481587.590046118071768, 2139996.126875610090792 ], [ 481586.642271311138757, 2139995.000141656026244 ], [ 481549.184834497282282, 2139954.666648094076663 ], [ 481548.173752996895928, 2139953.676073662005365 ], [ 481522.180345852335449, 2139930.50971877714619 ], [ 481521.864103292871732, 2139930.235689259134233 ], [ 481415.55625407374464, 2139840.68358644284308 ], [ 481415.437898296746425, 2139840.584920171648264 ], [ 481405.708465331117623, 2139832.558404480107129 ], [ 481398.486357311601751, 2139825.54682583315298 ], [ 481393.414248597167898, 2139816.924266072921455 ], [ 481372.068093310110271, 2139779.797746985219419 ], [ 481360.540108535496984, 2139758.82067039469257 ], [ 481359.207687814370729, 2139756.801235903985798 ], [ 481352.529685842688195, 2139748.26684202067554 ], [ 481351.324649484769907, 2139746.905598158948123 ], [ 481281.788878223742358, 2139677.347945522982627 ], [ 481280.954296046635136, 2139676.574169329833239 ], [ 481267.536894129822031, 2139665.049355979077518 ], [ 481184.209893658873625, 2139591.548891461454332 ], [ 481147.001290171290748, 2139555.312445433810353 ], [ 481129.131182821874972, 2139535.973143302835524 ], [ 481114.626057705201674, 2139516.911205468233675 ], [ 481102.155380053329282, 2139495.264976149890572 ], [ 481099.353715650271624, 2139488.152706073131412 ], [ 481095.948304428136908, 2139479.515853248536587 ], [ 481052.964816264575347, 2139265.382780541200191 ], [ 481054.498451306426432, 2139263.929541348014027 ], [ 481058.343833220773377, 2139258.164946849923581 ], [ 481059.874680311186239, 2139255.201934923883528 ], [ 481062.506959593039937, 2139248.32325865002349 ], [ 481063.134974596381653, 2139246.240931337699294 ], [ 481064.65292277187109, 2139239.46413622610271 ], [ 481064.95955435524229, 2139237.481233497150242 ], [ 481065.564633338071872, 2139230.502759696915746 ], [ 481065.548063685942907, 2139227.732612730469555 ], [ 481064.838931026111823, 2139220.553150368388742 ], [ 481063.815339852415491, 2139216.398602496366948 ], [ 481061.660413934965618, 2139212.702076938468963 ], [ 481055.40601827763021, 2139204.822387809865177 ], [ 481051.314066908089444, 2139201.249345575924963 ], [ 481044.982068370154593, 2139197.490510616917163 ], [ 481042.349766618397553, 2139196.255620091222227 ], [ 481039.06641518388642, 2139195.08835123013705 ], [ 481036.428158747847192, 2139194.412804811261594 ], [ 481036.273221208830364, 2139194.38783798692748 ], [ 481035.219443425827194, 2139191.476301954127848 ], [ 481032.336788541811984, 2139187.772942872252315 ], [ 481028.450819937745109, 2139185.141628433950245 ], [ 481023.941923295555171, 2139183.839930028654635 ], [ 481019.25146083405707, 2139183.99526696652174 ], [ 481014.838567699305713, 2139185.592433786019683 ], [ 481011.135208617721219, 2139188.475088669918478 ], [ 481008.503894179069903, 2139192.36105727404356 ], [ 481007.202195774065331, 2139196.86995391594246 ], [ 481007.341561779961921, 2139201.078167544677854 ] ], [ [ 481031.658091400226112, 2139244.108728683553636 ], [ 481030.299903629522305, 2139244.15795273007825 ], [ 481030.196063034993131, 2139244.144244436640292 ], [ 481029.735515284002759, 2139244.051491023506969 ], [ 481028.744818395993207, 2139243.766148522961885 ], [ 481027.938706474844366, 2139243.452208771836013 ], [ 481027.540865534800105, 2139243.261404657270759 ], [ 481026.686408791167196, 2139242.76660525565967 ], [ 481026.474125846056268, 2139242.631594324950129 ], [ 481025.700311442662496, 2139242.030601425562054 ], [ 481024.632094254542608, 2139240.580040784087032 ], [ 481023.970615081023425, 2139239.416847619693726 ], [ 481022.736681320006028, 2139235.85648108413443 ], [ 481022.155348571832292, 2139232.854766800999641 ], [ 481023.173244210251141, 2139228.435617950744927 ], [ 481024.979336332937237, 2139225.499133089091629 ], [ 481025.425184068444651, 2139225.015458063688129 ], [ 481026.322148873645347, 2139224.342811457812786 ], [ 481027.590735717210919, 2139223.730526343919337 ], [ 481027.684276115498506, 2139223.701544017065316 ], [ 481027.786475383676589, 2139223.682622640859336 ], [ 481029.194835482572671, 2139223.634219494648278 ], [ 481030.305571594042704, 2139223.813204870093614 ], [ 481030.924308565154206, 2139224.033172916155308 ], [ 481033.625366181251593, 2139225.636589236091822 ], [ 481035.418142582813744, 2139227.895244027953595 ], [ 481035.556610196013935, 2139229.297129843849689 ], [ 481035.15854905708693, 2139233.88803335884586 ], [ 481034.098701156210154, 2139238.619665300939232 ], [ 481032.455808773986064, 2139242.912874205037951 ], [ 481031.658091400226112, 2139244.108728683553636 ] ] ] ] } },
{ "type": "Feature", "properties": { "CVEGEO": "090100001", "CVE_ENT": "09", "CVE_MUN": "010", "CVE_LOC": "0001", "CVEVIAL": "04747", "CVESEG": "00002", "NOMVIAL": "Alfonso Caso Andrade (Luz y Fuerza)", "TIPOVIAL": "Calle", "SENTIDO": "Un sentido", "TIPOSEN": 1, "AMBITO": "Urbana", "MINUTES": 3.2469765615599999, "LENGTH": 0.64220909137383764, "VELOCIDAD": 3.0, "T_VIAL2024": null, "NOMENCLATU": null, "NOTA2024": null, "NombreMate": "Alfonso Caso Andrade", "ID": 2 }, "geometry": { "type": "MultiPolygon", "coordinates": [ [ [ [ 478391.398758165189065, 2140953.003897581715137 ], [ 478404.596229608694557, 2140989.05431048059836 ], [ 478417.437657155678608, 2141067.262152913026512 ], [ 478417.552445603418164, 2141067.880001673474908 ], [ 478458.211510174791329, 2141263.782767338678241 ], [ 478458.225005860324018, 2141263.847083611413836 ], [ 478484.098956042318605, 2141385.82427732180804 ], [ 478485.778963733522687, 2141390.206302176229656 ], [ 478488.730866145517211, 2141393.854704541154206 ], [ 478492.665710503002629, 2141396.412353373598307 ], [ 478497.19832682464039, 2141397.628888185601681 ], [ 478501.885031044250354, 2141397.385226073209196 ], [ 478506.26705589867197, 2141395.705218381714076 ], [ 478509.915458263712935, 2141392.753315969835967 ], [ 478512.473107096040621, 2141388.818471612408757 ], [ 478513.689641907752957, 2141384.285855290479958 ], [ 478513.445979795302264, 2141379.599151071161032 ], [ 478487.578847904806025, 2141257.654100734740496 ], [ 478476.768480816564988, 2141205.567786581348628 ], [ 478479.214597923390102, 2141208.735312005039304 ], [ 478494.756793000153266, 2141231.107733258977532 ], [ 478506.469720336492173, 2141263.679911210201681 ], [ 478508.729066293744836, 2141267.793294673319906 ], [ 478512.148937383375596, 2141271.007178522646427 ], [ 478516.394572795485146, 2141273.006965415086597 ], [ 478521.050380154862069, 2141273.59690227592364 ], [ 478525.660616598150227, 2141272.719241974875331 ], [ 478529.774000061035622, 2141270.459896017797291 ], [ 478532.987883910478558, 2141267.040024928282946 ], [ 478534.987670802802313, 2141262.794389516115189 ], [ 478535.577607663697563, 2141258.138582156505436 ], [ 478534.699947362882085, 2141253.5283457133919 ], [ 478522.318361695157364, 2141219.096713030710816 ], [ 478520.522303428966552, 2141215.614407334942371 ], [ 478503.63688526628539, 2141191.308465585578233 ], [ 478503.189853958610911, 2141190.698400039691478 ], [ 478487.764474686118774, 2141170.723771319724619 ], [ 478481.172552011092193, 2141147.115495961159468 ], [ 478474.37068160547642, 2141108.233846948947757 ], [ 478472.848760382388718, 2141103.79444119380787 ], [ 478470.029475462622941, 2141100.042614944279194 ], [ 478466.188798097311519, 2141097.345623093657196 ], [ 478461.702680546441115, 2141095.967465995345265 ], [ 478457.010255252593197, 2141096.043047268874943 ], [ 478454.234434965415858, 2141096.994656569790095 ], [ 478446.990327528095804, 2141062.091229825746268 ], [ 478433.970459789328743, 2140982.796637314371765 ], [ 478433.254460367490537, 2140980.070453739725053 ], [ 478419.144270926131867, 2140941.526846532709897 ], [ 478418.106852526660077, 2140939.284791389014572 ], [ 478401.840709437499754, 2140910.597508564125746 ], [ 478398.915771842701361, 2140906.927453014999628 ], [ 478394.999881348398048, 2140904.340878194198012 ], [ 478390.476352599856909, 2140903.090976066887379 ], [ 478385.787980108172633, 2140903.300095761660486 ], [ 478381.393694438738748, 2140904.947767185978591 ], [ 478377.723638889670838, 2140907.872704781126231 ], [ 478375.137064068811014, 2140911.788595275022089 ], [ 478373.887161941383965, 2140916.312124023679644 ], [ 478374.096281636215281, 2140921.000496515538543 ], [ 478375.743953060591593, 2140925.394782185088843 ], [ 478391.398758165189065, 2140953.003897581715137 ] ] ] ] } },
{ "type": "Feature", "properties": { "CVEGEO": "090100001", "CVE_ENT": "09", "CVE_MUN": "010", "CVE_LOC": "0001", "CVEVIAL": "01340", "CVESEG": "00002", "NOMVIAL": "Prolongación 5 de Mayo", "TIPOVIAL": "Calle", "SENTIDO": "Dos sentidos", "TIPOSEN": 2, "AMBITO": "Urbana", "MINUTES": 2.8868997001399999, "LENGTH": 1.4644808065202362, "VELOCIDAD": 3.0, "T_VIAL2024": "Vías primarias  - Avenidas primarias", "NOMENCLATU": "5 de Mayo", "NOTA2024": null, "NombreMate": "5 Mayo", "ID": 1 }, "geometry": { "type": "MultiPolygon", "coordinates": [ [ [ [ 476409.758885358809493, 2140911.85882145119831 ], [ 476538.570695752510801, 2140886.360077623743564 ], [ 476539.186396325880196, 2140886.224693301133811 ], [ 476600.739010328252334, 2140871.327516487333924 ], [ 476604.439569316746201, 2140869.891524150967598 ], [ 476625.636812485521659, 2140858.232495893724263 ], [ 476628.891569767554756, 2140855.81739987898618 ], [ 476646.931434048339725, 2140838.188178452663124 ], [ 476649.046642179484479, 2140835.600513235200197 ], [ 476659.559320242668036, 2140819.329770648851991 ], [ 476661.177655607869383, 2140815.971402806695551 ], [ 476668.276278198347427, 2140794.86637638323009 ], [ 476668.674592754221521, 2140793.458221167325974 ], [ 476677.352502810244914, 2140755.864734959322959 ], [ 476677.736847004387528, 2140752.491647652350366 ], [ 476677.737798443122301, 2140732.792188820429146 ], [ 476676.926426686462946, 2140727.9249636544846 ], [ 476670.260766653926112, 2140708.490758688654751 ], [ 476667.252580828848295, 2140703.357374003622681 ], [ 476653.528468969161622, 2140688.013033920433372 ], [ 476650.33624115755083, 2140685.316918845754117 ], [ 476632.604787059011869, 2140674.160440018866211 ], [ 476629.554582813230809, 2140672.692540809512138 ], [ 476517.11867219308624, 2140633.493612367659807 ], [ 476505.217078922782093, 2140625.798251662869006 ], [ 476498.23283836588962, 2140614.997241541743279 ], [ 476496.166721611458343, 2140602.516691734082997 ], [ 476497.864595740218647, 2140593.48071078909561 ], [ 476502.038925223459955, 2140585.908602367620915 ], [ 476510.017845482507255, 2140577.384669923223555 ], [ 476520.642898298567161, 2140569.797041462734342 ], [ 476535.085263100743759, 2140563.768302538897842 ], [ 476557.086336914624553, 2140559.697030125185847 ], [ 476577.787818251585122, 2140559.452557737473398 ], [ 476578.101195741386618, 2140559.445581566542387 ], [ 476659.067747866909485, 2140556.796524226665497 ], [ 476659.155775705876295, 2140556.793385375291109 ], [ 476662.453090096707456, 2140556.666116735897958 ], [ 476663.241445977939293, 2140556.614868167322129 ], [ 476668.981433093431406, 2140556.089620708022267 ], [ 476669.021963231964037, 2140556.08585646841675 ], [ 476697.376634878397454, 2140553.413605062756687 ], [ 476698.530882662569638, 2140553.259422082453966 ], [ 476734.364462712255772, 2140547.048599966336042 ], [ 476746.11999829224078, 2140545.011108229868114 ], [ 476765.125598815153353, 2140541.716320435982198 ], [ 476799.970370642084163, 2140538.436186198145151 ], [ 476820.504143964790273, 2140536.774965276475996 ], [ 476852.659735914785415, 2140541.184357394464314 ], [ 476859.82816726953024, 2140542.415956337936223 ], [ 476928.255871208326425, 2140554.172345202881843 ], [ 477067.451497226778883, 2140581.233177084010094 ], [ 477093.766615591943264, 2140586.991650533396751 ], [ 477105.836928921286017, 2140590.495337303727865 ], [ 477118.872617783723399, 2140596.977574293501675 ], [ 477141.281705530942418, 2140611.988795666955411 ], [ 477141.788981473539025, 2140612.377235180698335 ], [ 477165.784471403982025, 2140633.685757430735976 ], [ 477165.801216755819041, 2140633.700605342630297 ], [ 477178.512470578134526, 2140644.954601947683841 ], [ 477206.733706587867346, 2140670.696283287834376 ], [ 477248.110841198591515, 2140709.19300007680431 ], [ 477252.004531550570391, 2140711.812874712981284 ], [ 477256.517236917978153, 2140713.101307068020105 ], [ 477261.20722225762438, 2140712.932176406495273 ], [ 477265.615399127476849, 2140711.322038414888084 ], [ 477269.310264461848419, 2140708.428504618816078 ], [ 477271.930139098200016, 2140704.534814266953617 ], [ 477273.21857145341346, 2140700.02210889942944 ], [ 477273.049440791481175, 2140695.332123559899628 ], [ 477271.439302800048608, 2140690.92394669027999 ], [ 477268.545769004151225, 2140687.229081355500966 ], [ 477227.11443542514462, 2140648.681938592344522 ], [ 477227.005542377184611, 2140648.581624031532556 ], [ 477198.647516740486026, 2140622.715171579737216 ], [ 477198.482225294399541, 2140622.566630989313126 ], [ 477185.696153833880089, 2140611.246394069865346 ], [ 477161.301367367152125, 2140589.583287722896785 ], [ 477160.460834463126957, 2140588.889809823594987 ], [ 477159.14376075018663, 2140587.881278905086219 ], [ 477158.372406548587605, 2140587.328436387237161 ], [ 477134.765470530721359, 2140571.514809946063906 ], [ 477133.096170847769827, 2140570.546046246774495 ], [ 477117.989639498933684, 2140563.034044592641294 ], [ 477115.49229651823407, 2140562.059710911475122 ], [ 477101.64628538582474, 2140558.040586908813566 ], [ 477100.671328337746672, 2140557.792708379216492 ], [ 477073.692988633876666, 2140551.889103814493865 ], [ 477073.348987537843641, 2140551.818037120159715 ], [ 476933.819948512827978, 2140524.69238687120378 ], [ 476933.497309833066538, 2140524.633316433988512 ], [ 476864.907981792755891, 2140512.849159345496446 ], [ 476857.489182625839021, 2140511.574545031413436 ], [ 476856.9870974579826, 2140511.497011844534427 ], [ 476822.961016463930719, 2140506.831125625409186 ], [ 476819.713608986523468, 2140506.740904445759952 ], [ 476797.453040223859716, 2140508.541826369706541 ], [ 476797.256797302572522, 2140508.559000559151173 ], [ 476761.732782232225873, 2140511.903075781650841 ], [ 476760.576435406866949, 2140512.057495889253914 ], [ 476740.996460308902897, 2140515.451856570784003 ], [ 476729.241157933021896, 2140517.489307888317853 ], [ 476693.98167584638577, 2140523.600625006016344 ], [ 476666.227385164645966, 2140526.216294241137803 ], [ 476660.901168722193688, 2140526.703678898513317 ], [ 476658.042716593132354, 2140526.814008479006588 ], [ 476577.276835325697903, 2140529.456500285305083 ], [ 476555.445249544747639, 2140529.714318545535207 ], [ 476552.892984400910791, 2140529.963682582601905 ], [ 476528.053660068253521, 2140534.56016986258328 ], [ 476525.004770162806381, 2140535.467381744645536 ], [ 476507.524570995825343, 2140542.764217031188309 ], [ 476504.585571512812749, 2140544.399672219995409 ], [ 476491.369179887988139, 2140553.837843584828079 ], [ 476489.135545343859121, 2140555.794040011707693 ], [ 476478.856520402245224, 2140566.77518925908953 ], [ 476476.671289667487144, 2140569.784258760046214 ], [ 476470.430748207611032, 2140581.104413705412298 ], [ 476468.824887233437039, 2140585.576025482732803 ], [ 476466.193227532203309, 2140599.581555404234678 ], [ 476466.136650018801447, 2140604.801461467053741 ], [ 476469.144967464497313, 2140622.973452782724053 ], [ 476471.347530425351579, 2140628.668539807666093 ], [ 476481.773099744925275, 2140644.791506767738611 ], [ 476486.224585365329403, 2140649.242847791872919 ], [ 476502.338939973851666, 2140659.662105820607394 ], [ 476505.545468224619981, 2140661.229716707486659 ], [ 476618.070112849818543, 2140700.459580798633397 ], [ 476632.574090724461712, 2140709.585359269287437 ], [ 476642.868237649905495, 2140721.094802860636264 ], [ 476647.737677672994323, 2140735.292000889778137 ], [ 476647.736929552746005, 2140750.781767547596246 ], [ 476639.608052485913504, 2140785.996793507132679 ], [ 476633.341846811177675, 2140804.626948111690581 ], [ 476624.761191227065865, 2140817.907449748832732 ], [ 476609.386707138153724, 2140832.931963243056089 ], [ 476591.735924547654577, 2140842.64034708077088 ], [ 476532.435860909637995, 2140856.992353854235262 ], [ 476403.939743701892439, 2140882.428605768363923 ], [ 476380.325168251758441, 2140887.096054467838258 ], [ 476375.920236600970384, 2140888.715049470309168 ], [ 476372.231194620195311, 2140891.616003956645727 ], [ 476369.619151441729628, 2140895.51495228940621 ], [ 476368.339792051003315, 2140900.030238240025938 ], [ 476368.518349058984313, 2140904.71987416036427 ], [ 476370.137344061629847, 2140909.12480581086129 ], [ 476373.038298547966406, 2140912.813847791869193 ], [ 476376.937246880610473, 2140915.425890970043838 ], [ 476381.452532831346616, 2140916.705250361002982 ], [ 476386.142168751335703, 2140916.526693352963775 ], [ 476409.758885358809493, 2140911.85882145119831 ] ] ] ] } },
{ "type": "Feature", "properties": { "CVEGEO": "090100001", "CVE_ENT": "09", "CVE_MUN": "010", "CVE_LOC": "0001", "CVEVIAL": "02842", "CVESEG": "00008", "NOMVIAL": "10 Sur (Río Magdalena)", "TIPOVIAL": "Eje Vial", "SENTIDO": "Un sentido", "TIPOSEN": 1, "AMBITO": "Urbana", "MINUTES": 1.2779033043200001, "LENGTH": 1.2540374280029181, "VELOCIDAD": 3.0, "T_VIAL2024": "Vías primarias - Ejes viales", "NOMENCLATU": "Río Magdalena", "NOTA2024": null, "NombreMate": "Río Magdalena", "ID": 24 }, "geometry": { "type": "MultiPolygon", "coordinates": [ [ [ [ 479825.150357975042425, 2138295.564007112756371 ], [ 479793.966589729243424, 2138286.408248374704272 ], [ 479766.654733209288679, 2138270.86548131890595 ], [ 479762.12398715299787, 2138269.182970588561147 ], [ 479730.942531161708757, 2138263.064390046522021 ], [ 479726.57941851625219, 2138262.856367914937437 ], [ 479692.618777291907463, 2138266.211677541956306 ], [ 479691.206746819894761, 2138266.419416187796742 ], [ 479652.883933936827816, 2138273.935402220115066 ], [ 479640.412794185045641, 2138273.637704384978861 ], [ 479500.298437924473546, 2138240.554679309483618 ], [ 479449.716270929493476, 2138226.863380818627775 ], [ 479436.621132643369492, 2138222.332514387089759 ], [ 479421.902670246432535, 2138214.73047751840204 ], [ 479393.880379328271374, 2138193.331849892158061 ], [ 479366.463627082062885, 2138167.114552200306207 ], [ 479365.858458966074977, 2138166.566598250996321 ], [ 479346.662167979287915, 2138150.113311949186027 ], [ 479340.765613804687746, 2138147.008874136488885 ], [ 479061.979936019226443, 2138072.663039598148316 ], [ 479061.858579763618764, 2138072.631219627335668 ], [ 478929.45320020802319, 2138038.505273384973407 ], [ 478849.138481151021551, 2137966.03188929753378 ], [ 478845.205342762346845, 2137963.471617811825126 ], [ 478840.673538468894549, 2137962.252061534672976 ], [ 478835.986672849801835, 2137962.492599132470787 ], [ 478831.603528967243619, 2137964.169685108587146 ], [ 478827.953159483557101, 2137967.119154603220522 ], [ 478825.392887997440994, 2137971.052292991895229 ], [ 478824.173331720405258, 2137975.584097285289317 ], [ 478824.413869318086654, 2137980.27096290467307 ], [ 478826.090955294377636, 2137984.654106786940247 ], [ 478829.040424789011013, 2137988.304476270917803 ], [ 478912.091437410563231, 2138063.247002463322133 ], [ 478915.038959795841947, 2138065.323150667361915 ], [ 478918.396737104398198, 2138066.636014378163964 ], [ 479054.310378103342373, 2138101.66617419430986 ], [ 479329.733540990797337, 2138175.115302064456046 ], [ 479346.025138634489849, 2138189.078953716438264 ], [ 479373.748366335697938, 2138215.589318878948689 ], [ 479375.011526479793247, 2138216.669786069076508 ], [ 479404.743639763444662, 2138239.374083250295371 ], [ 479406.963774137140717, 2138240.779834778048098 ], [ 479423.813019958150107, 2138249.482414197176695 ], [ 479425.791871256195009, 2138250.330584106966853 ], [ 479440.394515574618708, 2138255.383041706867516 ], [ 479441.380088421807159, 2138255.686535422224551 ], [ 479492.695366038766224, 2138269.576268202159554 ], [ 479493.167517893831246, 2138269.695875294972211 ], [ 479635.042681879887823, 2138303.19465252943337 ], [ 479638.131656260055024, 2138303.591797586996108 ], [ 479653.805492340412457, 2138303.96594679588452 ], [ 479657.050303497118875, 2138303.689800921361893 ], [ 479696.27937673922861, 2138295.9960763650015 ], [ 479727.332191915484145, 2138292.928059803787619 ], [ 479753.944704183086287, 2138298.150099460035563 ], [ 479780.646253011480439, 2138313.345549581572413 ], [ 479783.839569003379438, 2138314.701233685482293 ], [ 479818.670286368404049, 2138324.927760587539524 ], [ 479822.696072036749683, 2138325.533955839462578 ], [ 480009.348383579170331, 2138328.022108994890004 ], [ 480013.993012393533718, 2138327.349806352052838 ], [ 480018.202563951199409, 2138325.275139306206256 ], [ 480021.564978015958332, 2138322.001190723385662 ], [ 480023.751118071901146, 2138317.848437501117587 ], [ 480024.546989498543553, 2138313.223380059469491 ], [ 480023.874686855531763, 2138308.578751245047897 ], [ 480021.800019809801597, 2138304.369199687615037 ], [ 480018.52607122680638, 2138301.006785622797906 ], [ 480014.373318004771136, 2138298.820645566564053 ], [ 480009.748260563006625, 2138298.024774140212685 ], [ 479825.150357975042425, 2138295.564007112756371 ] ] ] ] } },
{ "type": "Feature", "properties": { "CVEGEO": "090100001", "CVE_ENT": "09", "CVE_MUN": "010", "CVE_LOC": "0001", "CVEVIAL": "04656", "CVESEG": "00001", "NOMVIAL": "Mina la Mexicana", "TIPOVIAL": "Calle", "SENTIDO": "Dos sentidos", "TIPOSEN": 2, "AMBITO": "Urbana", "MINUTES": 3.3976668544200002, "LENGTH": 0.1702997710303481, "VELOCIDAD": 3.0, "T_VIAL2024": "Vías de acceso controlado - Viaductos", "NOMENCLATU": "Carlos Lazo", "NOTA2024": null, "NombreMate": "Carlos Lazo", "ID": 16 }, "geometry": { "type": "MultiPolygon", "coordinates": [ [ [ [ 472079.222515016444959, 2141050.709301619324833 ], [ 472080.367081509320997, 2141050.194340625312179 ], [ 472109.38917232764652, 2141035.647501635365188 ], [ 472139.846894018992316, 2141020.381437703501433 ], [ 472143.661801379057579, 2141017.648115640506148 ], [ 472146.445350914262235, 2141013.869700674898922 ], [ 472147.925069401971996, 2141009.416050389409065 ], [ 472147.956111686886288, 2141004.723119104746729 ], [ 472146.535439133702312, 2141000.250283632427454 ], [ 472143.802117070474196, 2140996.435376272071153 ], [ 472140.023702104925178, 2140993.651826736982912 ], [ 472135.570051819551736, 2140992.172108249273151 ], [ 472130.877120534772985, 2140992.141065964475274 ], [ 472126.404285062279087, 2140993.561738517601043 ], [ 472095.946503695973661, 2141008.827832359820604 ], [ 472067.485720318276435, 2141023.093325356021523 ], [ 471971.740635213442147, 2141061.439258823636919 ], [ 471967.710602981795091, 2141063.844130520708859 ], [ 471964.620960790663958, 2141067.376647866331041 ], [ 471962.77414434455568, 2141071.691023450344801 ], [ 471962.350932904693764, 2141076.364936131052673 ], [ 471963.392753355496097, 2141080.940870769321918 ], [ 471965.797625052509829, 2141084.970903000794351 ], [ 471969.330142398306634, 2141088.060545192100108 ], [ 471973.644517982495017, 2141089.907361638266593 ], [ 471978.318430662911851, 2141090.330573078244925 ], [ 471982.89436530135572, 2141089.288752627093345 ], [ 472079.222515016444959, 2141050.709301619324833 ] ] ] ] } },
{ "type": "Feature", "properties": { "CVEGEO": "090100001", "CVE_ENT": "09", "CVE_MUN": "010", "CVE_LOC": "0001", "CVEVIAL": "04863", "CVESEG": "00002", "NOMVIAL": "10 Sur (Avenida San Jerónimo)", "TIPOVIAL": "Eje Vial", "SENTIDO": "Un sentido", "TIPOSEN": 1, "AMBITO": "Urbana", "MINUTES": 2.2307624835, "LENGTH": 1.0054624318885683, "VELOCIDAD": 3.0, "T_VIAL2024": "Vías primarias  - Avenidas primarias", "NOMENCLATU": "Paseo del Pedregal", "NOTA2024": null, "NombreMate": "San Jerónimo Eje 10 Sur", "ID": 24 }, "geometry": { "type": "MultiPolygon", "coordinates": [ [ [ [ 479854.543211127398536, 2138096.921146185137331 ], [ 479714.374417101149447, 2138069.935518581885844 ], [ 479596.49138046358712, 2138045.991111623123288 ], [ 479510.98371304187458, 2138021.836363854818046 ], [ 479510.873987215163652, 2138021.805817159358412 ], [ 479396.873072152491659, 2137990.5348473158665 ], [ 479396.033615459979046, 2137990.330382796935737 ], [ 479317.775252034363803, 2137973.641066574957222 ], [ 479317.580752666399349, 2137973.600932050962001 ], [ 479240.440836902998853, 2137958.214964773040265 ], [ 479220.901007706124801, 2137952.836715325247496 ], [ 479202.6523759389529, 2137946.802152178715914 ], [ 479184.074596650607418, 2137936.616104607470334 ], [ 479170.818784475151915, 2137924.633533353451639 ], [ 479170.749921095673926, 2137924.571669456083328 ], [ 479157.729733129497617, 2137912.947292574681342 ], [ 479139.716973432805389, 2137893.601928220596164 ], [ 479090.941123208671343, 2137823.157154058106244 ], [ 479090.167083616252057, 2137822.13545092754066 ], [ 479068.837610247603152, 2137796.349136815406382 ], [ 479047.11903996008914, 2137770.094405600335449 ], [ 479024.64887567050755, 2137735.219859032426029 ], [ 479014.546836199471727, 2137706.637941123917699 ], [ 479014.339263620087877, 2137706.048297791276127 ], [ 479012.10760162997758, 2137701.919829258229584 ], [ 479008.70939801458735, 2137698.683043838478625 ], [ 479004.47729262051871, 2137696.654780640266836 ], [ 478999.825553410570137, 2137696.033580197487026 ], [ 478995.209525029174984, 2137696.880249937996268 ], [ 478991.081056496070232, 2137699.111911928281188 ], [ 478987.844271076028235, 2137702.51011554338038 ], [ 478985.816007877874654, 2137706.742220937740058 ], [ 478985.194807435327675, 2137711.393960147630423 ], [ 478986.041477175778709, 2137716.009988529141992 ], [ 478986.252174618304707, 2137716.608508538454771 ], [ 478986.258435526862741, 2137716.626258096192032 ], [ 478996.947659392200876, 2137746.869509461801499 ], [ 478998.480978222505655, 2137749.995273801032454 ], [ 479022.383383897366002, 2137787.092713278718293 ], [ 479023.434732307738159, 2137788.529391789808869 ], [ 479045.721150872996077, 2137815.470572588965297 ], [ 479066.641577604343183, 2137840.762368862051517 ], [ 479115.668705373303965, 2137911.570051919203252 ], [ 479117.023096036631614, 2137913.25289752567187 ], [ 479136.245522916608024, 2137933.8974216314964 ], [ 479137.233633157680742, 2137934.86507261544466 ], [ 479150.735677303455304, 2137946.919648956973106 ], [ 479165.2620105551905, 2137960.050705805420876 ], [ 479168.109204806329217, 2137962.07588057173416 ], [ 479189.430627334746532, 2137973.766245753969997 ], [ 479191.932686361134984, 2137974.855052810627967 ], [ 479211.843679978628643, 2137981.439335393253714 ], [ 479212.572500837268308, 2137981.659987756051123 ], [ 479232.998396718699951, 2137987.282123043667525 ], [ 479234.045006737695076, 2137987.530199077446014 ], [ 479311.615295051713474, 2138003.002006453927606 ], [ 479389.353867791069206, 2138019.580472528468817 ], [ 479502.883079066989012, 2138050.722051876597106 ], [ 479588.876926433003973, 2138075.014138836413622 ], [ 479589.968817037821282, 2138075.278859661426395 ], [ 479708.477718127192929, 2138099.350392231717706 ], [ 479708.62778686353704, 2138099.380078207235783 ], [ 479848.871757213259116, 2138126.38017893396318 ], [ 479859.062473239726387, 2138128.342035240028054 ], [ 479863.752935366297606, 2138128.497382292058319 ], [ 479868.261834815260954, 2138127.195693609770387 ], [ 479872.1478090932942, 2138124.56438755011186 ], [ 479875.030471962876618, 2138120.861034684814513 ], [ 479876.62764829758089, 2138116.448144993744791 ], [ 479876.782995349611156, 2138111.757682867348194 ], [ 479875.481306667148601, 2138107.248783418443054 ], [ 479872.850000607897528, 2138103.362809140235186 ], [ 479869.146647742192727, 2138100.480146270710975 ], [ 479864.733758051414043, 2138098.882969935890287 ], [ 479854.543211127398536, 2138096.921146185137331 ] ] ] ] } },
{ "type": "Feature", "properties": { "CVEGEO": "090100001", "CVE_ENT": "09", "CVE_MUN": "010", "CVE_LOC": "0001", "CVEVIAL": "00418", "CVESEG": "00064", "NOMVIAL": "Calzada de las Águilas", "TIPOVIAL": "Calzada", "SENTIDO": "Un sentido", "TIPOSEN": 1, "AMBITO": "Urbana", "MINUTES": 0.6356191457, "LENGTH": 8.4515623036902472, "VELOCIDAD": 3.0, "T_VIAL2024": "Vías primarias  - Avenidas primarias", "NOMENCLATU": "Calzada de las Águilas", "NOTA2024": null, "NombreMate": "Calzada de las Águilas", "ID": 15 }, "geometry": { "type": "MultiPolygon", "coordinates": [ [ [ [ 474083.92742375319358, 2138667.685834967065603 ], [ 474064.872278815892059, 2138652.739978145807981 ], [ 474060.69203034194652, 2138649.444365701638162 ], [ 474026.282303850224707, 2138618.796778390649706 ], [ 474026.259919154108502, 2138618.776881133206189 ], [ 474005.642116974107921, 2138600.486989397089928 ], [ 473977.010779670439661, 2138574.134481911547482 ], [ 473976.955039311433211, 2138574.083436847198755 ], [ 473970.124311384570319, 2138567.859664562158287 ], [ 473926.537868861691095, 2138527.799953922163695 ], [ 473926.512339854496531, 2138527.776544871740043 ], [ 473921.313851667742711, 2138523.020781688392162 ], [ 473921.12753990868805, 2138522.853174373041838 ], [ 473903.09421061509056, 2138506.900803520809859 ], [ 473901.973440724308603, 2138506.001277397852391 ], [ 473890.856458236288745, 2138497.922926480416209 ], [ 473888.097650207928382, 2138496.335617425385863 ], [ 473694.636942140990868, 2138410.911849441938102 ], [ 473690.93041468586307, 2138409.819305375684053 ], [ 473687.067769102635793, 2138409.709909717086703 ], [ 473643.227158582420088, 2138414.146351192612201 ], [ 473638.308597062889021, 2138415.517609081231058 ], [ 473618.351975395809859, 2138424.984225078020245 ], [ 473613.988795337965712, 2138428.118793407920748 ], [ 473588.441569539951161, 2138454.58314062282443 ], [ 473587.247301881026942, 2138455.982749979477376 ], [ 473577.15086158545455, 2138469.40185493323952 ], [ 473576.425564369943459, 2138470.456698692403734 ], [ 473549.067729638481978, 2138514.125867234542966 ], [ 473540.959782091376837, 2138524.981396530754864 ], [ 473540.312624668644276, 2138525.920292875729501 ], [ 473508.9964774029213, 2138575.268307709600776 ], [ 473470.618222959747072, 2138624.962810052093118 ], [ 473424.140050998190418, 2138662.447964353021234 ], [ 473385.232533904490992, 2138682.099286707118154 ], [ 473351.084419609222095, 2138688.165782826952636 ], [ 473291.363165912567638, 2138684.497188586276025 ], [ 473291.280472338432446, 2138684.492337990552187 ], [ 473248.414675647800323, 2138682.096687881276011 ], [ 473245.353493044967763, 2138682.239133041352034 ], [ 473087.62914321036078, 2138705.887714688200504 ], [ 473076.829301231889986, 2138706.839218466542661 ], [ 473062.82450381689705, 2138707.474661856424063 ], [ 473040.711633797560353, 2138706.552797183860093 ], [ 473026.671909547701944, 2138702.629372741561383 ], [ 472850.149388517660554, 2138616.781509720254689 ], [ 472777.430833144986536, 2138581.156891786493361 ], [ 472769.265182029514108, 2138570.946255505550653 ], [ 472765.185085875913501, 2138552.440728207584471 ], [ 472762.268756333214696, 2138546.32351808808744 ], [ 472712.111359572270885, 2138483.367532041389495 ], [ 472712.035486536798999, 2138483.273083737120032 ], [ 472642.011742388247512, 2138396.823461070656776 ], [ 472641.396020178042818, 2138396.110316324979067 ], [ 472624.761565454071388, 2138378.024739590473473 ], [ 472624.434194765170105, 2138377.679941385984421 ], [ 472607.429990682285279, 2138360.329696620348841 ], [ 472606.543511275318451, 2138359.495723085012287 ], [ 472592.496568862523418, 2138347.31637206627056 ], [ 472592.377391973219346, 2138347.214127992279828 ], [ 472577.590343398274854, 2138334.661809597630054 ], [ 472574.889277286361903, 2138332.834019220899791 ], [ 472561.358223146409728, 2138325.686376766301692 ], [ 472560.615925708669238, 2138325.320095227099955 ], [ 472548.513719338341616, 2138319.758145974483341 ], [ 472546.752062266285066, 2138319.079277631826699 ], [ 472517.084071915305685, 2138309.744072276167572 ], [ 472514.067673481185921, 2138309.126232629176229 ], [ 472502.329230610281229, 2138307.957738726399839 ], [ 472501.554308324528392, 2138307.900823965203017 ], [ 472453.711013973748777, 2138305.630828521680087 ], [ 472451.825594323687255, 2138305.660027340054512 ], [ 472437.245143409119919, 2138306.80521438177675 ], [ 472435.296886986063328, 2138307.087819049134851 ], [ 472410.300098461797461, 2138312.408357828855515 ], [ 472407.453227877907921, 2138313.318765680771321 ], [ 472377.714979833341204, 2138326.219555751420557 ], [ 472376.08485710027162, 2138327.04822462843731 ], [ 472299.810739670705516, 2138371.871457821223885 ], [ 472252.355568849714473, 2138398.560404671356082 ], [ 472248.675306619959883, 2138401.472489420790225 ], [ 472246.075052921252791, 2138405.379310170188546 ], [ 472244.809338702703826, 2138409.898440084885806 ], [ 472245.002060890779831, 2138414.587515241466463 ], [ 472246.634354494861327, 2138418.987536293454468 ], [ 472249.546439244237263, 2138422.667798523325473 ], [ 472253.453259993868414, 2138425.268052221741527 ], [ 472257.972389908332843, 2138426.53376644058153 ], [ 472262.661465065088123, 2138426.341044252272695 ], [ 472267.061486116959713, 2138424.708750648424029 ], [ 472314.640737031644676, 2138397.950020738411695 ], [ 472314.887550458544865, 2138397.808112231548876 ], [ 472390.494642780045979, 2138353.376862885430455 ], [ 472418.014669959666207, 2138341.438362243119627 ], [ 472440.577608767605852, 2138336.635865682736039 ], [ 472453.232848600950092, 2138335.641889793332666 ], [ 472499.744315219111741, 2138337.848694711923599 ], [ 472509.555961000267416, 2138338.825387140270323 ], [ 472536.845394221309107, 2138347.412165689747781 ], [ 472547.711971669632476, 2138352.40624284138903 ], [ 472559.426454894070048, 2138358.594300088007003 ], [ 472572.903058598632924, 2138370.034217913635075 ], [ 472586.430509214580525, 2138381.763145433738828 ], [ 472602.841986870975234, 2138398.508601611480117 ], [ 472618.996423809789121, 2138416.07228576624766 ], [ 472688.685383577656467, 2138502.108591725118458 ], [ 472736.63761678582523, 2138562.296725872904062 ], [ 472740.720846718992107, 2138580.816466621123254 ], [ 472743.654405743640382, 2138586.955261840485036 ], [ 472756.099942633823957, 2138602.517627744935453 ], [ 472761.215461820131168, 2138606.619603022001684 ], [ 472836.970577431784477, 2138643.731823367532343 ], [ 472837.009431541198865, 2138643.75078850146383 ], [ 473014.769746345584281, 2138730.200625422410667 ], [ 473017.292901623470243, 2138731.157773917540908 ], [ 473034.312254019198008, 2138735.913860432803631 ], [ 473037.724563730997033, 2138736.454327397048473 ], [ 473062.227316061558668, 2138737.475824006367475 ], [ 473063.532008670736104, 2138737.473425171338022 ], [ 473078.50782851310214, 2138736.793923323508352 ], [ 473079.144381975056604, 2138736.751460074912757 ], [ 473090.717558054195251, 2138735.731822862755507 ], [ 473091.625285575049929, 2138735.62388702435419 ], [ 473248.278576290642377, 2138712.135895857121795 ], [ 473289.565114535856992, 2138714.443285605870187 ], [ 473351.028823333384935, 2138718.218916459940374 ], [ 473354.572224805364385, 2138718.015894167125225 ], [ 473392.650757115159649, 2138711.251149663235992 ], [ 473396.789589705469552, 2138709.87149602919817 ], [ 473439.082920914457645, 2138688.510074198711663 ], [ 473441.737089077592827, 2138686.796828428748995 ], [ 473490.826861835550517, 2138647.205389506649226 ], [ 473493.281977710255887, 2138644.697947411797941 ], [ 473533.162807285145391, 2138593.057819232810289 ], [ 473533.956026310799643, 2138591.92661310127005 ], [ 473565.336985776317306, 2138542.476467140950263 ], [ 473573.471045026904903, 2138531.585977534297854 ], [ 473574.164676513406448, 2138530.573374984320253 ], [ 473601.508472966495901, 2138486.926614646334201 ], [ 473610.665604206093121, 2138474.755938488990068 ], [ 473633.676388357358519, 2138450.91908879391849 ], [ 473648.825282434001565, 2138443.73306475719437 ], [ 473686.144803421397228, 2138439.956523582339287 ], [ 473874.515637279313523, 2138523.132826238870621 ], [ 473883.755941682553384, 2138529.847456007730216 ], [ 473901.156600069778506, 2138545.240163097158074 ], [ 473906.249854426598176, 2138549.89965460402891 ], [ 473949.847417369659524, 2138589.969585871789604 ], [ 473949.895254851900972, 2138590.013362289406359 ], [ 473956.722014345461503, 2138596.233518762979656 ], [ 473985.426747883786447, 2138622.653580718673766 ], [ 473985.630843138147611, 2138622.838003640528768 ], [ 474006.340336152876262, 2138641.209233602043241 ], [ 474041.075135522754863, 2138672.146352403797209 ], [ 474041.765005410125013, 2138672.724625361151993 ], [ 474046.313534479239024, 2138676.310581817291677 ], [ 474046.34289514250122, 2138676.333669876214117 ], [ 474065.888593712938018, 2138691.664286054205149 ], [ 474067.205056107079145, 2138692.698420844972134 ], [ 474071.164172189834062, 2138694.932489875238389 ], [ 474076.795601575460751, 2138697.062640103045851 ], [ 474076.837761343165766, 2138697.078515172936022 ], [ 474108.698322143929545, 2138709.020869171246886 ], [ 474109.523481292126235, 2138709.303091493435204 ], [ 474115.200397218693979, 2138711.062127951532602 ], [ 474115.252893581462558, 2138711.078289071563631 ], [ 474122.050136821228079, 2138713.157218193169683 ], [ 474248.430953362199944, 2138751.737789938692003 ], [ 474288.224546966725029, 2138764.152187502942979 ], [ 474288.414286694314796, 2138764.210006746463478 ], [ 474322.81988091871608, 2138774.446285193786025 ], [ 474331.178152328240685, 2138777.031279587186873 ], [ 474333.200577444687951, 2138777.656809485517442 ], [ 474446.845369311107788, 2138813.047612324357033 ], [ 474487.238747616065666, 2138826.597093716729432 ], [ 474504.399219751183409, 2138833.484565612394363 ], [ 474537.414533538161777, 2138852.107748134527355 ], [ 474537.500232233549468, 2138852.155719664879143 ], [ 474610.995195777912159, 2138892.980554403737187 ], [ 474624.289210316201206, 2138900.392863349057734 ], [ 474624.32450281403726, 2138900.412479073740542 ], [ 474649.87039145588642, 2138914.56602532370016 ], [ 474650.605630353558809, 2138914.947241982910782 ], [ 474683.508609851298388, 2138930.87053780676797 ], [ 474683.535985415626783, 2138930.883751908317208 ], [ 474688.050095412123483, 2138933.0570621448569 ], [ 474808.086752966919448, 2138998.558206640649587 ], [ 474808.121156292501837, 2138998.576966055203229 ], [ 474893.566651513043325, 2139045.202401198912412 ], [ 474925.720446634630207, 2139063.711013306397945 ], [ 474937.776854700467084, 2139071.030046198517084 ], [ 474966.228559850947931, 2139088.298219945281744 ], [ 474966.648614347970579, 2139088.543929206673056 ], [ 474991.857167416368611, 2139102.745830784551799 ], [ 475172.868504433310591, 2139204.751091585494578 ], [ 475173.936748964944854, 2139205.29797350242734 ], [ 475226.67979596205987, 2139229.688015456311405 ], [ 475228.150860992900562, 2139230.276107040699571 ], [ 475271.731516291445587, 2139245.080821430776268 ], [ 475273.553760252892971, 2139245.737327005248517 ], [ 475274.158550758496858, 2139245.940790532622486 ], [ 475281.433957105444279, 2139248.217305614612997 ], [ 475293.244904903112911, 2139251.940331205260009 ], [ 475293.840979745902587, 2139252.114743689075112 ], [ 475408.435662636242341, 2139283.084818797651678 ], [ 475408.809133167087566, 2139283.180618979502469 ], [ 475461.499562576645985, 2139295.976992058102041 ], [ 475525.382420130015817, 2139311.585996235255152 ], [ 475525.504502935626078, 2139311.615284835919738 ], [ 475538.182690131885465, 2139314.600824263878167 ], [ 475538.562516735575628, 2139314.685084613505751 ], [ 475588.378794890886638, 2139325.060319863725454 ], [ 475658.970937932725064, 2139340.874736981000751 ], [ 475659.082572899525985, 2139340.899299705866724 ], [ 475666.539023615478072, 2139342.510160324163735 ], [ 475817.191301596234553, 2139401.241276515182108 ], [ 475819.697628570080269, 2139402.974237145856023 ], [ 475822.205821106210351, 2139404.374123788438737 ], [ 475887.093219830479939, 2139432.820834582205862 ], [ 475890.860929359099828, 2139433.912560803815722 ], [ 475894.782853266398888, 2139433.990111438557506 ], [ 475956.472988497989718, 2139427.09170883661136 ], [ 475970.706149866280612, 2139427.257850956637412 ], [ 475970.846918593335431, 2139427.258833529427648 ], [ 475989.533489271998405, 2139427.3015794060193 ], [ 476013.950024241348729, 2139429.372992401476949 ], [ 476312.36427582136821, 2139495.603738669771701 ], [ 476544.983339086698834, 2139547.676622624509037 ], [ 476594.725711741077248, 2139563.611643414478749 ], [ 476644.907305839355104, 2139579.940763426478952 ], [ 476753.989034070458729, 2139615.430729212705046 ], [ 476916.472510046267416, 2139668.585100717842579 ], [ 477067.317718307196628, 2139721.855874929111451 ], [ 477173.150859156216029, 2139783.516694504301995 ], [ 477173.220282787107863, 2139783.556894030887634 ], [ 477245.813827195845079, 2139825.333140013273805 ], [ 477254.727442857110873, 2139832.74037009337917 ], [ 477269.882576494943351, 2139845.336585551034659 ], [ 477284.846886329818517, 2139926.839357441756874 ], [ 477298.001231382193509, 2140019.026114113163203 ], [ 477298.055165226105601, 2140019.374723641667515 ], [ 477310.054983718437143, 2140091.327244529500604 ], [ 477311.601192571979482, 2140095.891944617033005 ], [ 477333.256963862164412, 2140136.693627035710961 ], [ 477333.472746154468041, 2140137.085929704364389 ], [ 477359.582459985162131, 2140182.921144024003297 ], [ 477359.907826350128744, 2140183.465252968948334 ], [ 477471.802344737167004, 2140361.913240140769631 ], [ 477474.139530130487401, 2140364.781575920060277 ], [ 477477.107729954062961, 2140366.990552043076605 ], [ 477587.140811940189451, 2140429.42866329383105 ], [ 477587.482225683401339, 2140429.616577252745628 ], [ 477648.209861571376678, 2140462.020393379963934 ], [ 477678.486596015573014, 2140478.177084458526224 ], [ 477710.53458852233598, 2140496.468688632361591 ], [ 477711.717142891662661, 2140497.075819237157702 ], [ 477741.924121728225145, 2140510.929020278621465 ], [ 477743.316410732863005, 2140511.485110130626708 ], [ 477773.455957294034306, 2140521.808643403463066 ], [ 477773.549293514341116, 2140521.840271149761975 ], [ 477838.28504124871688, 2140543.539700852707028 ], [ 477851.035206827044021, 2140549.67788692144677 ], [ 477898.625303398875985, 2140577.028404730837792 ], [ 477962.43433172267396, 2140618.231417953502387 ], [ 477963.333128580707125, 2140618.768301525618881 ], [ 478001.586904066323768, 2140639.843268619384617 ], [ 478007.119721827737521, 2140641.607916377019137 ], [ 478030.257224677363411, 2140644.255497012287378 ], [ 478031.970128779823426, 2140644.35274453042075 ], [ 478115.736039949289989, 2140644.310244055930525 ], [ 478115.766553976864088, 2140644.310197536833584 ], [ 478200.783405157621019, 2140644.094114575069398 ], [ 478252.373254484089557, 2140645.123041186481714 ], [ 478252.808145546470769, 2140645.125409028958529 ], [ 478298.85905705858022, 2140644.708523375447839 ], [ 478308.691969635430723, 2140644.992463618982583 ], [ 478371.408009797742125, 2140646.799826632719487 ], [ 478460.723178085114341, 2140649.367703518364578 ], [ 478605.222404050407931, 2140653.846967571415007 ], [ 478605.328667073918041, 2140653.849884710274637 ], [ 478658.613894590758719, 2140655.123736139852554 ], [ 478672.559676739154384, 2140655.467681660316885 ], [ 478750.280667018669192, 2140657.472089026588947 ], [ 478750.3519045500434, 2140657.473756918217987 ], [ 478829.88407790614292, 2140659.146850900258869 ], [ 478829.908742736442946, 2140659.147349475417286 ], [ 478872.895257616240997, 2140659.980916604399681 ], [ 478918.392834127531387, 2140661.648253778927028 ], [ 478918.507540800608695, 2140661.652018048334867 ], [ 478989.016553880122956, 2140663.695876979269087 ], [ 478989.129597668652423, 2140663.698727389331907 ], [ 479241.177397566090804, 2140669.103566371370107 ], [ 479250.144611945084762, 2140674.272602028679103 ], [ 479254.273220675007906, 2140675.895350467413664 ], [ 479258.695916091965046, 2140676.239571019075811 ], [ 479263.025884880509693, 2140675.275157814379781 ], [ 479266.884423687646631, 2140673.086459385231137 ], [ 479381.956519568455406, 2140582.965776800177991 ], [ 479458.37761118542403, 2140524.809544149786234 ], [ 479517.160141010652296, 2140480.041905196849257 ], [ 479523.60089706123108, 2140475.270380659494549 ], [ 479523.790480869822204, 2140475.127593921031803 ], [ 479532.820037631783634, 2140468.214270478580147 ], [ 479533.256958664394915, 2140467.866662560962141 ], [ 479534.228069543489255, 2140467.064099353272468 ], [ 479534.64992466266267, 2140466.702099652495235 ], [ 479535.681815786927473, 2140465.782877540681511 ], [ 479542.287113489524927, 2140460.038464367389679 ], [ 479542.542379870312288, 2140459.811309541575611 ], [ 479545.032867766101845, 2140457.543736352585256 ], [ 479581.259698894165922, 2140425.656404849141836 ], [ 479584.254012020828668, 2140422.042728526052088 ], [ 479585.985085635853466, 2140417.680624468717724 ], [ 479586.283470192691311, 2140412.997085814829916 ], [ 479585.119957731920294, 2140408.450569959823042 ], [ 479582.608440959884319, 2140404.486121552996337 ], [ 479578.994764637027401, 2140401.491808426100761 ], [ 479574.632660579751246, 2140399.760734810959548 ], [ 479569.949121925747022, 2140399.46235025441274 ], [ 479565.402606070623733, 2140400.625862715300173 ], [ 479561.438157663738821, 2140403.137379487045109 ], [ 479525.116701884137001, 2140435.108000848907977 ], [ 479524.928865767491516, 2140435.276159145869315 ], [ 479522.471505862660706, 2140437.513569512404501 ], [ 479515.927708006929606, 2140443.204498263541609 ], [ 479515.793557249184232, 2140443.322575733065605 ], [ 479514.902515606605448, 2140444.116327283903956 ], [ 479514.360911979572847, 2140444.563929255586118 ], [ 479505.647278028656729, 2140451.235371880233288 ], [ 479499.221947455662303, 2140455.995468715205789 ], [ 479499.062877347692847, 2140456.11495504854247 ], [ 479440.20782213966595, 2140500.937829219736159 ], [ 479363.706032878428232, 2140559.155472547281533 ], [ 479363.541111680562608, 2140559.28279545577243 ], [ 479256.356663488259073, 2140643.226131671573967 ], [ 479252.831095679372083, 2140641.193863349966705 ], [ 479249.372431807569228, 2140639.741560704540461 ], [ 479245.661578775325324, 2140639.192827140446752 ], [ 478989.829288241511676, 2140633.706834652926773 ], [ 478919.434152256231755, 2140631.666276700329036 ], [ 478873.864694925548974, 2140629.996305329259485 ], [ 478873.606178576941602, 2140629.989062487147748 ], [ 478830.502706967643462, 2140629.153227407485247 ], [ 478751.018486558808945, 2140627.481142196804285 ], [ 478673.324670794361737, 2140625.477435655426234 ], [ 478673.307785940938629, 2140625.477009711321443 ], [ 478659.34789060492767, 2140625.13271611649543 ], [ 478606.09878723352449, 2140623.859723989386111 ], [ 478461.635852283681743, 2140619.381584904622287 ], [ 478461.602180439454969, 2140619.380578971933573 ], [ 478372.271695698553231, 2140616.812261761166155 ], [ 478309.557463491335511, 2140615.004950874950737 ], [ 478299.4406687929295, 2140614.712813104968518 ], [ 478298.871916430769488, 2140614.707177714444697 ], [ 478252.754038009792566, 2140615.124669600278139 ], [ 478201.213018272537738, 2140614.096716864034534 ], [ 478200.875787725031842, 2140614.093782871961594 ], [ 478115.705561851442326, 2140614.31025565834716 ], [ 478032.814144962583669, 2140614.352312438655645 ], [ 478013.470811503473669, 2140612.138891421724111 ], [ 477978.268123359535821, 2140592.744845087174326 ], [ 477914.573010767169762, 2140551.615389972459525 ], [ 477913.910337670880836, 2140551.211386763490736 ], [ 477865.509146509633865, 2140523.394724553916603 ], [ 477864.541472339420579, 2140522.88459772663191 ], [ 477850.450698033848312, 2140516.101015661843121 ], [ 477848.711441760708112, 2140515.394100443925709 ], [ 477783.130622802942526, 2140493.411402774509043 ], [ 477753.74774941673968, 2140483.347048606723547 ], [ 477724.827743952919263, 2140470.084065506700426 ], [ 477693.172249002091121, 2140452.016481915023178 ], [ 477692.798684608249459, 2140451.810255881864578 ], [ 477662.333486768358853, 2140435.552994351368397 ], [ 477601.777142176695634, 2140403.240577980410308 ], [ 477495.207152895105537, 2140342.767593613825738 ], [ 477385.492846859269775, 2140167.796582001727074 ], [ 477359.650884694536217, 2140122.431401749607176 ], [ 477339.244663075020071, 2140083.983998388517648 ], [ 477327.675483782892115, 2140014.61364789493382 ], [ 477314.503834045899566, 2139922.30561853852123 ], [ 477314.407636399148032, 2139921.715746252797544 ], [ 477298.407059671939351, 2139834.568970390129834 ], [ 477296.599835687549785, 2139829.701693362090737 ], [ 477293.241578258166555, 2139825.742078325711191 ], [ 477273.902743666607421, 2139809.668572605587542 ], [ 477263.997851083753631, 2139801.437589606735855 ], [ 477261.892740201961715, 2139799.973238386679441 ], [ 477188.218591282260604, 2139757.575124437920749 ], [ 477081.197763127333019, 2139695.222330948803574 ], [ 477078.641478561796248, 2139694.039085703436285 ], [ 476926.297451681050006, 2139640.239005793817341 ], [ 476925.966380412806757, 2139640.126411341130733 ], [ 476763.305212442879565, 2139586.913910194300115 ], [ 476763.282206195464823, 2139586.906404536217451 ], [ 476654.189913234324194, 2139551.413001508451998 ], [ 476603.976016231114045, 2139535.073370112106204 ], [ 476603.910741908417549, 2139535.052294733934104 ], [ 476553.493904183851555, 2139518.901208357419819 ], [ 476552.194444726745132, 2139518.548386495560408 ], [ 476318.904391351970844, 2139466.325298212934285 ], [ 476318.877716964692809, 2139466.319352536462247 ], [ 476019.469232296571136, 2139399.86794388666749 ], [ 476017.487174128706101, 2139399.565306880977005 ], [ 475991.453739372314885, 2139397.356721791438758 ], [ 475990.220059624931309, 2139397.303071457426995 ], [ 475970.985930638911668, 2139397.259073031134903 ], [ 475955.899299825949129, 2139397.082968456670642 ], [ 475954.057256805477664, 2139397.174859766382724 ], [ 475895.450691140431445, 2139403.728447038680315 ], [ 475835.572587717091665, 2139377.477817109785974 ], [ 475832.807672684022691, 2139375.566059804987162 ], [ 475829.725113539781887, 2139373.928434165660292 ], [ 475676.322540966793895, 2139314.125127939507365 ], [ 475674.041701112117153, 2139313.438918423373252 ], [ 475665.473367887316272, 2139311.587851329706609 ], [ 475594.826835948042572, 2139295.761249730363488 ], [ 475594.606157780915964, 2139295.713553506880999 ], [ 475544.869820780295413, 2139285.354967599269003 ], [ 475532.442103185225278, 2139282.428410331718624 ], [ 475468.610058009275235, 2139266.831821544561535 ], [ 475468.589719252777286, 2139266.826867051888257 ], [ 475416.076469728490338, 2139254.073523797560483 ], [ 475301.96774962474592, 2139223.234783787745982 ], [ 475290.4379763014731, 2139219.600389506202191 ], [ 475290.407851953525096, 2139219.590928608551621 ], [ 475283.421938021609094, 2139217.404997311998159 ], [ 475281.770652732346207, 2139216.810083557385951 ], [ 475281.511276730452664, 2139216.719312899746001 ], [ 475238.551600084407255, 2139202.12555016996339 ], [ 475187.073605248995591, 2139178.320508079603314 ], [ 475006.584682206739672, 2139076.6096430583857 ], [ 474981.585867921530735, 2139062.52590322541073 ], [ 474953.344114554231055, 2139045.385155456140637 ], [ 474941.139005963748787, 2139037.975851562339813 ], [ 474940.838253656693269, 2139037.798035233281553 ], [ 474908.384907776024193, 2139019.116993439383805 ], [ 474908.086724912922364, 2139018.949845416005701 ], [ 474822.489045511756558, 2138972.241367232985795 ], [ 474702.085497736756224, 2138906.540033141151071 ], [ 474701.407337290176656, 2138906.192039643414319 ], [ 474696.56341874494683, 2138903.859943667426705 ], [ 474664.047003704821691, 2138888.123724524863064 ], [ 474638.881129938643426, 2138874.180723235476762 ], [ 474625.594298303185496, 2138866.772419242653996 ], [ 474625.5733887173119, 2138866.760782593395561 ], [ 474552.11089359462494, 2138825.953983347862959 ], [ 474518.275400843354873, 2138806.868156652431935 ], [ 474516.49297386809485, 2138806.012348028365523 ], [ 474498.008991965034511, 2138798.593676509801298 ], [ 474497.192201695463154, 2138798.293060603085905 ], [ 474456.231426733196713, 2138784.553252707235515 ], [ 474455.921057390456554, 2138784.452883967198431 ], [ 474342.106694423127919, 2138749.00927397981286 ], [ 474342.079004530911334, 2138749.000680251978338 ], [ 474340.042588834068738, 2138748.370823109988123 ], [ 474331.606720321753528, 2138745.761829962488264 ], [ 474331.4522013082169, 2138745.714951021596789 ], [ 474297.064282432897016, 2138735.48393130581826 ], [ 474257.321586316800676, 2138723.085412218701094 ], [ 474257.233941147220321, 2138723.058363351039588 ], [ 474130.820606882858556, 2138684.467867023777217 ], [ 474124.053408222272992, 2138682.398127002175897 ], [ 474118.819409080490004, 2138680.776331747416407 ], [ 474087.388415929046459, 2138668.994993400294334 ], [ 474083.92742375319358, 2138667.685834967065603 ] ] ] ] } },
{ "type": "Feature", "properties": { "CVEGEO": null, "CVE_ENT": null, "CVE_MUN": null, "CVE_LOC": null, "CVEVIAL": null, "CVESEG": null, "NOMVIAL": "SUPERVIAL PONIENTE", "TIPOVIAL": null, "SENTIDO": null, "TIPOSEN": null, "AMBITO": null, "MINUTES": null, "LENGTH": 3.5415908510979084, "VELOCIDAD": null, "T_VIAL2024": null, "NOMENCLATU": null, "NOTA2024": null, "NombreMate": null, "ID": null }, "geometry": { "type": "MultiPolygon", "coordinates": [ [ [ [ 474021.458774322585668, 2139078.31670462526381 ], [ 474142.607965158531442, 2139066.065662855282426 ], [ 474237.902682610671036, 2139098.27796171233058 ], [ 474357.486822799080983, 2139167.803624612744898 ], [ 474359.872406690730713, 2139168.922859594225883 ], [ 474475.139183041523211, 2139211.093631430063397 ], [ 474478.581422718183603, 2139211.90882961358875 ], [ 474482.118847961130086, 2139211.895238399505615 ], [ 474631.122241780452896, 2139193.621237270534039 ], [ 474636.465502275561448, 2139191.908619041088969 ], [ 474732.052585103083402, 2139139.89800044381991 ], [ 474736.814858457830269, 2139135.812817150726914 ], [ 474804.288093394890893, 2139047.254196295980364 ], [ 474805.394075074815191, 2139045.581411805935204 ], [ 474851.781924094015267, 2138964.051252923440188 ], [ 474853.223996255313978, 2138960.550431609153748 ], [ 474853.743540773401037, 2138956.800045564305037 ], [ 474855.149233167874627, 2138830.287730056792498 ], [ 474854.829713300277945, 2138827.037133699748665 ], [ 474819.687403437215835, 2138659.759738751687109 ], [ 474819.495491703564767, 2138658.95675023784861 ], [ 474757.645026344573125, 2138428.423197536263615 ], [ 474757.115873061527964, 2138426.818261394742876 ], [ 474724.555690384411719, 2138344.061130423564464 ], [ 474732.688648348208517, 2138171.913520192261785 ], [ 474809.050585512537509, 2138019.189645863138139 ], [ 474962.257170278404374, 2137852.055189755279571 ], [ 474963.275695735705085, 2137850.817305898293853 ], [ 475081.35385687550297, 2137690.568372922949493 ], [ 475083.145645045791753, 2137687.387813048902899 ], [ 475084.116071250522509, 2137683.868617268744856 ], [ 475106.607149562856648, 2137532.053838660474867 ], [ 475106.370355152525008, 2137526.420018738135695 ], [ 475061.38819852785673, 2137335.245853082742542 ], [ 475060.942539715673774, 2137333.719686838798225 ], [ 474965.355456888151821, 2137061.015362301841378 ], [ 474965.217294346773997, 2137060.63750403560698 ], [ 474848.433176234422717, 2136754.058458577375859 ], [ 474846.097082446678542, 2136749.988171918783337 ], [ 474842.617537477693986, 2136746.838991950266063 ], [ 474838.33514343254501, 2136744.919182347599417 ], [ 474833.669090877461713, 2136744.416667452082038 ], [ 474829.076125546882395, 2136745.380636922083795 ], [ 474825.005838888406288, 2136747.716730709653348 ], [ 474821.856658919539768, 2136751.196275678928941 ], [ 474819.936849317280576, 2136755.478669723961502 ], [ 474819.434334421530366, 2136760.144722279161215 ], [ 474820.398303891590331, 2136764.737687609624118 ], [ 474937.110806805314496, 2137071.128730455879122 ], [ 475032.368015004496556, 2137342.891942082438618 ], [ 475076.510368994204327, 2137530.496946539264172 ], [ 475054.987179380375892, 2137675.778476432897151 ], [ 474939.600162984628696, 2137832.375141541473567 ], [ 474785.516382674977649, 2138000.466538242530078 ], [ 474783.157286912959535, 2138003.894203737843782 ], [ 474704.438512819760945, 2138161.331751924473792 ], [ 474702.871632747410331, 2138167.332083985675126 ], [ 474694.437478380161338, 2138345.855018090456724 ], [ 474695.462277042039204, 2138352.05475459434092 ], [ 474728.889042468566913, 2138437.014450053684413 ], [ 474790.413197368034162, 2138666.331754678860307 ], [ 474825.132831558061298, 2138831.597213423345238 ], [ 474823.788495501736179, 2138952.58745849551633 ], [ 474779.81611716322368, 2139029.872244666330516 ], [ 474714.89618149434682, 2139115.079660231713206 ], [ 474624.6356918279198, 2139164.191985491197556 ], [ 474482.053343397157732, 2139181.678499921690673 ], [ 474371.421990040806122, 2139141.203614546917379 ], [ 474251.675890591519419, 2139071.583789285738021 ], [ 474248.940000709379092, 2139070.34128852467984 ], [ 474149.135840698319953, 2139036.604671056382358 ], [ 474142.823266467894427, 2139035.890891237650067 ], [ 474017.716643355437554, 2139048.542122788261622 ], [ 474016.279491030494682, 2139048.758215280715376 ], [ 473814.265350996982306, 2139089.226290849968791 ], [ 473809.864594772632699, 2139090.856601348146796 ], [ 473806.183020538883284, 2139093.767027232795954 ], [ 473803.581006432825234, 2139097.672675739508122 ], [ 473802.313255724438932, 2139102.191234780475497 ], [ 473802.503864686063025, 2139106.880396314430982 ], [ 473804.134175184357446, 2139111.281152538955212 ], [ 473807.044601068773773, 2139114.962726772762835 ], [ 473810.950249575660564, 2139117.564740878529847 ], [ 473815.468808616802562, 2139118.832491586916149 ], [ 473820.157970150699839, 2139118.641882625408471 ], [ 474021.458774322585668, 2139078.31670462526381 ] ] ] ] } },
{ "type": "Feature", "properties": { "CVEGEO": "090100001", "CVE_ENT": "09", "CVE_MUN": "010", "CVE_LOC": "0001", "CVEVIAL": "03568", "CVESEG": "00003", "NOMVIAL": "Molinos", "TIPOVIAL": "Calle", "SENTIDO": "Dos sentidos", "TIPOSEN": 2, "AMBITO": "Urbana", "MINUTES": 0.18735508091, "LENGTH": 0.40704551848587739, "VELOCIDAD": 3.0, "T_VIAL2024": "Vías primarias  - Avenidas primarias", "NOMENCLATU": "Molinos", "NOTA2024": null, "NombreMate": "Molinos", "ID": 19 }, "geometry": { "type": "MultiPolygon", "coordinates": [ [ [ [ 479603.089518993452657, 2142076.114604946691543 ], [ 479603.343950020789634, 2142076.102014781907201 ], [ 479635.016173769137822, 2142074.265035504009575 ], [ 479635.246326528314967, 2142074.249910432379693 ], [ 479681.012438201345503, 2142070.888701796997339 ], [ 479698.9284689927008, 2142069.677786643151194 ], [ 479715.675950511300471, 2142068.545854836236686 ], [ 479787.354883549327496, 2142063.700977969449013 ], [ 479792.86351340910187, 2142062.243903823662549 ], [ 479795.587456679553725, 2142060.212507828138769 ], [ 479809.680522026843391, 2142067.532375693321228 ], [ 479811.456301820697263, 2142068.313351499848068 ], [ 479823.141562634031288, 2142072.573828691616654 ], [ 479823.907421140931547, 2142073.095340368803591 ], [ 479823.954764487454668, 2142073.127446879632771 ], [ 479827.101280376082286, 2142075.252550151664764 ], [ 479837.492471140518319, 2142082.342433726880699 ], [ 479841.892463001189753, 2142084.39353905338794 ], [ 479868.189878136035986, 2142091.775797242764384 ], [ 479873.405084338213783, 2142093.241587141063064 ], [ 479877.464155961759388, 2142093.801111075095832 ], [ 479889.628132364246994, 2142093.800770299974829 ], [ 479894.080006471718661, 2142093.817634636536241 ], [ 479894.173636737337802, 2142093.817697098478675 ], [ 479905.45222724188352, 2142093.790020462591201 ], [ 479910.482270395383239, 2142093.782253954093903 ], [ 479911.3616389844683, 2142093.755095266737044 ], [ 479967.780855473247357, 2142090.354268758092076 ], [ 479972.363539457845036, 2142089.342549842316657 ], [ 479976.409292585100047, 2142086.964220743626356 ], [ 479979.522088350495324, 2142083.45208888547495 ], [ 479981.397224616317544, 2142079.14994620392099 ], [ 479981.851149980095215, 2142074.478916400112212 ], [ 479980.83943106449442, 2142069.896232415456325 ], [ 479978.461101966095157, 2142065.85047928802669 ], [ 479974.948970107769128, 2142062.737683522514999 ], [ 479970.646827426273376, 2142060.862547256983817 ], [ 479965.975797622115351, 2142060.408621892798692 ], [ 479909.99586702225497, 2142063.782969212625176 ], [ 479905.399082352116238, 2142063.790066759567708 ], [ 479894.146834884246346, 2142063.817672542762011 ], [ 479889.713154996163212, 2142063.800877128262073 ], [ 479889.655913029273506, 2142063.800769510213286 ], [ 479879.531423178617842, 2142063.801053149159998 ], [ 479876.304912594845518, 2142062.894207582809031 ], [ 479852.368858541885857, 2142056.17483420111239 ], [ 479843.980168525245972, 2142050.451251897960901 ], [ 479843.921425254549831, 2142050.411374927964061 ], [ 479840.76919282815652, 2142048.28241080371663 ], [ 479838.480371078301687, 2142046.723836656659842 ], [ 479835.175835978647228, 2142045.029729545582086 ], [ 479822.645837840798777, 2142040.461258877068758 ], [ 479799.581871382135432, 2142028.481949708424509 ], [ 479794.928967493120581, 2142026.964886896312237 ], [ 479790.035377702035476, 2142027.026312727015465 ], [ 479785.422019078221638, 2142028.65968848997727 ], [ 479781.57997840171447, 2142031.691143192816526 ], [ 479779.31610650732182, 2142034.175879080314189 ], [ 479713.652911497687455, 2142038.614144007209688 ], [ 479696.905436387576628, 2142039.7460753810592 ], [ 479678.945808515476529, 2142040.959937190171331 ], [ 479678.858637629484292, 2142040.966084059793502 ], [ 479633.163967696775217, 2142044.322045786771923 ], [ 479601.734040559269488, 2142046.144971935544163 ], [ 479571.287857307936065, 2142047.392494237050414 ], [ 479566.686545044358354, 2142048.315799776930362 ], [ 479562.595754135341849, 2142050.61579921329394 ], [ 479559.415919697377831, 2142054.067352575715631 ], [ 479557.458306080428883, 2142058.332597773056477 ], [ 479556.914538144832477, 2142062.994022887665778 ], [ 479557.837843684770633, 2142067.595335151534528 ], [ 479560.13784312090138, 2142071.686126060318202 ], [ 479563.589396483439486, 2142074.865960498340428 ], [ 479567.85464168083854, 2142076.823574115522206 ], [ 479572.516066795447841, 2142077.367342051118612 ], [ 479603.089518993452657, 2142076.114604946691543 ] ] ] ] } },
{ "type": "Feature", "properties": { "CVEGEO": "090100001", "CVE_ENT": "09", "CVE_MUN": "010", "CVE_LOC": "0001", "CVEVIAL": "04851", "CVESEG": "00005", "NOMVIAL": "10 Sur (Canoa)", "TIPOVIAL": "Eje Vial", "SENTIDO": "Dos sentidos", "TIPOSEN": 2, "AMBITO": "Urbana", "MINUTES": 0.86670083798999997, "LENGTH": 0.54060953355465924, "VELOCIDAD": 3.0, "T_VIAL2024": "Vías primarias - Ejes viales", "NOMENCLATU": "Canoa", "NOTA2024": null, "NombreMate": "Canoa", "ID": 24 }, "geometry": { "type": "MultiPolygon", "coordinates": [ [ [ [ 478840.268847926403396, 2137960.990197422448546 ], [ 478787.376989731390495, 2137886.325091157574207 ], [ 478773.615235341945663, 2137865.937841105274856 ], [ 478770.195895783952437, 2137862.340062942355871 ], [ 478747.634820777806453, 2137845.380170905031264 ], [ 478746.950720051187091, 2137844.89523285580799 ], [ 478735.371301244769711, 2137837.163973308168352 ], [ 478700.513750158715993, 2137811.761636098381132 ], [ 478700.191935299139004, 2137811.533532116096467 ], [ 478596.656402114022058, 2137740.173604866024107 ], [ 478595.565096375707071, 2137739.488650320563465 ], [ 478489.926504337461665, 2137679.348783158697188 ], [ 478465.57176502753282, 2137665.483644641004503 ], [ 478422.767277451814152, 2137641.114981156773865 ], [ 478418.375845496484544, 2137639.459718927275389 ], [ 478413.687841360399034, 2137639.242498101200908 ], [ 478409.162159551633522, 2137640.484581767115742 ], [ 478405.241805337951519, 2137643.064386121463031 ], [ 478402.310530304443091, 2137646.729381939396262 ], [ 478400.655268074886408, 2137651.120813894551247 ], [ 478400.438047249102965, 2137655.808818030636758 ], [ 478401.680130914959591, 2137660.334499839693308 ], [ 478404.259935269248672, 2137664.254854053258896 ], [ 478407.924931087181903, 2137667.186129086650908 ], [ 478450.729440355557017, 2137691.554804920684546 ], [ 478475.084212548972573, 2137705.419962158892304 ], [ 478580.162440461455844, 2137765.240814995951951 ], [ 478683.004636050027329, 2137836.122872292529792 ], [ 478717.951697700773366, 2137861.590440061409026 ], [ 478718.456770745862741, 2137861.942866012919694 ], [ 478729.94351395801641, 2137869.612248614430428 ], [ 478750.157866278197616, 2137884.808033073320985 ], [ 478762.606450067891274, 2137903.249896177090704 ], [ 478762.799026055959985, 2137903.528357177041471 ], [ 478817.962259092717431, 2137981.399863249156624 ], [ 478820.43788538093213, 2137984.115816669072956 ], [ 478823.499599784321617, 2137986.148311050143093 ], [ 478832.386741513444576, 2137990.587335482239723 ], [ 478836.861541796126403, 2137992.001807149033993 ], [ 478841.554425547365099, 2137991.9642603113316 ], [ 478846.006020608183462, 2137990.478370314929634 ], [ 478849.780573838041164, 2137987.689586425665766 ], [ 478852.508605667913798, 2137983.870894240681082 ], [ 478853.923077334999107, 2137979.396093958057463 ], [ 478853.885530497296713, 2137974.703210206702352 ], [ 478852.399640500894748, 2137970.251615146175027 ], [ 478849.610856611398049, 2137966.477061916142702 ], [ 478845.792164426587988, 2137963.74903008621186 ], [ 478840.268847926403396, 2137960.990197422448546 ] ] ] ] } },
{ "type": "Feature", "properties": { "CVEGEO": "090100001", "CVE_ENT": "09", "CVE_MUN": "010", "CVE_LOC": "0001", "CVEVIAL": "00291", "CVESEG": "00014", "NOMVIAL": "Avenida Santa Lucía", "TIPOVIAL": "Calle", "SENTIDO": "Dos sentidos", "TIPOSEN": 2, "AMBITO": "Urbana", "MINUTES": 0.99850270283999998, "LENGTH": 1.3173711200795546, "VELOCIDAD": 3.0, "T_VIAL2024": null, "NOMENCLATU": null, "NOTA2024": null, "NombreMate": "Santa Lucía", "ID": 30 }, "geometry": { "type": "MultiPolygon", "coordinates": [ [ [ [ 478808.720277145446744, 2142457.853235131595284 ], [ 478852.186712076072581, 2142485.587359386030585 ], [ 478872.720341835170984, 2142502.372032321523875 ], [ 478873.659724126453511, 2142503.080316093750298 ], [ 478906.433985183946788, 2142525.832222740165889 ], [ 478906.742305707477499, 2142526.040638982318342 ], [ 478910.043903228186537, 2142528.213248760439456 ], [ 478985.580322371097282, 2142581.661303561646491 ], [ 479120.028297272801865, 2142693.132434050552547 ], [ 479120.526220759376884, 2142693.527761176694185 ], [ 479146.583308840054087, 2142713.330218857619911 ], [ 479152.114735465846024, 2142715.962770245037973 ], [ 479176.789021757547744, 2142721.963330390863121 ], [ 479208.070203995564952, 2142730.346039806958288 ], [ 479209.541503777261823, 2142730.66216554120183 ], [ 479237.266589158331044, 2142735.177971572615206 ], [ 479250.324418473232072, 2142739.411324792075902 ], [ 479265.028057555260602, 2142745.500894903670996 ], [ 479265.39674026024295, 2142745.647902483586222 ], [ 479286.756955316290259, 2142753.839174516964704 ], [ 479299.310989929013886, 2142759.281948335468769 ], [ 479299.634049735264853, 2142759.417550334706903 ], [ 479320.769841275003273, 2142768.000210712198168 ], [ 479325.979539303283673, 2142769.096076084766537 ], [ 479330.983197323046625, 2142769.240855223499238 ], [ 479394.598646946658846, 2142823.033259502612054 ], [ 479442.13491195673123, 2142879.4018500498496 ], [ 479476.297680086165201, 2142924.538113844115287 ], [ 479477.637717500096187, 2142926.078371761832386 ], [ 479510.580388628935907, 2142959.106577938422561 ], [ 479510.738542976614553, 2142959.262810161802918 ], [ 479558.126190395676531, 2143005.385726701933891 ], [ 479560.901095935492776, 2143008.406077720690519 ], [ 479560.954267923196312, 2143008.463650262448937 ], [ 479608.788558813801501, 2143059.986050510313362 ], [ 479642.308949483325705, 2143097.022663453128189 ], [ 479642.373317482182756, 2143097.093329653609544 ], [ 479662.203145746141672, 2143118.724592989310622 ], [ 479707.77057459927164, 2143169.439602300990373 ], [ 479707.867933272733353, 2143169.546912151388824 ], [ 479763.976801746408455, 2143230.793708379380405 ], [ 479767.649258807126898, 2143233.715630144812167 ], [ 479772.044896507344674, 2143235.359691237099469 ], [ 479776.733439202711452, 2143235.564959501847625 ], [ 479781.255939667345956, 2143234.311341851018369 ], [ 479785.169704045518301, 2143231.721551114227623 ], [ 479788.091625811124686, 2143228.049094053450972 ], [ 479789.735686903586611, 2143223.653456353582442 ], [ 479789.940955168218352, 2143218.964913657866418 ], [ 479788.687337517214473, 2143214.442413193639368 ], [ 479786.09754678059835, 2143210.528648815117776 ], [ 479730.037616782879923, 2143149.335272393189371 ], [ 479684.4685267956811, 2143098.618414295371622 ], [ 479684.367809751303867, 2143098.507439765147865 ], [ 479664.519642351253424, 2143076.856171279679984 ], [ 479630.967450679338071, 2143039.784421472810209 ], [ 479630.838815361843444, 2143039.644092730246484 ], [ 479582.966422767553013, 2142988.080653069075197 ], [ 479579.934554823325016, 2142984.780610850546509 ], [ 479579.350826522393618, 2142984.179822346195579 ], [ 479531.742580058518797, 2142937.842194338329136 ], [ 479499.600957331771497, 2142905.617116471286863 ], [ 479465.817050420504529, 2142860.981408715713769 ], [ 479465.323519841185771, 2142860.363866817671806 ], [ 479416.716820870817173, 2142802.725953709799796 ], [ 479414.935319360753056, 2142800.942083856556565 ], [ 479346.347247248748317, 2142742.944894092157483 ], [ 479342.02211315423483, 2142740.38931753160432 ], [ 479337.095735377690289, 2142739.405163837596774 ], [ 479329.550867554673459, 2142739.186855659820139 ], [ 479311.083444217103533, 2142731.68774580815807 ], [ 479298.394890513911378, 2142726.186651536729187 ], [ 479297.7991579095833, 2142725.943416331894696 ], [ 479276.323781272571068, 2142717.707981829531491 ], [ 479261.254846457217354, 2142711.46712304931134 ], [ 479260.141270418767817, 2142711.056746946182102 ], [ 479245.431656398694031, 2142706.287884498480707 ], [ 479243.217079122143332, 2142705.751841629855335 ], [ 479215.107878378592432, 2142701.17347166268155 ], [ 479184.385839710128494, 2142692.940601150505245 ], [ 479184.047699408023618, 2142692.854189999401569 ], [ 479162.244119178387336, 2142687.551759241614491 ], [ 479138.931330521998461, 2142669.834871254395694 ], [ 479004.286568292009179, 2142558.200583931524307 ], [ 479003.376781822065823, 2142557.503177951090038 ], [ 478927.165284209360834, 2142503.577451167628169 ], [ 478926.746756298292894, 2142503.291793966665864 ], [ 478923.388935080089141, 2142501.082186294719577 ], [ 478891.25113133090781, 2142478.77210859535262 ], [ 478870.491133514035027, 2142461.802397074177861 ], [ 478869.066222723631654, 2142460.770864938385785 ], [ 478824.827544172352646, 2142432.544004149269313 ], [ 478824.768470119626727, 2142432.506505041383207 ], [ 478772.891196846205276, 2142399.745280199684203 ], [ 478768.580022008740343, 2142397.891004279721528 ], [ 478763.906848315091338, 2142397.459709373302758 ], [ 478759.329118566296529, 2142398.493613631464541 ], [ 478755.294932845165022, 2142400.891511301044375 ], [ 478752.199185357836541, 2142404.418679451569915 ], [ 478750.344909437757451, 2142408.72985428897664 ], [ 478749.913614531455096, 2142413.403027982916683 ], [ 478750.947518789384048, 2142417.980757731478661 ], [ 478753.345416459080297, 2142422.014943452551961 ], [ 478756.872584609605838, 2142425.11069094017148 ], [ 478808.720277145446744, 2142457.853235131595284 ] ] ] ] } },
{ "type": "Feature", "properties": { "CVEGEO": "090100001", "CVE_ENT": "09", "CVE_MUN": "010", "CVE_LOC": "0001", "CVEVIAL": "05986", "CVESEG": "00003", "NOMVIAL": "Supervía Poniente (Avenida de los Poetas)", "TIPOVIAL": "Autopista", "SENTIDO": "Dos sentidos", "TIPOSEN": 2, "AMBITO": "Urbana", "MINUTES": 2.2481562749799999, "LENGTH": 1.0914626370145382, "VELOCIDAD": 3.0, "T_VIAL2024": "Vías de acceso controlado - Viaductos", "NOMENCLATU": "Av. de los Poetas", "NOTA2024": null, "NombreMate": "Av. de los Poetas", "ID": 8 }, "geometry": { "type": "MultiPolygon", "coordinates": [ [ [ [ 472836.176290763716679, 2139418.21022514719516 ], [ 472836.255387773213442, 2139418.11198548367247 ], [ 472878.230406087648589, 2139365.527337928302586 ], [ 472909.454485306167044, 2139331.52807048195973 ], [ 472909.493043544818647, 2139331.48592439526692 ], [ 472913.16477230458986, 2139327.457164558582008 ], [ 472972.242109187296592, 2139263.076505621895194 ], [ 472980.856867585680448, 2139255.448449872899801 ], [ 472989.043716493411921, 2139250.698966088704765 ], [ 473004.730234196933452, 2139243.152252971194685 ], [ 473018.236324779689312, 2139238.649468468967825 ], [ 473077.831993462517858, 2139228.125407736282796 ], [ 473111.273200354771689, 2139224.870573000982404 ], [ 473111.939326383697335, 2139224.790664372500032 ], [ 473114.674490547855385, 2139224.400323169305921 ], [ 473188.113995222374797, 2139214.964065553620458 ], [ 473259.953139536548406, 2139206.516241006087512 ], [ 473299.215224305458833, 2139201.98288858262822 ], [ 473325.356661268975586, 2139203.488682294730097 ], [ 473331.253093136067037, 2139203.828324352391064 ], [ 473332.124945208022837, 2139203.853144051507115 ], [ 473374.496960746182594, 2139203.826979056466371 ], [ 473392.942055812454782, 2139203.99440477322787 ], [ 473411.335578891041223, 2139205.32654311042279 ], [ 473435.202358247712255, 2139207.574854121077806 ], [ 473435.612963524123188, 2139207.607852948829532 ], [ 473462.390288530325051, 2139209.390167197212577 ], [ 473463.982180784863885, 2139209.411451725289226 ], [ 473497.274409987323452, 2139208.08828944247216 ], [ 473499.025931981333997, 2139207.915337591897696 ], [ 473537.525350513926242, 2139201.815782957710326 ], [ 473538.616510181978811, 2139201.601170847192407 ], [ 473605.778312777169049, 2139185.784899911377579 ], [ 473605.832777147938032, 2139185.77196651045233 ], [ 473632.01962466374971, 2139179.501855507493019 ], [ 473633.897495203185827, 2139178.919739343691617 ], [ 473644.425503289501648, 2139174.882568000350147 ], [ 473646.661756545829121, 2139173.805053405463696 ], [ 473655.258768325496931, 2139168.746505495626479 ], [ 473660.047130802355241, 2139164.265716706868261 ], [ 473667.478042904520407, 2139153.361750131472945 ], [ 473669.314335813745856, 2139149.653823491651565 ], [ 473672.896908350521699, 2139138.895793439820409 ], [ 473673.664895176014397, 2139134.266024125739932 ], [ 473672.964616652752738, 2139129.625530869700015 ], [ 473670.864620921609458, 2139125.428557484410703 ], [ 473667.57047019636957, 2139122.085932966787368 ], [ 473663.404618901666254, 2139119.92485669394955 ], [ 473658.774849587469362, 2139119.156869868282229 ], [ 473654.134356331662275, 2139119.857148391660303 ], [ 473649.937382946431171, 2139121.957144122570753 ], [ 473646.594758428691421, 2139125.251294848043472 ], [ 473644.43368215567898, 2139129.417146142572165 ], [ 473641.511082895740401, 2139138.19335662946105 ], [ 473637.148792121617589, 2139144.594491798430681 ], [ 473632.521235592197627, 2139147.317381682805717 ], [ 473624.075906215060968, 2139150.555908996146172 ], [ 473598.874329460028093, 2139156.590109318029135 ], [ 473532.281370476295706, 2139172.272420408669859 ], [ 473495.202191104472149, 2139178.14696316793561 ], [ 473463.587316704331897, 2139179.403460866771638 ], [ 473437.810901470773388, 2139177.687767751980573 ], [ 473413.987702345300931, 2139175.443562109488994 ], [ 473413.664419460284989, 2139175.416631476487964 ], [ 473394.636030262627173, 2139174.038513394072652 ], [ 473393.688652556214947, 2139173.999945767223835 ], [ 473374.696554518828634, 2139173.827554916962981 ], [ 473374.551142866315786, 2139173.826939878519624 ], [ 473332.542706999985967, 2139173.852880360558629 ], [ 473327.081847831897903, 2139173.538327850867063 ], [ 473299.645649636455346, 2139171.95795356715098 ], [ 473297.06252541433787, 2139172.032131060492247 ], [ 473256.49643017584458, 2139176.716049585025758 ], [ 473256.465123929141555, 2139176.719697658438236 ], [ 473184.530373657413293, 2139185.178764855954796 ], [ 473184.370569554972462, 2139185.198426883667707 ], [ 473110.747330782178324, 2139194.658292532898486 ], [ 473110.539757723920047, 2139194.686438289005309 ], [ 473108.033074576582294, 2139195.044172470923513 ], [ 473074.345040668908041, 2139198.323030895087868 ], [ 473073.189619771786965, 2139198.481034379918128 ], [ 473011.931565436476376, 2139209.298657513223588 ], [ 473009.795939098636154, 2139209.840095277875662 ], [ 472994.339940696838312, 2139214.99295795429498 ], [ 472992.581073910288978, 2139215.705905322916806 ], [ 472975.515191033133306, 2139223.916224821936339 ], [ 472974.491100242419634, 2139224.45858516311273 ], [ 472964.50716445595026, 2139230.250623302999884 ], [ 472962.090302267228253, 2139231.995107201859355 ], [ 472951.771945494285319, 2139241.131637451704592 ], [ 472950.663865156297106, 2139242.220230184029788 ], [ 472891.043460400949698, 2139307.192707732319832 ], [ 472891.009028131258674, 2139307.23035930050537 ], [ 472887.339354260649998, 2139311.256864435039461 ], [ 472855.783349034376442, 2139345.617559388279915 ], [ 472855.108148445258848, 2139346.405861693900079 ], [ 472812.848516825702973, 2139399.347061573527753 ], [ 472762.00334832520457, 2139461.956828531809151 ], [ 472759.651163915754296, 2139466.017837787047029 ], [ 472758.669024479808286, 2139470.606952058151364 ], [ 472759.153068668383639, 2139475.274956866633147 ], [ 472761.055914863653015, 2139479.564915377646685 ], [ 472764.191299222176895, 2139483.05689656175673 ], [ 472768.252308477414772, 2139485.409080971032381 ], [ 472772.841422748751938, 2139486.391220407094806 ], [ 472777.509427557117306, 2139485.907176218461245 ], [ 472781.799386067898013, 2139484.004330023191869 ], [ 472785.291367252182681, 2139480.868945664726198 ], [ 472836.176290763716679, 2139418.21022514719516 ] ] ], [ [ [ 473302.393958477710839, 2139084.428771729115397 ], [ 473289.681879745738115, 2139091.899926788173616 ], [ 473285.272600935830269, 2139093.822778831236064 ], [ 473281.486368429788854, 2139094.334722744766623 ], [ 473274.700970319972839, 2139093.835478704422712 ], [ 473261.244653936126269, 2139087.186908658128232 ], [ 473256.763766093703452, 2139085.791841702535748 ], [ 473252.071089114819188, 2139085.849724676460028 ], [ 473247.625974917900749, 2139087.354891592171043 ], [ 473243.863542251463514, 2139090.160006224177778 ], [ 473241.152084239409305, 2139093.990484407637268 ], [ 473239.757017283700407, 2139098.471372250001878 ], [ 473239.814900258032139, 2139103.164049229118973 ], [ 473241.320067173568532, 2139107.609163425862789 ], [ 473244.125181805400643, 2139111.371596092358232 ], [ 473247.955659989151172, 2139114.083054104354233 ], [ 473264.03640493407147, 2139122.028316099662334 ], [ 473269.580233587010298, 2139123.539806513581425 ], [ 473280.845256017695647, 2139124.368644441943616 ], [ 473283.955814254411962, 2139124.273816167376935 ], [ 473291.36313411151059, 2139123.272257940843701 ], [ 473295.349275607382879, 2139122.156981515232474 ], [ 473302.500685747072566, 2139119.038307420909405 ], [ 473304.10501416050829, 2139118.220768041908741 ], [ 473317.594721012166701, 2139110.292584641370922 ], [ 473331.611393928062171, 2139102.054619112517685 ], [ 473335.235577037441544, 2139099.07303153956309 ], [ 473337.761018769582734, 2139095.117439077235758 ], [ 473338.940511291846633, 2139090.575042677111924 ], [ 473338.658597658213694, 2139085.890483747236431 ], [ 473336.942873539344873, 2139081.52231955435127 ], [ 473333.961285966157448, 2139077.898136444855481 ], [ 473330.00569350423757, 2139075.372694712597877 ], [ 473325.46329710399732, 2139074.193202190566808 ], [ 473320.778738173772581, 2139074.475115824025124 ], [ 473316.410573981003836, 2139076.19083994301036 ], [ 473302.393958477710839, 2139084.428771729115397 ] ] ] ] } },
{ "type": "Feature", "properties": { "CVEGEO": "090100001", "CVE_ENT": "09", "CVE_MUN": "010", "CVE_LOC": "0001", "CVEVIAL": "00141", "CVESEG": "00004", "NOMVIAL": "San Antonio", "TIPOVIAL": "Prolongación", "SENTIDO": "Dos sentidos", "TIPOSEN": 2, "AMBITO": "Urbana", "MINUTES": 1.95786286676, "LENGTH": 0.96816479463518124, "VELOCIDAD": 3.0, "T_VIAL2024": "Vías primarias - Ejes viales", "NOMENCLATU": "San Antonio", "NOTA2024": null, "NombreMate": "San Antonio", "ID": 29 }, "geometry": { "type": "MultiPolygon", "coordinates": [ [ [ [ 479054.256035833386704, 2143175.284972466528416 ], [ 479120.03618659597123, 2143194.988254779018462 ], [ 479291.740419478388503, 2143253.283467734232545 ], [ 479315.522575253678951, 2143262.376332484651357 ], [ 479316.041192721924745, 2143262.563768405001611 ], [ 479463.29705000820104, 2143312.743501846212894 ], [ 479468.773937615158502, 2143314.608551495708525 ], [ 479569.399536159471609, 2143367.775584752205759 ], [ 479571.223453327256721, 2143368.588923164177686 ], [ 479715.607139860338066, 2143421.759278320707381 ], [ 479717.820435413566884, 2143422.386362860444933 ], [ 479764.912620952934958, 2143431.899798983708024 ], [ 479765.446237959142309, 2143431.99759032484144 ], [ 479859.947209169680718, 2143447.555210261140019 ], [ 479862.576496114837937, 2143448.007725161500275 ], [ 479865.058113484701607, 2143448.224930696189404 ], [ 479872.828716456191614, 2143448.257340239360929 ], [ 479874.431545255472884, 2143448.178180337883532 ], [ 479908.033542276301887, 2143444.70944020152092 ], [ 479921.510373025143053, 2143444.614297423046082 ], [ 479924.07394905667752, 2143445.590342685580254 ], [ 479924.091310210351367, 2143445.596940395887941 ], [ 479939.019811451085843, 2143451.259602293837816 ], [ 479940.982096021820325, 2143451.854059893637896 ], [ 479957.874362935079262, 2143455.733706811442971 ], [ 479962.556334360968322, 2143456.05574909877032 ], [ 479967.108670334215276, 2143454.915220776107162 ], [ 479971.085756491753273, 2143452.423764703329653 ], [ 479974.098287930537481, 2143448.825261959806085 ], [ 479975.851377083803527, 2143444.471959065645933 ], [ 479976.173419370665215, 2143439.789987639524043 ], [ 479975.03289104840951, 2143435.237651666626334 ], [ 479972.541434975632001, 2143431.260565509088337 ], [ 479968.942932231759187, 2143428.248034070245922 ], [ 479964.589629337657243, 2143426.494944917038083 ], [ 479948.698866438004188, 2143422.845313424710184 ], [ 479934.739828290883452, 2143417.550387150608003 ], [ 479929.558608790626749, 2143415.577711214777082 ], [ 479924.132069272221997, 2143414.596302436199039 ], [ 479923.003181279345881, 2143414.603020235896111 ], [ 479922.986548569926526, 2143414.603128436021507 ], [ 479907.102676944632549, 2143414.7152642714791 ], [ 479905.668302734033205, 2143414.794180852826685 ], [ 479872.150304354669061, 2143418.25424979487434 ], [ 479866.433094023726881, 2143418.230404518544674 ], [ 479864.981829571886919, 2143417.980633838102221 ], [ 479864.874289928586222, 2143417.962527915835381 ], [ 479770.587208840646781, 2143402.440120540559292 ], [ 479724.891708809242118, 2143393.208839051425457 ], [ 479582.529646475450136, 2143340.782961884047836 ], [ 479481.739836286113132, 2143287.529164960142225 ], [ 479479.567664874601178, 2143286.592428363859653 ], [ 479472.972125278669409, 2143284.34644353017211 ], [ 479325.978792283684015, 2143234.256169341970235 ], [ 479302.188746411062311, 2143225.160287892911583 ], [ 479301.654140156984795, 2143224.967413587961346 ], [ 479129.423156848584767, 2143166.493363875430077 ], [ 479128.904914497456048, 2143166.327834622934461 ], [ 479062.864137838303577, 2143146.5464864266105 ], [ 479048.047293459123466, 2143142.108366410247982 ], [ 479043.396297841623891, 2143141.481622895225883 ], [ 479038.779263755190186, 2143142.322791078127921 ], [ 479034.648138664895669, 2143144.549531555734575 ], [ 479031.407305877888575, 2143147.943875456228852 ], [ 479029.374000687501393, 2143152.173560748342425 ], [ 479028.747257172712125, 2143156.82455636607483 ], [ 479029.588425355497748, 2143161.441590452101082 ], [ 479031.815165833337232, 2143165.572715542744845 ], [ 479035.209509733715095, 2143168.813548329751939 ], [ 479039.439195025770459, 2143170.846853519789875 ], [ 479054.256035833386704, 2143175.284972466528416 ] ] ] ] } },
{ "type": "Feature", "properties": { "CVEGEO": "090100001", "CVE_ENT": "09", "CVE_MUN": "010", "CVE_LOC": "0001", "CVEVIAL": "00736", "CVESEG": "00003", "NOMVIAL": "Camino al Desierto de los Leones", "TIPOVIAL": "Avenida", "SENTIDO": "Dos sentidos", "TIPOSEN": 2, "AMBITO": "Urbana", "MINUTES": 2.1759940192, "LENGTH": 0.64021095994697819, "VELOCIDAD": 3.0, "T_VIAL2024": "Vías primarias  - Avenidas primarias", "NOMENCLATU": "Av Altavista", "NOTA2024": null, "NombreMate": "Av Altavista", "ID": 5 }, "geometry": { "type": "MultiPolygon", "coordinates": [ [ [ [ 479902.786347637535073, 2139381.408718524035066 ], [ 479939.243574699445162, 2139394.225029977038503 ], [ 479953.397329301456921, 2139402.389099452178925 ], [ 479962.90680091700051, 2139410.572604903485626 ], [ 479967.460902000137139, 2139433.398773481138051 ], [ 479968.997895453881938, 2139437.638160075992346 ], [ 479971.72542915813392, 2139441.229163762181997 ], [ 479975.396997737756465, 2139443.847241634037346 ], [ 480084.138388805149589, 2139498.886935183778405 ], [ 480085.838311526284087, 2139499.619353096466511 ], [ 480379.084304840012919, 2139605.030173727311194 ], [ 480384.315737514698412, 2139610.695329629816115 ], [ 480386.082128784619272, 2139612.32446062238887 ], [ 480401.407140045776032, 2139624.336877990048379 ], [ 480405.508144873310812, 2139626.618615720886737 ], [ 480410.113527973357122, 2139627.521397072356194 ], [ 480414.772482360596769, 2139626.95685151591897 ], [ 480419.028957118629478, 2139624.980240704491735 ], [ 480422.466298841696698, 2139621.785049075260758 ], [ 480424.748036572418641, 2139617.684044247958809 ], [ 480425.650817924004514, 2139613.078661147505045 ], [ 480425.086272367741913, 2139608.419706760440022 ], [ 480423.109661555965431, 2139604.163232002407312 ], [ 480419.914469926967286, 2139600.725890279281884 ], [ 480405.538110162247904, 2139589.457067648414522 ], [ 480398.633544292009901, 2139581.980063828174025 ], [ 480395.898104828607757, 2139579.651822524610907 ], [ 480392.687557815399487, 2139578.04069729661569 ], [ 480096.859050486178603, 2139471.701560753863305 ], [ 479995.453760290867649, 2139420.375050747767091 ], [ 479991.316348074004054, 2139399.63741954183206 ], [ 479989.559241900569759, 2139395.007855636067688 ], [ 479986.390532177931163, 2139391.202653571031988 ], [ 479971.89741734706331, 2139378.730406003538519 ], [ 479969.607908602338284, 2139377.106612388510257 ], [ 479953.026813996606506, 2139367.542421674355865 ], [ 479950.506764160760213, 2139366.384774329606444 ], [ 479910.544304398470558, 2139352.336220119148493 ], [ 479906.03099157923134, 2139351.494368417654186 ], [ 479842.933333635563031, 2139349.552561819087714 ], [ 479838.27768956735963, 2139350.143785953521729 ], [ 479834.032607243745588, 2139352.144746656063944 ], [ 479830.613624899822753, 2139355.359575951471925 ], [ 479828.355416348902509, 2139359.473583949264139 ], [ 479827.479030777758453, 2139364.084062883164734 ], [ 479828.070254912250675, 2139368.739706951193511 ], [ 479830.071215614792891, 2139372.984789275098592 ], [ 479833.286044910317287, 2139376.403771618846804 ], [ 479837.400052908342332, 2139378.661980169825256 ], [ 479842.010531842010096, 2139379.538365740794688 ], [ 479902.786347637535073, 2139381.408718524035066 ] ] ] ] } },
{ "type": "Feature", "properties": { "CVEGEO": "090040001", "CVE_ENT": "09", "CVE_MUN": "004", "CVE_LOC": "0001", "CVEVIAL": "00114", "CVESEG": "00019", "NOMVIAL": "Federal México-Toluca (Prolongación Paseo de la Reforma)", "TIPOVIAL": "Carretera", "SENTIDO": "Dos sentidos", "TIPOSEN": 2, "AMBITO": "Urbana", "MINUTES": 2.5878019218800001, "LENGTH": 0.22824890346549251, "VELOCIDAD": 3.0, "T_VIAL2024": "Vías de acceso controlado - radiales", "NOMENCLATU": "Carretera Federal 15 México - Toluca", "NOTA2024": null, "NombreMate": "Carretera Federal 15 México - Toluca", "ID": 7 }, "geometry": { "type": "MultiPolygon", "coordinates": [ [ [ [ 471699.804475360491779, 2141903.657055365853012 ], [ 471700.355306895449758, 2141901.243822610005736 ], [ 471711.158696045400575, 2141825.570980043616146 ], [ 471711.308944525080733, 2141823.548436145298183 ], [ 471711.430079440237023, 2141804.898730581160635 ], [ 471711.217317709990311, 2141802.281989808194339 ], [ 471697.799407151411287, 2141723.526576559990644 ], [ 471696.297172920953017, 2141719.080470400396734 ], [ 471693.494540904823225, 2141715.316188071854413 ], [ 471689.665852251986507, 2141712.602203755639493 ], [ 471685.18588568380801, 2141711.204181146807969 ], [ 471680.493171541660558, 2141711.2589684384875 ], [ 471676.047065381892025, 2141712.761202669236809 ], [ 471672.282783053233288, 2141715.563834685366601 ], [ 471669.568798737367615, 2141719.392523338086903 ], [ 471668.17077612853609, 2141723.872489906381816 ], [ 471668.225563420332037, 2141728.565204048529267 ], [ 471681.42215332511114, 2141806.0215924247168 ], [ 471681.316178883251268, 2141822.337219801731408 ], [ 471670.83195390261244, 2141895.774462076835334 ], [ 471655.108831126592122, 2141945.368240642361343 ], [ 471654.407817621016875, 2141950.008622925728559 ], [ 471655.175071144418325, 2141954.638513820245862 ], [ 471657.335487576085143, 2141958.804707347881049 ], [ 471660.677590303239413, 2141962.099387458059937 ], [ 471664.874231025052723, 2141964.20004790648818 ], [ 471669.514613308070693, 2141964.901061411947012 ], [ 471674.144504202879034, 2141964.133807888720185 ], [ 471678.310697730397806, 2141961.973391456995159 ], [ 471681.605377840634901, 2141958.631288729608059 ], [ 471683.706038288888521, 2141954.434648008085787 ], [ 471699.804475360491779, 2141903.657055365853012 ] ] ] ] } },
{ "type": "Feature", "properties": { "CVEGEO": "090100001", "CVE_ENT": "09", "CVE_MUN": "010", "CVE_LOC": "0001", "CVEVIAL": "00331", "CVESEG": "00011", "NOMVIAL": "Rómulo Ofarril", "TIPOVIAL": "Calle", "SENTIDO": "Dos sentidos", "TIPOSEN": 2, "AMBITO": "Urbana", "MINUTES": 9.0263803250199999, "LENGTH": 2.1106706886277662, "VELOCIDAD": 3.0, "T_VIAL2024": "Vías primarias  - Avenidas primarias", "NOMENCLATU": "Rómulo O' Farril", "NOTA2024": null, "NombreMate": "Rómulo O' Farril", "ID": 26 }, "geometry": { "type": "MultiPolygon", "coordinates": [ [ [ [ 477359.024064448371064, 2140141.637401060201228 ], [ 477376.224940316460561, 2140136.629231766331941 ], [ 477376.295774282130878, 2140136.608418671879917 ], [ 477388.739716957614291, 2140132.918731735553592 ], [ 477529.712928041990381, 2140091.633839988615364 ], [ 477533.365657803078648, 2140090.008986487984657 ], [ 477548.76223177096108, 2140080.522453953977674 ], [ 477550.952830314810853, 2140078.879108582157642 ], [ 477568.67397606180748, 2140062.85898706689477 ], [ 477571.855505329906009, 2140058.780593268573284 ], [ 477620.03671982686501, 2139968.275768416933715 ], [ 477630.228593760286458, 2139957.569878531154245 ], [ 477646.365951758227311, 2139948.283719318453223 ], [ 478232.131763402605429, 2139770.57848440296948 ], [ 478247.491018033586442, 2139765.912985875736922 ], [ 478261.853869908314664, 2139761.635578103829175 ], [ 478377.756808928737883, 2139727.118773677852005 ], [ 478401.259535363526084, 2139728.274599588941783 ], [ 478431.066733874904457, 2139737.086152538191527 ], [ 478431.102575939090457, 2139737.096699587069452 ], [ 478447.926434945082292, 2139742.024606849998236 ], [ 478556.033602058771066, 2139814.419288903474808 ], [ 478599.69022843678249, 2139881.906063157133758 ], [ 478657.631285350886174, 2140028.343307701405138 ], [ 478658.487707145977765, 2140030.146686493884772 ], [ 478694.116730647394434, 2140093.848636214155704 ], [ 478694.690163062070496, 2140094.790817347820848 ], [ 478722.205315280880313, 2140136.468107718508691 ], [ 478723.270668224373367, 2140137.890695084352046 ], [ 478737.543452845187858, 2140154.765134576242417 ], [ 478739.788235872518271, 2140156.919449482113123 ], [ 478762.981970577209722, 2140174.955159805715084 ], [ 478765.461941150599159, 2140176.520457870326936 ], [ 478797.088953364815097, 2140192.39209644543007 ], [ 478799.756215108151082, 2140193.425474466290325 ], [ 478840.090647500532214, 2140204.767920831218362 ], [ 478841.082621883717366, 2140205.010759354569018 ], [ 478939.718830134312157, 2140225.625584616325796 ], [ 479006.944032380590215, 2140243.091984254773706 ], [ 479052.04113841324579, 2140256.806905063800514 ], [ 479076.572929197980557, 2140264.472866951022297 ], [ 479087.378148898889776, 2140267.896145089995116 ], [ 479092.01867195504019, 2140268.596226108260453 ], [ 479096.648408578766976, 2140267.828042235225439 ], [ 479100.814167891978286, 2140265.666788661386818 ], [ 479104.108176348614506, 2140262.324023943860084 ], [ 479106.207993450167123, 2140258.126961184665561 ], [ 479106.908074468490668, 2140253.486438128165901 ], [ 479106.1398905958049, 2140248.856701504904777 ], [ 479103.978637021733448, 2140244.690942191518843 ], [ 479100.635872304439545, 2140241.396933734882623 ], [ 479096.438809544953983, 2140239.297116633038968 ], [ 479085.60544542374555, 2140235.864921860862523 ], [ 479085.549121571239084, 2140235.847199411131442 ], [ 479060.934426957799587, 2140228.155330830253661 ], [ 479060.824849041062407, 2140228.121547914110124 ], [ 479015.378412828373257, 2140214.300388896837831 ], [ 479014.786033628624864, 2140214.133431921713054 ], [ 478946.913225810509175, 2140196.498771908227354 ], [ 478946.20985067699803, 2140196.333995379973203 ], [ 478847.720093290088698, 2140175.749778137542307 ], [ 478809.260634047910571, 2140164.934593001380563 ], [ 478780.234623076103162, 2140150.368235853966326 ], [ 478759.438706515473314, 2140134.197096027899534 ], [ 478746.750885718676727, 2140119.196528864093125 ], [ 478720.030244636232965, 2140078.722687090281397 ], [ 478685.158954540616833, 2140016.375506335869431 ], [ 478627.03944292536471, 2139869.487244566436857 ], [ 478625.686084765649866, 2139866.858736415859312 ], [ 478579.543338208750356, 2139795.528783125802875 ], [ 478575.295109688595403, 2139791.212539320345968 ], [ 478462.702623592049349, 2139715.814233637414873 ], [ 478458.572855427803006, 2139713.882589407265186 ], [ 478439.553536193794571, 2139708.31160588003695 ], [ 478408.04221605102066, 2139698.99628341384232 ], [ 478404.526642941636965, 2139698.399014851544052 ], [ 478376.669559475849383, 2139697.029048734344542 ], [ 478371.651477106672246, 2139697.634903818368912 ], [ 478253.291266502463259, 2139732.883502997923642 ], [ 478238.889148774906062, 2139737.172604552004486 ], [ 478238.810802298830822, 2139737.196169753558934 ], [ 478223.420009240682703, 2139741.871249314863235 ], [ 477636.016009752813261, 2139920.073465361259878 ], [ 477632.88920644618338, 2139921.426372769288719 ], [ 477613.381747577048372, 2139932.651839101221412 ], [ 477609.998957129660994, 2139935.310347603168339 ], [ 477596.895057318208274, 2139949.07512818928808 ], [ 477594.518622939533088, 2139952.368918946478516 ], [ 477546.6080532920314, 2140042.365357595030218 ], [ 477531.854593929892872, 2140055.702656160574406 ], [ 477519.345764316967689, 2140063.409917485900223 ], [ 477380.283995360659901, 2140104.135031380690634 ], [ 477380.235695853945799, 2140104.149264258798212 ], [ 477367.803006699425168, 2140107.835614473558962 ], [ 477350.635783298057504, 2140112.833985588978976 ], [ 477342.309580020024441, 2140115.260469865519553 ], [ 477338.064856623590458, 2140117.262191862799227 ], [ 477334.646450892789289, 2140120.477634278126061 ], [ 477332.388980197894853, 2140124.59204720472917 ], [ 477331.513421499344986, 2140129.202683237846941 ], [ 477332.105480582860764, 2140133.85822119936347 ], [ 477334.107202580315061, 2140138.102944595739245 ], [ 477337.322644995700102, 2140141.521350326482207 ], [ 477341.43705792207038, 2140143.778821021318436 ], [ 477346.04769395547919, 2140144.654379719868302 ], [ 477350.703231916762888, 2140144.062320636119694 ], [ 477359.024064448371064, 2140141.637401060201228 ] ] ] ] } },
{ "type": "Feature", "properties": { "CVEGEO": "090100001", "CVE_ENT": "09", "CVE_MUN": "010", "CVE_LOC": "0001", "CVEVIAL": "00088", "CVESEG": "00001", "NOMVIAL": "Avenida de las Torres", "TIPOVIAL": "Avenida", "SENTIDO": "Dos sentidos", "TIPOSEN": 2, "AMBITO": "Urbana", "MINUTES": 0.67699438246, "LENGTH": 1.9779142109668495, "VELOCIDAD": 3.0, "T_VIAL2024": null, "NOMENCLATU": null, "NOTA2024": null, "NombreMate": "Av. de las Torres", "ID": 31 }, "geometry": { "type": "MultiPolygon", "coordinates": [ [ [ [ 476974.712845089146867, 2144796.911173831671476 ], [ 477023.132694721221924, 2144793.751255630515516 ], [ 477026.449827311153058, 2144793.15535599924624 ], [ 477112.217049440136179, 2144767.530882210470736 ], [ 477120.147883622848894, 2144765.17578892968595 ], [ 477120.883811657258775, 2144764.936427745036781 ], [ 477145.891690680116881, 2144756.082974151708186 ], [ 477233.921550654340535, 2144724.917402067221701 ], [ 477329.390570487012155, 2144699.184203771874309 ], [ 477343.348654175468255, 2144695.421871983446181 ], [ 477398.357488074398134, 2144680.573249661363661 ], [ 477424.335428546008188, 2144673.567275405861437 ], [ 477446.925047424680088, 2144670.165498478338122 ], [ 477461.427698728744872, 2144671.087014670949429 ], [ 477477.008522299409378, 2144674.217634899076074 ], [ 477489.915163876314182, 2144679.685805204324424 ], [ 477504.417517820664216, 2144688.528904291335493 ], [ 477652.455523520533461, 2144823.959448913577944 ], [ 477654.002830088546034, 2144825.197564234491438 ], [ 477665.599344705056865, 2144833.28090798901394 ], [ 477668.243083667068277, 2144834.751820641104132 ], [ 477680.974570999911521, 2144840.235554089769721 ], [ 477683.861116407206282, 2144841.146340278442949 ], [ 477687.790219916787464, 2144841.961540840566158 ], [ 477688.082733108545654, 2144842.019204674754292 ], [ 477708.199776554014534, 2144845.777627729810774 ], [ 477711.588988189410884, 2144846.019328806083649 ], [ 477734.846825121610891, 2144845.034704674966633 ], [ 477736.616103611362632, 2144844.854277548380196 ], [ 477751.357728631119244, 2144842.461015317123383 ], [ 477753.121059801022056, 2144842.064430529251695 ], [ 477768.482612061488908, 2144837.62205859599635 ], [ 477768.524540770682506, 2144837.60986716998741 ], [ 477816.883913710073102, 2144823.472254808060825 ], [ 477816.944450013455935, 2144823.454419017769396 ], [ 477877.354280036874115, 2144805.517693653237075 ], [ 477877.394224739458878, 2144805.505772956646979 ], [ 477887.006605967821088, 2144802.622598143294454 ], [ 477955.313978566147853, 2144782.538415820803493 ], [ 477981.649426134303212, 2144775.121323975734413 ], [ 477981.793418829445727, 2144775.079992827493697 ], [ 478004.412023768818472, 2144768.465199039783329 ], [ 478013.604742594470736, 2144765.776676170527935 ], [ 478021.775283578550443, 2144763.472832736559212 ], [ 478021.798021860944573, 2144763.46640189550817 ], [ 478141.846020718687214, 2144729.412282508332282 ], [ 478142.1329128058278, 2144729.327800468541682 ], [ 478148.616222320531961, 2144727.348191854078323 ], [ 478172.289052367501426, 2144720.120122706517577 ], [ 478190.56678197812289, 2144714.540727730840445 ], [ 478194.787470041774213, 2144712.484059790614992 ], [ 478221.24061879387591, 2144693.972929124254733 ], [ 478254.576950643153396, 2144684.512503750156611 ], [ 478374.813818101363722, 2144650.393870492931455 ], [ 478385.308614054170903, 2144649.975977344438434 ], [ 478397.424255384190474, 2144651.141581215895712 ], [ 478458.115789925504941, 2144670.390454611275345 ], [ 478458.196003360615578, 2144670.41564783686772 ], [ 478490.59907173004467, 2144680.49303637444973 ], [ 478525.047829981776886, 2144691.182854543440044 ], [ 478525.075909974402748, 2144691.191537912469357 ], [ 478561.631014616577886, 2144702.456496515776962 ], [ 478569.658491195412353, 2144705.741323115769774 ], [ 478595.673998964601196, 2144716.38399499328807 ], [ 478596.542209983803332, 2144716.708237143233418 ], [ 478604.738228922651615, 2144719.483767740428448 ], [ 478633.659792665042914, 2144729.326111610047519 ], [ 478657.36415872926591, 2144737.52407380240038 ], [ 478659.201846845215186, 2144738.031432337593287 ], [ 478671.500252231082413, 2144740.598587685264647 ], [ 478672.942367150099017, 2144740.827018934302032 ], [ 478709.102223912021145, 2144744.762389611918479 ], [ 478710.034519397304393, 2144744.834535639733076 ], [ 478746.664873874804471, 2144746.52281262120232 ], [ 478762.932310280622914, 2144747.547805309295654 ], [ 478801.619988854334224, 2144750.009436149150133 ], [ 478806.292507691890933, 2144749.571103649679571 ], [ 478810.60088498838013, 2144747.710336942691356 ], [ 478814.123386755760293, 2144744.609280837699771 ], [ 478816.515205978415906, 2144740.571488312911242 ], [ 478817.542214725981466, 2144735.992206633556634 ], [ 478817.103882226685528, 2144731.319687796290964 ], [ 478815.243115519580897, 2144727.011310499627143 ], [ 478812.142059414705727, 2144723.488808732014149 ], [ 478808.104266889917199, 2144721.096989509649575 ], [ 478803.524985210446175, 2144720.069980761967599 ], [ 478764.832688555354252, 2144717.608056081458926 ], [ 478748.425130730320234, 2144716.574231641367078 ], [ 478748.172478646971285, 2144716.560450652614236 ], [ 478711.883012663398404, 2144714.887885072268546 ], [ 478676.914801631239243, 2144711.082204279955477 ], [ 478666.26688576489687, 2144708.8595702634193 ], [ 478643.430139296804555, 2144700.961667251307517 ], [ 478643.359937683329917, 2144700.937582875601947 ], [ 478614.39262515126029, 2144691.079670161474496 ], [ 478614.371383191843051, 2144691.072458995040506 ], [ 478606.603856742440257, 2144688.442034701816738 ], [ 478581.019377646211069, 2144677.975692210718989 ], [ 478572.371013127733022, 2144674.43679956626147 ], [ 478571.107709062285721, 2144673.984699109569192 ], [ 478533.924876164761372, 2144662.526297405362129 ], [ 478499.503684730036184, 2144651.84503662539646 ], [ 478467.145267421030439, 2144641.781534614507109 ], [ 478404.978196704934817, 2144622.064681471791118 ], [ 478401.879887812479865, 2144621.431726488750428 ], [ 478387.166844737541396, 2144620.016235595103353 ], [ 478385.1335658589378, 2144619.959173632785678 ], [ 478371.838052331935614, 2144620.488588786218315 ], [ 478368.340103556052782, 2144621.046433196868747 ], [ 478246.387245367281139, 2144655.65199912013486 ], [ 478211.830884199531283, 2144665.458654167130589 ], [ 478210.623590064409655, 2144665.800817674957216 ], [ 478206.113658833899535, 2144667.942610658239573 ], [ 478179.534785318945069, 2144686.541719792876393 ], [ 478163.529852992389351, 2144691.427328723017126 ], [ 478139.855489803187083, 2144698.655865950509906 ], [ 478133.515059180324897, 2144700.591848036739975 ], [ 478013.622294153494295, 2144734.601932108867913 ], [ 478005.393154830206186, 2144736.922298488207161 ], [ 478005.253409427590668, 2144736.962434563785791 ], [ 477995.991181272431277, 2144739.671286285854876 ], [ 477973.444547457620502, 2144746.265032173134387 ], [ 477947.09861424920382, 2144753.685077184345573 ], [ 477946.933715321472846, 2144753.732538829091936 ], [ 477878.504902465036139, 2144773.852427814155817 ], [ 477878.426712564716581, 2144773.875648871995509 ], [ 477868.795232067699544, 2144776.76455239392817 ], [ 477808.435631988220848, 2144794.686363617423922 ], [ 477760.127501484064851, 2144808.808995518833399 ], [ 477745.656619976216462, 2144812.993796427734196 ], [ 477732.687910389271565, 2144815.099230720195919 ], [ 477712.028452224389184, 2144815.973852083086967 ], [ 477693.73878147394862, 2144812.556833056267351 ], [ 477691.445102907833643, 2144812.080946368165314 ], [ 477681.507123512506951, 2144807.800438632257283 ], [ 477671.972565870732069, 2144801.154380784835666 ], [ 477523.593780444876757, 2144665.412078491877764 ], [ 477521.278164031857159, 2144663.672611474059522 ], [ 477504.591749726445414, 2144653.49773809267208 ], [ 477502.634068458341062, 2144652.493039668072015 ], [ 477487.308721553883515, 2144646.00013395305723 ], [ 477484.412022528646048, 2144645.105615926440805 ], [ 477466.344492074858863, 2144641.475347214378417 ], [ 477464.340832078596577, 2144641.211617427412421 ], [ 477447.227689839492086, 2144640.124227449763566 ], [ 477444.042820624017622, 2144640.261279276106507 ], [ 477419.022040223469958, 2144644.029165486805141 ], [ 477417.349914898222778, 2144644.379356121644378 ], [ 477390.544264141703025, 2144651.608555037993938 ], [ 477335.53835405461723, 2144666.456388743128628 ], [ 477321.582879418274388, 2144670.218017274979502 ], [ 477225.556155724916607, 2144696.101541865617037 ], [ 477224.453959793318063, 2144696.444636926054955 ], [ 477135.879736030707136, 2144727.802932353690267 ], [ 477111.236793603457045, 2144736.527188696432859 ], [ 477103.665034779114649, 2144738.775653097778559 ], [ 477103.641086965391878, 2144738.782786208670586 ], [ 477019.48677502683131, 2144763.925374565180391 ], [ 476970.719895368150901, 2144767.107940223999321 ], [ 476966.751260220829863, 2144767.914802553132176 ], [ 476946.637159247009549, 2144774.939135638531297 ], [ 476942.503126288822386, 2144777.160472886171192 ], [ 476939.257858265191317, 2144780.550576590001583 ], [ 476937.219024621299468, 2144784.777599778957665 ], [ 476936.586200599675067, 2144789.427771972026676 ], [ 476937.421331424615346, 2144794.045901915058494 ], [ 476939.642668672313448, 2144798.179934873245656 ], [ 476943.032772376027424, 2144801.425202896818519 ], [ 476947.259795564983506, 2144803.464036540593952 ], [ 476951.909967757994309, 2144804.096860562451184 ], [ 476956.52809770120075, 2144803.261729737278074 ], [ 476974.712845089146867, 2144796.911173831671476 ] ] ] ] } },
{ "type": "Feature", "properties": { "CVEGEO": "090100001", "CVE_ENT": "09", "CVE_MUN": "010", "CVE_LOC": "0001", "CVEVIAL": "00080", "CVESEG": "00005", "NOMVIAL": "Sur 122", "TIPOVIAL": "Avenida", "SENTIDO": "Dos sentidos", "TIPOSEN": 2, "AMBITO": "Urbana", "MINUTES": 3.4568482012000001, "LENGTH": 1.4382520416184168, "VELOCIDAD": 3.0, "T_VIAL2024": "Vías primarias - Ejes viales", "NOMENCLATU": "La Curva", "NOTA2024": null, "NombreMate": "Sur 122", "ID": 3 }, "geometry": { "type": "MultiPolygon", "coordinates": [ [ [ [ 478990.442138723563403, 2145287.130101026967168 ], [ 479029.300620831316337, 2145233.720193709712476 ], [ 479031.866767026425805, 2145227.902068982366472 ], [ 479045.698467589681968, 2145160.297343917191029 ], [ 479060.603663978108671, 2145110.304247261956334 ], [ 479064.380783013533801, 2145100.010637463070452 ], [ 479065.280913087597582, 2145095.577290378976613 ], [ 479064.8183568213135, 2145091.077196800149977 ], [ 479063.035185866814572, 2145086.919661248102784 ], [ 479061.308473605779, 2145084.144227167591453 ], [ 479083.982501636724919, 2145016.720232538878918 ], [ 479087.029044740251265, 2145007.679420279804617 ], [ 479096.169785864592995, 2144980.480665339622647 ], [ 479097.642386793158948, 2144976.491016237065196 ], [ 479098.040248738660011, 2144975.249489384237677 ], [ 479121.41181596548995, 2144889.688165757805109 ], [ 479121.569965558475815, 2144889.0553755084984 ], [ 479123.044681327475701, 2144882.557221691124141 ], [ 479123.051231054356322, 2144882.528228052891791 ], [ 479154.356954382907134, 2144743.305711848195642 ], [ 479154.579359430877957, 2144742.081349049694836 ], [ 479157.87324135605013, 2144718.398848393466324 ], [ 479157.979103342164308, 2144717.387527188286185 ], [ 479158.842817247845232, 2144705.138388609979302 ], [ 479158.821162188949529, 2144702.756398829631507 ], [ 479157.732922969560605, 2144690.502821079455316 ], [ 479157.231408035033382, 2144687.768259915523231 ], [ 479151.509595189709216, 2144667.425677900668234 ], [ 479150.773552037368063, 2144665.387134651187807 ], [ 479121.85044870513957, 2144600.411777260247618 ], [ 479059.218765944708139, 2144459.522009326610714 ], [ 479052.1910061101662, 2144443.718259061221033 ], [ 479051.769303697394207, 2144442.846836320590228 ], [ 479046.690567961661145, 2144433.162062847521156 ], [ 479035.953228745842353, 2144411.870702896732837 ], [ 479028.737345311383251, 2144392.632296939846128 ], [ 479027.811772463552188, 2144390.627435732632875 ], [ 479007.611996200459544, 2144354.189458122476935 ], [ 479006.396344896522351, 2144352.334683992434293 ], [ 478991.740814391814638, 2144333.221973048057407 ], [ 478989.526119614252821, 2144330.89821568923071 ], [ 478964.805819253786467, 2144309.982781047001481 ], [ 478964.54729753913125, 2144309.768964506220073 ], [ 478919.127056862285826, 2144273.050664395559579 ], [ 478867.837654680537526, 2144228.941265002358705 ], [ 478867.74091756058624, 2144228.858780659269542 ], [ 478822.49541244894499, 2144190.609470008406788 ], [ 478812.285174759337679, 2144177.482532166410238 ], [ 478801.79734522360377, 2144156.756733212154359 ], [ 478798.906234694004524, 2144149.287815122399479 ], [ 478795.545309186796658, 2144134.383717964403331 ], [ 478793.084899760026019, 2144122.296647698618472 ], [ 478792.162156432576012, 2144100.306481444276869 ], [ 478794.479639689496253, 2144078.706061626318842 ], [ 478794.501470207818784, 2144078.487513779196888 ], [ 478794.903311899106484, 2144074.143276446033269 ], [ 478795.644476441724692, 2144066.26624001422897 ], [ 478795.647139111708384, 2144066.237647959496826 ], [ 478796.896231689665001, 2144052.68424559244886 ], [ 478796.590563663106877, 2144048.001176649704576 ], [ 478794.852708205347881, 2144043.641770029906183 ], [ 478791.852778717060573, 2144040.032754827290773 ], [ 478787.884429198224097, 2144037.527406595647335 ], [ 478783.336109348922037, 2144036.370966274756938 ], [ 478778.653040405944921, 2144036.676634301431477 ], [ 478774.293633786321152, 2144038.414489759132266 ], [ 478770.684618583705742, 2144041.414419247303158 ], [ 478768.179270351713058, 2144045.382768766023219 ], [ 478767.022830031055491, 2144049.931088615674525 ], [ 478765.775055104808416, 2144063.470193672925234 ], [ 478765.034126812359318, 2144071.344719256740063 ], [ 478765.031927875534166, 2144071.368288769386709 ], [ 478764.639111238822807, 2144075.61495788116008 ], [ 478762.214058376150206, 2144098.217994929756969 ], [ 478762.141653381113429, 2144100.447014922741801 ], [ 478763.161338383564726, 2144124.747426602058113 ], [ 478763.449580514687113, 2144127.110554210841656 ], [ 478766.179557611059863, 2144140.521909503266215 ], [ 478766.245560082432348, 2144140.829605288803577 ], [ 478769.884945707803126, 2144156.968539888504893 ], [ 478770.528938512550667, 2144159.083620795514435 ], [ 478774.088811767578591, 2144168.280225865077227 ], [ 478774.693403458513785, 2144169.638117066118866 ], [ 478786.171454366703983, 2144192.320767913479358 ], [ 478787.71532717871014, 2144194.757433691527694 ], [ 478799.776119091256987, 2144210.263562988024205 ], [ 478801.932311386743095, 2144212.509436588734388 ], [ 478848.324539477820508, 2144251.728155435062945 ], [ 478899.738780853687786, 2144295.944917785469443 ], [ 478900.089293855242431, 2144296.237204986158758 ], [ 478945.556558094220236, 2144332.993519542273134 ], [ 478968.916403148847166, 2144352.757895596325397 ], [ 478981.913061049825046, 2144369.707221697084606 ], [ 479001.036981153767556, 2144404.204483621753752 ], [ 479008.149456295999698, 2144423.167190736625344 ], [ 479008.800773040158674, 2144424.653681779280305 ], [ 479019.957715132215526, 2144446.777083607390523 ], [ 479020.066755925829057, 2144446.989095912314951 ], [ 479024.975935628346633, 2144456.35053856857121 ], [ 479031.805801265931223, 2144471.709271872416139 ], [ 479094.43862885661656, 2144612.601615097839385 ], [ 479122.924429084756412, 2144676.594581586774439 ], [ 479127.974036501487717, 2144694.547292693518102 ], [ 479128.833079375559464, 2144704.220118723344058 ], [ 479128.089187800651416, 2144714.769944225437939 ], [ 479124.951173424895387, 2144737.331781352870166 ], [ 479093.785328240133822, 2144875.932232801336795 ], [ 479092.386095886293333, 2144882.097778225783259 ], [ 479069.272412839171011, 2144966.715009761974216 ], [ 479067.949439926655032, 2144970.299278649967164 ], [ 479067.802935292711481, 2144970.714891002047807 ], [ 479058.597825348027982, 2144998.10519440844655 ], [ 479055.55175205366686, 2145007.144612478557974 ], [ 479031.099205378792249, 2145079.857240802142769 ], [ 479030.618020519672427, 2145081.290110354311764 ], [ 479029.844600566488225, 2145085.608237963169813 ], [ 479030.353545143501833, 2145089.965459542348981 ], [ 479032.101323871465866, 2145093.989098938647658 ], [ 479033.6946673769271, 2145096.550162508152425 ], [ 479032.279794216854498, 2145100.40605163667351 ], [ 479031.986990405188408, 2145101.287492385134101 ], [ 479016.760471645218786, 2145152.358327297493815 ], [ 479016.439607506617904, 2145153.637411424424499 ], [ 479003.127735771937296, 2145218.701387079898268 ], [ 478965.932539192144759, 2145269.825154510326684 ], [ 478965.451033295714296, 2145270.528104381170124 ], [ 478935.802309056918602, 2145316.564240913838148 ], [ 478933.909745427197777, 2145320.858745608478785 ], [ 478933.436885387811344, 2145325.52789660776034 ], [ 478934.430015774036292, 2145330.114644878543913 ], [ 478936.791922064032406, 2145334.170007543638349 ], [ 478940.291404413932469, 2145337.297017449513078 ], [ 478944.585909108805936, 2145339.189581078942865 ], [ 478949.255060107680038, 2145339.662441118620336 ], [ 478953.841808378871065, 2145338.669310732278973 ], [ 478957.897171043849085, 2145336.307404442224652 ], [ 478961.024180949490983, 2145332.807922092266381 ], [ 478990.442138723563403, 2145287.130101026967168 ] ] ] ] } },
{ "type": "Feature", "properties": { "CVEGEO": "090100001", "CVE_ENT": "09", "CVE_MUN": "010", "CVE_LOC": "0001", "CVEVIAL": "05844", "CVESEG": "00003", "NOMVIAL": "México-Toluca (Prolongación Paseo de la Reforma)", "TIPOVIAL": "Autopista", "SENTIDO": "Dos sentidos", "TIPOSEN": 2, "AMBITO": "Urbana", "MINUTES": 5.5009481205000004, "LENGTH": 3.8470566424533192, "VELOCIDAD": 3.0, "T_VIAL2024": "Vías de acceso controlado - radiales", "NOMENCLATU": "Autopista MEX 015D México - Toluca", "NOTA2024": "La operación, conservación, mantenimiento y explotación es responsabilidad del Gobierno Federal", "NombreMate": "Prolongación Paseo de la Reforma", "ID": 21 }, "geometry": { "type": "MultiPolygon", "coordinates": [ [ [ [ 471990.330731480149552, 2141127.272914570756257 ], [ 471996.108189340273384, 2141147.321958870626986 ], [ 472000.333871514652856, 2141171.065569825936109 ], [ 472002.432729896623641, 2141202.321613416541368 ], [ 472001.684554584266152, 2141237.48713877145201 ], [ 471998.607651519065257, 2141265.283954442944378 ], [ 471994.601173115719575, 2141291.841584318783134 ], [ 471990.699932079063728, 2141303.164896277710795 ], [ 471990.156100455671549, 2141305.195624507497996 ], [ 471986.916964968724642, 2141321.900424171704799 ], [ 471986.788706884603016, 2141322.667895121499896 ], [ 471981.362508764606901, 2141361.271354450378567 ], [ 471970.389613648701925, 2141434.377741031814367 ], [ 471970.315648165880702, 2141434.943690374027938 ], [ 471967.631838722445536, 2141459.038170948624611 ], [ 471967.54279166267952, 2141461.006035016849637 ], [ 471968.647879926371388, 2141514.931275360286236 ], [ 471968.890452684019692, 2141517.32788051199168 ], [ 471974.843643923464697, 2141549.812032889574766 ], [ 471975.022385565913282, 2141550.651221313979477 ], [ 471981.924881513812579, 2141579.046387881040573 ], [ 471982.164817601093091, 2141579.918074597604573 ], [ 471990.792081311927177, 2141607.932190756313503 ], [ 471991.100704846612643, 2141608.83188034594059 ], [ 472014.042782412550878, 2141669.384708849247545 ], [ 472014.118563707103021, 2141669.580574761144817 ], [ 472046.958892973372713, 2141752.726029308047146 ], [ 472072.529956953949295, 2141817.645750861614943 ], [ 472072.610558318556286, 2141817.846138118300587 ], [ 472109.90284855052596, 2141908.666273646056652 ], [ 472110.35001565690618, 2141909.652400928083807 ], [ 472149.923080279375426, 2141989.160260132048279 ], [ 472151.266359611821827, 2141991.361600311473012 ], [ 472152.054390556528233, 2141992.43346395296976 ], [ 472152.348444409959484, 2141992.820149710401893 ], [ 472180.198595187510364, 2142028.238231212832034 ], [ 472182.824086771346629, 2142031.58306720899418 ], [ 472183.365030129614752, 2142032.233578421641141 ], [ 472212.803575813828502, 2142065.669955780729651 ], [ 472213.621298322803341, 2142066.527870472054929 ], [ 472220.829650592640974, 2142073.515665273182094 ], [ 472220.91521073190961, 2142073.597953274846077 ], [ 472220.998938021075446, 2142073.677843177691102 ], [ 472240.82559075311292, 2142092.894602238666266 ], [ 472241.235206211626064, 2142093.277039188891649 ], [ 472287.522980551118962, 2142134.902666730806231 ], [ 472287.716255641134921, 2142135.073492185678333 ], [ 472321.113060787552968, 2142164.083497650921345 ], [ 472323.61137149122078, 2142165.841589350719005 ], [ 472419.28850237937877, 2142219.511024819687009 ], [ 472490.186796319263522, 2142266.885849386453629 ], [ 472492.018000959709752, 2142267.931229177862406 ], [ 472562.217694106162526, 2142301.701463517732918 ], [ 472596.601567906036507, 2142325.778063856530935 ], [ 472647.300374058133457, 2142362.951778889633715 ], [ 472723.37740859889891, 2142422.021725678816438 ], [ 472723.762405340909027, 2142422.310872545465827 ], [ 472784.799223163048737, 2142466.637679372914135 ], [ 472785.587158973852638, 2142467.172540890518576 ], [ 472849.47519139299402, 2142507.639086403418332 ], [ 472849.904232236382086, 2142507.900872729718685 ], [ 472871.085965531237889, 2142520.343133241869509 ], [ 472871.383345355803613, 2142520.513277791440487 ], [ 473009.478309809695929, 2142597.443782381247729 ], [ 473010.558805299398955, 2142597.989787017926574 ], [ 473070.438883380731568, 2142625.273679692763835 ], [ 473086.922792523808312, 2142635.702008166816086 ], [ 473098.876474170712754, 2142643.425952059682459 ], [ 473143.283474788244348, 2142676.425525361672044 ], [ 473145.290818125708029, 2142677.684093255084008 ], [ 473177.174743524286896, 2142694.322352106682956 ], [ 473179.159725696837995, 2142695.182245073374361 ], [ 473237.547433759144042, 2142715.614655842073262 ], [ 473330.411308965005446, 2142755.871178164612502 ], [ 473351.497702231048606, 2142768.775438595097512 ], [ 473378.457032494770829, 2142785.276866796426475 ], [ 473422.187465435941704, 2142813.371281201019883 ], [ 473513.62992982682772, 2142879.24198457505554 ], [ 473623.713976016733795, 2142964.953121656551957 ], [ 473654.572465917910449, 2142988.980993505567312 ], [ 473655.042655280209146, 2142989.332544128876179 ], [ 473879.059290735051036, 2143150.087758507579565 ], [ 473879.099457496311516, 2143150.116482289507985 ], [ 474056.346128936158493, 2143276.427489516790956 ], [ 474057.546709614805877, 2143277.199654291383922 ], [ 474138.357897137990221, 2143323.894025852903724 ], [ 474139.19871472689556, 2143324.344827010761946 ], [ 474245.036388490349054, 2143376.826528704259545 ], [ 474245.386874317482579, 2143376.99470130354166 ], [ 474270.899877270217985, 2143388.832294011022896 ], [ 474296.457226294092834, 2143400.690595170482993 ], [ 474322.618824621429667, 2143420.645739398896694 ], [ 474347.47827092173975, 2143450.237227048259228 ], [ 474364.912422607711051, 2143483.889618741814047 ], [ 474372.073983916721772, 2143500.329176411498338 ], [ 474381.343906987982336, 2143521.677252709399909 ], [ 474381.572669020388275, 2143522.178658144548535 ], [ 474388.678438799397554, 2143537.024783303961158 ], [ 474390.594440616492648, 2143541.027568119578063 ], [ 474418.936803596385289, 2143600.371972624678165 ], [ 474444.276854948198888, 2143653.398378124460578 ], [ 474449.572048007918056, 2143664.481895092874765 ], [ 474452.232662816008087, 2143668.347861532121897 ], [ 474455.957707196008414, 2143671.202438915148377 ], [ 474460.382547850138508, 2143672.766201317775995 ], [ 474465.074050545459613, 2143672.886076781898737 ], [ 474469.572978310578037, 2143671.550331060774624 ], [ 474473.438944749941584, 2143668.889716252684593 ], [ 474476.293522132677026, 2143665.164671872276813 ], [ 474477.857284535595682, 2143660.739831218495965 ], [ 474477.977159999252763, 2143656.048328523058444 ], [ 474476.64141427812865, 2143651.549400757998228 ], [ 474471.345899074513, 2143640.465209501329809 ], [ 474446.007133065140806, 2143587.441494463011622 ], [ 474417.662689057004172, 2143528.092732615768909 ], [ 474415.738495205237996, 2143524.07282023364678 ], [ 474408.751816026342567, 2143509.475511741358787 ], [ 474399.588145082234405, 2143488.372127713635564 ], [ 474399.581090501102153, 2143488.355907619930804 ], [ 474392.214766397315543, 2143471.446311417035758 ], [ 474391.781760535668582, 2143470.53699529543519 ], [ 474373.351257501577493, 2143434.961389530915767 ], [ 474371.51755272509763, 2143432.212921880185604 ], [ 474344.521076345001347, 2143400.077616543043405 ], [ 474342.133135913114529, 2143397.799558904021978 ], [ 474313.351189194887411, 2143375.845705368556082 ], [ 474310.567388968949672, 2143374.165553397964686 ], [ 474283.526491062366404, 2143361.618903480935842 ], [ 474258.189762604713906, 2143349.863099094014615 ], [ 474152.953822537267115, 2143297.679778942838311 ], [ 474073.174553830991499, 2143251.581671365536749 ], [ 473896.529888364544604, 2143125.699670676141977 ], [ 473672.771847839932889, 2142965.130025031510741 ], [ 473642.144831919926219, 2142941.282389712985605 ], [ 473531.839478201058228, 2142855.398943186271936 ], [ 473531.391713940072805, 2142855.063537565525621 ], [ 473439.398364003747702, 2142788.796003040857613 ], [ 473438.738663548254408, 2142788.346949697472155 ], [ 473394.534922658931464, 2142759.948460790328681 ], [ 473394.258065159316175, 2142759.774826296139508 ], [ 473367.158826380851679, 2142743.187762054149061 ], [ 473345.17294215830043, 2142729.733039213810116 ], [ 473343.309230325568933, 2142728.764873604290187 ], [ 473248.980943273229059, 2142687.873528235126287 ], [ 473247.969442884903401, 2142687.47790005011484 ], [ 473190.092392735066824, 2142667.224190801847726 ], [ 473160.223400463000871, 2142651.637401570565999 ], [ 473116.376303041004576, 2142619.053901551757008 ], [ 473115.570181747956667, 2142618.494827259797603 ], [ 473103.143843788246159, 2142610.465473623946309 ], [ 473103.022572277637664, 2142610.387935563921928 ], [ 473085.611110168567393, 2142599.372802896425128 ], [ 473083.811080169980414, 2142598.399226441979408 ], [ 473023.548976719554048, 2142570.941266873851418 ], [ 472886.132895871181972, 2142494.388957524672151 ], [ 472865.315594490908552, 2142482.160766218323261 ], [ 472802.042350821720902, 2142442.083626607898623 ], [ 472741.585826273192652, 2142398.178246531635523 ], [ 472665.535841107135639, 2142339.129302205983549 ], [ 472665.206159006920643, 2142338.880519695114344 ], [ 472614.208942877012305, 2142301.488002518191934 ], [ 472613.943154304637574, 2142301.297538650222123 ], [ 472578.424819496751297, 2142276.426555326674134 ], [ 472576.323596597008873, 2142275.196456209756434 ], [ 472505.975640495948028, 2142241.354898556601256 ], [ 472435.470325504313223, 2142194.242665763013065 ], [ 472434.474958784296177, 2142193.632212811615318 ], [ 472339.627392069611233, 2142140.428115720394999 ], [ 472307.487133136135526, 2142112.509604257065803 ], [ 472261.50364219507901, 2142071.157612412702292 ], [ 472241.83605876454385, 2142052.095029474236071 ], [ 472241.7514082948328, 2142052.013623234350234 ], [ 472241.66813928168267, 2142051.934170603752136 ], [ 472234.928225380310323, 2142045.40048113418743 ], [ 472206.161229075456504, 2142012.726851320359856 ], [ 472203.793061257572845, 2142009.709841853938997 ], [ 472176.188926864182577, 2141974.604619726538658 ], [ 472137.448615936387796, 2141896.769879957195371 ], [ 472100.403123784577474, 2141806.550786493346095 ], [ 472074.869053604721557, 2141741.724984662607312 ], [ 472042.059531871695071, 2141658.657510853372514 ], [ 472019.323240658035502, 2141598.64783044392243 ], [ 472010.969128143915441, 2141571.520680258516222 ], [ 472004.274835626885761, 2141543.982011274900287 ], [ 471998.616825484961737, 2141513.108542540110648 ], [ 471997.556717949395534, 2141461.378236895427108 ], [ 472000.099658545281272, 2141438.548436911311001 ], [ 472011.04057862382615, 2141365.655082480516285 ], [ 472011.060716597014107, 2141365.516510932706296 ], [ 472016.442487611726392, 2141327.229118196759373 ], [ 472019.406950131990016, 2141311.940856031142175 ], [ 472023.410973239864688, 2141300.31922016851604 ], [ 472024.061255503678694, 2141297.670687036123127 ], [ 472028.316173264407553, 2141269.466234230902046 ], [ 472028.392943500191905, 2141268.878966281656176 ], [ 472031.57589710818138, 2141240.124087477568537 ], [ 472031.663563805981539, 2141238.792842583265156 ], [ 472032.440041762311012, 2141202.297044324688613 ], [ 472032.409730603219941, 2141200.972985342144966 ], [ 472030.211596110311802, 2141168.238529258873314 ], [ 472030.013245824549813, 2141166.615252314601094 ], [ 472025.506708488042932, 2141141.293549248017371 ], [ 472025.152250495681074, 2141139.76833972055465 ], [ 472018.63755660050083, 2141117.160924891009927 ], [ 472017.168209090945311, 2141113.734876338858157 ], [ 471990.261639509582892, 2141067.784476780798286 ], [ 471987.2859049878316, 2141064.155486325733364 ], [ 471983.334393557102885, 2141061.623663844075054 ], [ 471978.793906688049901, 2141060.436841759830713 ], [ 471974.108898870821577, 2141060.711194488685578 ], [ 471969.737971312948503, 2141062.419866472948343 ], [ 471966.108980857825372, 2141065.395600995048881 ], [ 471963.577158375934232, 2141069.347112425602973 ], [ 471962.390336291922722, 2141073.887599294539541 ], [ 471962.664689020602964, 2141078.572607112117112 ], [ 471964.373361005214974, 2141082.943534669931978 ], [ 471990.330731480149552, 2141127.272914570756257 ] ] ] ] } },
{ "type": "Feature", "properties": { "CVEGEO": "090160001", "CVE_ENT": "09", "CVE_MUN": "016", "CVE_LOC": "0001", "CVEVIAL": "01168", "CVESEG": "00003", "NOMVIAL": "Federal México-Toluca", "TIPOVIAL": "Carretera", "SENTIDO": "Dos sentidos", "TIPOSEN": 2, "AMBITO": "Urbana", "MINUTES": 6.6239688486799997, "LENGTH": 0.48113339591357307, "VELOCIDAD": 3.0, "T_VIAL2024": "Vías de acceso controlado - radiales", "NOMENCLATU": "Carretera Federal 15 México - Toluca", "NOTA2024": null, "NombreMate": "Carretera Federal 15 México - Toluca", "ID": 7 }, "geometry": { "type": "MultiPolygon", "coordinates": [ [ [ [ 473987.739675508229993, 2143565.622607375495136 ], [ 474099.364772591216024, 2143660.051030343398452 ], [ 474099.590623282652814, 2143660.238328364677727 ], [ 474134.420412653300446, 2143688.552355848252773 ], [ 474135.837869073497131, 2143689.573535186238587 ], [ 474161.055475718574598, 2143705.596717479173094 ], [ 474163.983190327591728, 2143707.036584886256605 ], [ 474191.304968254989944, 2143716.951060213148594 ], [ 474192.141461749619339, 2143717.227091345004737 ], [ 474219.568748531979509, 2143725.392891204915941 ], [ 474223.388502800196875, 2143726.009459174703807 ], [ 474255.209684837376699, 2143726.986732747871429 ], [ 474257.274166522547603, 2143726.907791611738503 ], [ 474275.832945442991331, 2143724.911760197486728 ], [ 474276.907519543892704, 2143724.756669049151242 ], [ 474302.709967245813459, 2143720.073766912799329 ], [ 474304.898403489147313, 2143719.503312099725008 ], [ 474421.099471880006604, 2143679.643056617118418 ], [ 474425.245732401148416, 2143677.444627323653549 ], [ 474428.509708475496154, 2143674.072531854733825 ], [ 474430.571899383387063, 2143669.856854408979416 ], [ 474431.230443510692567, 2143665.210254867561162 ], [ 474430.42087796976557, 2143660.587574767880142 ], [ 474428.222448676475324, 2143656.441314246505499 ], [ 474424.850353207264561, 2143653.177338172215968 ], [ 474420.634675761510152, 2143651.115147264674306 ], [ 474415.988076219975483, 2143650.456603137310594 ], [ 474411.365396120469086, 2143651.266168678179383 ], [ 474296.236982491041999, 2143690.758473216556013 ], [ 474272.084795082570054, 2143695.141868595033884 ], [ 474255.0956276342622, 2143696.969085357151926 ], [ 474226.259383479307871, 2143696.083483454305679 ], [ 474201.124179489503149, 2143688.600094855297357 ], [ 474175.759214450896252, 2143679.395704104565084 ], [ 474152.665214115346316, 2143664.721854105126113 ], [ 474118.628210464725271, 2143637.052302430383861 ], [ 474007.115062138123903, 2143542.718581682536751 ], [ 474004.896875762031414, 2143540.842166811227798 ], [ 474000.883838378300425, 2143538.409041531849653 ], [ 473996.315335963678081, 2143537.335098630748689 ], [ 473991.638565365108661, 2143537.725463121663779 ], [ 473987.311321473796852, 2143539.541923408396542 ], [ 473983.757185071532149, 2143542.606671701651067 ], [ 473981.324059792386834, 2143546.619709085207433 ], [ 473980.250116891344078, 2143551.188211499713361 ], [ 473980.640481382142752, 2143555.864982098340988 ], [ 473982.456941668642685, 2143560.192225989885628 ], [ 473985.521689961897209, 2143563.746362391859293 ], [ 473987.739675508229993, 2143565.622607375495136 ] ] ] ] } },
{ "type": "Feature", "properties": { "CVEGEO": "090140001", "CVE_ENT": "09", "CVE_MUN": "014", "CVE_LOC": "0001", "CVEVIAL": "00202", "CVESEG": "00021", "NOMVIAL": "5 Sur (Avenida San Antonio)", "TIPOVIAL": "Eje Vial", "SENTIDO": "Dos sentidos", "TIPOSEN": 2, "AMBITO": "Urbana", "MINUTES": 0.83107615303000004, "LENGTH": 0.13652919716455481, "VELOCIDAD": 3.0, "T_VIAL2024": "Vías primarias - Ejes viales", "NOMENCLATU": "San Antonio", "NOTA2024": null, "NombreMate": "Av. San Antonio Eje 5 Sur", "ID": 28 }, "geometry": { "type": "MultiPolygon", "coordinates": [ [ [ [ 479967.646686401509214, 2143455.991789741907269 ], [ 479986.567602853232529, 2143455.625273709185421 ], [ 479989.851939992222469, 2143455.561713312752545 ], [ 480015.351408080663532, 2143455.067676393315196 ], [ 480076.866156517586205, 2143460.051945682615042 ], [ 480084.004227450292092, 2143460.630266372580081 ], [ 480088.926117347436957, 2143461.028041587211192 ], [ 480096.275454613321926, 2143461.621860268525779 ], [ 480100.954778692102991, 2143461.263399903662503 ], [ 480105.294310004392173, 2143459.476493175141513 ], [ 480108.869264990207739, 2143456.436054964084178 ], [ 480111.32970214728266, 2143452.439704545773566 ], [ 480112.434776743815746, 2143447.878632544539869 ], [ 480112.076316378777847, 2143443.199308465700597 ], [ 480110.289409650315065, 2143438.859777153469622 ], [ 480107.248971438966691, 2143435.284822167363018 ], [ 480103.252621021005325, 2143432.824385010171682 ], [ 480098.69154901948059, 2143431.719310414046049 ], [ 480091.342645004799124, 2143431.125526741147041 ], [ 480086.425366185314488, 2143430.728124484419823 ], [ 480079.288955940748565, 2143430.149938342627138 ], [ 480017.024406317970715, 2143425.104915963485837 ], [ 480015.522430907119997, 2143425.058732945472002 ], [ 479989.271301737346221, 2143425.567332852166146 ], [ 479985.986976896645501, 2143425.630893010180444 ], [ 479967.064332509529777, 2143425.997442511841655 ], [ 479960.93881398299709, 2143426.117191330529749 ], [ 479956.318793901067693, 2143426.941801608074456 ], [ 479952.179712286219001, 2143429.153717305511236 ], [ 479948.926731285639107, 2143432.536420702934265 ], [ 479946.878275344381109, 2143436.758789223618805 ], [ 479946.234861602541059, 2143441.407508017495275 ], [ 479947.059471880085766, 2143446.02752809971571 ], [ 479949.271387577580754, 2143450.166609714273363 ], [ 479952.654090975236613, 2143453.419590714853257 ], [ 479956.876459495921154, 2143455.468046656344086 ], [ 479961.525178289739415, 2143456.111460397951305 ], [ 479967.646686401509214, 2143455.991789741907269 ] ] ] ] } },
{ "type": "Feature", "properties": { "CVEGEO": "090100001", "CVE_ENT": "09", "CVE_MUN": "010", "CVE_LOC": "0001", "CVEVIAL": "05692", "CVESEG": "00006", "NOMVIAL": "Federal México Toluca", "TIPOVIAL": "Carretera", "SENTIDO": "Dos sentidos", "TIPOSEN": 2, "AMBITO": "Urbana", "MINUTES": 19.814479303100001, "LENGTH": 3.3527441548672132, "VELOCIDAD": 3.0, "T_VIAL2024": "Vías de acceso controlado - radiales", "NOMENCLATU": "Carretera Federal 15 México - Toluca", "NOTA2024": null, "NombreMate": "Carretera Federal 15 México - Toluca", "ID": 7 }, "geometry": { "type": "MultiPolygon", "coordinates": [ [ [ [ 472547.199562667636201, 2142447.916956884320825 ], [ 472580.263412061613053, 2142468.603823708835989 ], [ 472624.783508023130707, 2142503.137770064175129 ], [ 472707.608431371569168, 2142577.087896970566362 ], [ 472781.862077547935769, 2142646.619718747213483 ], [ 472803.903946195321623, 2142667.259881181642413 ], [ 472905.246482922462747, 2142762.394243333023041 ], [ 472933.660720598476473, 2142789.475745709612966 ], [ 472986.785223673039582, 2142840.107998682186007 ], [ 472987.112260589899961, 2142840.410553024616092 ], [ 473012.15282331436174, 2142862.895661557093263 ], [ 473013.490986516291741, 2142863.965741065330803 ], [ 473100.659113079076633, 2142925.853137376718223 ], [ 473101.034779497946147, 2142926.111357025802135 ], [ 473131.070869270770345, 2142946.091922323685139 ], [ 473215.9117857653182, 2143002.528026699088514 ], [ 473215.95113180478802, 2143002.554110434837639 ], [ 473256.060119126923382, 2143029.052871953696012 ], [ 473293.700489052396733, 2143054.253882010933012 ], [ 473480.347658191982191, 2143179.214505050797015 ], [ 473480.366927734285127, 2143179.227384496014565 ], [ 473615.092764769855421, 2143269.125407591927797 ], [ 473658.951214908971451, 2143298.618035846855491 ], [ 473668.216991994821001, 2143305.124481514561921 ], [ 473668.520817988319322, 2143305.332309570163488 ], [ 473705.67260397109203, 2143330.081844595726579 ], [ 473735.592028040671721, 2143351.885763051453978 ], [ 473765.365707794262562, 2143376.870343445334584 ], [ 473866.888650690612849, 2143462.397563622798771 ], [ 473985.466069991060067, 2143563.699079503770918 ], [ 473985.521689961897209, 2143563.746362391859293 ], [ 473987.739675508229993, 2143565.622607375495136 ], [ 474099.364772591216024, 2143660.051030343398452 ], [ 474099.590623282652814, 2143660.238328364677727 ], [ 474134.420412653300446, 2143688.552355848252773 ], [ 474135.837869073497131, 2143689.573535186238587 ], [ 474161.055475718574598, 2143705.596717479173094 ], [ 474163.983190327591728, 2143707.036584886256605 ], [ 474191.304968254989944, 2143716.951060213148594 ], [ 474192.141461749619339, 2143717.227091345004737 ], [ 474219.568748531979509, 2143725.392891204915941 ], [ 474223.388502800196875, 2143726.009459174703807 ], [ 474255.209684837376699, 2143726.986732747871429 ], [ 474257.274166522547603, 2143726.907791611738503 ], [ 474275.832945442991331, 2143724.911760197486728 ], [ 474276.907519543892704, 2143724.756669049151242 ], [ 474302.709967245813459, 2143720.073766912799329 ], [ 474307.139617692329921, 2143718.523681563790888 ], [ 474310.873462898889557, 2143715.680625524837524 ], [ 474313.546008081408218, 2143711.822896929457784 ], [ 474314.89564589667134, 2143707.328117131255567 ], [ 474314.790264391922392, 2143702.63626649370417 ], [ 474313.240179043030366, 2143698.206616047304124 ], [ 474310.397123004018795, 2143694.472770840860903 ], [ 474306.53939440875547, 2143691.800225658342242 ], [ 474302.044614610553253, 2143690.45058784307912 ], [ 474297.352763972943649, 2143690.555969347711653 ], [ 474272.084795082570054, 2143695.141868595033884 ], [ 474255.0956276342622, 2143696.969085357151926 ], [ 474226.259383479307871, 2143696.083483454305679 ], [ 474201.124179489503149, 2143688.600094855297357 ], [ 474175.759214450896252, 2143679.395704104565084 ], [ 474152.665214115346316, 2143664.721854105126113 ], [ 474118.628210464725271, 2143637.052302430383861 ], [ 474007.115062138123903, 2143542.718581682536751 ], [ 474004.924743304844014, 2143540.865740606561303 ], [ 473886.335734510794282, 2143439.554323740303516 ], [ 473886.256819742906373, 2143439.487375823315233 ], [ 473784.683240493061021, 2143353.917497440706939 ], [ 473784.661095486837439, 2143353.898878035601228 ], [ 473754.483230822137557, 2143328.575125913601369 ], [ 473753.675398613384459, 2143327.943017698824406 ], [ 473723.086006930621807, 2143305.650857251137495 ], [ 473722.567926249525044, 2143305.289752501994371 ], [ 473685.306486534478609, 2143280.467169066891074 ], [ 473676.067319805617444, 2143273.979409240651876 ], [ 473675.817530436324887, 2143273.807748294901103 ], [ 473631.811048050120007, 2143244.215575709939003 ], [ 473631.766453945427202, 2143244.185704114846885 ], [ 473497.02793277479941, 2143154.279217321891338 ], [ 473310.390647718159016, 2143029.325211694929749 ], [ 473272.712102221499663, 2143004.098642299417406 ], [ 473272.635450674511958, 2143004.047662442084402 ], [ 473232.507752878242172, 2142977.536539494525641 ], [ 473147.686748432053719, 2142921.113680597860366 ], [ 473117.840531293302774, 2142901.259422106202692 ], [ 473031.557965396554209, 2142840.000753817614168 ], [ 473007.321641647315118, 2142818.237809592857957 ], [ 472954.358487429446541, 2142767.75933605665341 ], [ 472925.903148021141533, 2142740.638659774791449 ], [ 472925.820584790199064, 2142740.56056381482631 ], [ 472824.429827767191455, 2142645.38093530992046 ], [ 472824.41623812931357, 2142645.368194029666483 ], [ 472802.367584739055019, 2142624.721678313799202 ], [ 472727.984088295139372, 2142555.068263509310782 ], [ 472727.721511743264273, 2142554.82816537283361 ], [ 472644.377099956327584, 2142480.414213878568262 ], [ 472643.580624720314518, 2142479.751080378890038 ], [ 472598.053764351585414, 2142444.436193477828056 ], [ 472596.816112247062847, 2142443.572261589113623 ], [ 472562.801931201422121, 2142422.290806273464113 ], [ 472562.173373021592852, 2142421.918524191714823 ], [ 472537.886467054195236, 2142408.321639612317085 ], [ 472533.483277420920786, 2142406.697912812232971 ], [ 472528.793836052296683, 2142406.514317284803838 ], [ 472524.277178142801858, 2142407.788824638817459 ], [ 472520.375425637990702, 2142410.396677215117961 ], [ 472517.470509258157108, 2142414.082600232679397 ], [ 472515.846782458247617, 2142418.485789866186678 ], [ 472515.66318693064386, 2142423.175231234636158 ], [ 472516.937694284832105, 2142427.691889144014567 ], [ 472519.545546860841569, 2142431.593641649000347 ], [ 472523.231469878635835, 2142434.49855802860111 ], [ 472547.199562667636201, 2142447.916956884320825 ] ] ], [ [ [ 471623.412797001306899, 2142028.665051412768662 ], [ 471623.054095749685075, 2142029.726142460480332 ], [ 471618.054493067378644, 2142046.563393052201718 ], [ 471617.621587843168527, 2142048.468055764213204 ], [ 471615.016452896932606, 2142064.783520232420415 ], [ 471614.836209098575637, 2142066.677819313947111 ], [ 471614.399171049357392, 2142080.594338674098253 ], [ 471614.403541770763695, 2142081.659073335584253 ], [ 471614.780722530034836, 2142091.177928682882339 ], [ 471614.92006043321453, 2142092.707740730606019 ], [ 471616.424615031515714, 2142103.227505578193814 ], [ 471617.008413427858613, 2142105.741340975742787 ], [ 471621.000143436831422, 2142118.019900015089661 ], [ 471621.453968897229061, 2142119.23458416480571 ], [ 471625.001872499356978, 2142127.607638524379581 ], [ 471625.892587483860552, 2142129.375056066550314 ], [ 471630.632996308733709, 2142137.413315969519317 ], [ 471631.220745219732635, 2142138.331915521062911 ], [ 471636.444310407678131, 2142145.876932130660862 ], [ 471637.438286436721683, 2142147.158598658628762 ], [ 471643.679002619057428, 2142154.364611913915724 ], [ 471645.413463936245535, 2142156.066672017797828 ], [ 471652.597481486096513, 2142162.055053351912647 ], [ 471652.617435160733294, 2142162.071656894870102 ], [ 471660.188255459885113, 2142168.360292171128094 ], [ 471661.842177664977498, 2142169.553842408116907 ], [ 471675.154080882784911, 2142177.845465359743685 ], [ 471677.200632905878592, 2142178.911129141692072 ], [ 471690.556716287333984, 2142184.606711988802999 ], [ 471691.996066489547957, 2142185.135310048703104 ], [ 471701.027549490565434, 2142187.937222539447248 ], [ 471701.794824049458839, 2142188.153087895829231 ], [ 471711.932563421025407, 2142190.716632905416191 ], [ 471712.532245965150651, 2142190.855250231921673 ], [ 471723.23673426208552, 2142193.099296058528125 ], [ 471724.150966236833483, 2142193.261588633526117 ], [ 471736.834509243199136, 2142195.11022867122665 ], [ 471752.053743107651826, 2142197.334567078389227 ], [ 471752.139291632862296, 2142197.346818661782891 ], [ 471758.887961597938556, 2142198.293478208128363 ], [ 471759.615961163653992, 2142198.377520442008972 ], [ 471767.228280475537758, 2142199.068350531626493 ], [ 471767.788696837902535, 2142199.108642964623868 ], [ 471774.77376696234569, 2142199.479506608564407 ], [ 471775.723803401982877, 2142199.499805845320225 ], [ 471783.678555774677079, 2142199.417734858579934 ], [ 471784.188360374129843, 2142199.403804801404476 ], [ 471791.662705515802372, 2142199.072338557336479 ], [ 471793.022387670585886, 2142198.94985481351614 ], [ 471799.654734835785348, 2142198.046562504023314 ], [ 471800.200703868817072, 2142197.961935539264232 ], [ 471807.962289175251499, 2142196.612046818248928 ], [ 471808.721457212115638, 2142196.459728358313441 ], [ 471816.801635529147461, 2142194.620385731570423 ], [ 471818.833861462073401, 2142194.003584820777178 ], [ 471846.075081341550685, 2142183.577709387987852 ], [ 471852.887203811784275, 2142181.236083944328129 ], [ 471859.627513758779969, 2142178.929312481079251 ], [ 471866.556455080106389, 2142177.583611935377121 ], [ 471876.259332428395282, 2142175.703766188118607 ], [ 471883.08425660507055, 2142175.377938004676253 ], [ 471889.424153094587382, 2142175.747776347678155 ], [ 471896.144670221488923, 2142177.20313633652404 ], [ 471902.214979097072501, 2142179.939978489186615 ], [ 471910.261517674312927, 2142184.277819982264191 ], [ 471916.262299222871661, 2142189.333594754803926 ], [ 471922.344881549768616, 2142196.139606232289225 ], [ 471948.845004316710401, 2142242.403072024695575 ], [ 471950.002679764991626, 2142244.133442647289485 ], [ 471954.251745048852172, 2142249.618573042564094 ], [ 471954.747074926097412, 2142250.224647311493754 ], [ 471959.259120581962634, 2142255.460507913026959 ], [ 471959.78743470396148, 2142256.042052407283336 ], [ 471964.569032090425026, 2142261.036128089297563 ], [ 471965.128186402493156, 2142261.590259572025388 ], [ 471970.163533247832675, 2142266.325028192717582 ], [ 471970.749884995631874, 2142266.848127386067063 ], [ 471976.027549552265555, 2142271.313797622919083 ], [ 471976.637210151180625, 2142271.802980341482908 ], [ 471982.141117252875119, 2142275.98825228959322 ], [ 471982.779540283721872, 2142276.447809025179595 ], [ 471988.49292666563997, 2142280.337185692507774 ], [ 471989.153036323899869, 2142280.761715703178197 ], [ 471995.063517532253172, 2142284.347831860650331 ], [ 471995.745624540140852, 2142284.737627934198827 ], [ 472001.835116734611802, 2142288.00902451062575 ], [ 472002.537794224102981, 2142288.363090104889125 ], [ 472008.791683194926009, 2142291.311244609300047 ], [ 472009.508979759935755, 2142291.626757263205945 ], [ 472015.907251496973913, 2142294.243860063143075 ], [ 472016.643725270288996, 2142294.522766711190343 ], [ 472023.171777938026935, 2142296.800896672531962 ], [ 472023.91676657582866, 2142297.039278740994632 ], [ 472030.604890712944325, 2142298.988640569616109 ], [ 472032.337880160892382, 2142299.384045992977917 ], [ 472101.629934831580613, 2142310.924850032199174 ], [ 472101.777650168165565, 2142310.94869591249153 ], [ 472163.190307082491927, 2142320.548587147146463 ], [ 472297.284443986485712, 2142341.511628576554358 ], [ 472329.515624619612936, 2142347.013968623243272 ], [ 472350.883172419795301, 2142351.952648935839534 ], [ 472378.460395386966411, 2142360.503871567547321 ], [ 472475.555972295405809, 2142409.659724310506135 ], [ 472493.137677990016527, 2142418.621713503263891 ], [ 472497.600778620806523, 2142420.072678846307099 ], [ 472502.29381250787992, 2142420.073454948142171 ], [ 472506.75739279598929, 2142418.623965838458389 ], [ 472510.554593146953266, 2142415.866097610909492 ], [ 472513.313717133773025, 2142412.069809622131288 ], [ 472514.764682476758026, 2142407.606708991341293 ], [ 472514.76545857853489, 2142402.913675104267895 ], [ 472513.315969468967523, 2142398.450094816274941 ], [ 472510.558101241185796, 2142394.652894465252757 ], [ 472506.761813252582215, 2142391.893770478665829 ], [ 472489.161670529167168, 2142382.922383309807628 ], [ 472489.124770829454064, 2142382.903638374991715 ], [ 472390.884175111423247, 2142333.168105508666486 ], [ 472388.551571061077993, 2142332.223797625396401 ], [ 472359.241258608410135, 2142323.135173745919019 ], [ 472358.176592423056718, 2142322.84748606570065 ], [ 472335.847061354666948, 2142317.686462605837733 ], [ 472334.993367908522487, 2142317.515086800325662 ], [ 472302.229280063300394, 2142311.921771597117186 ], [ 472302.021897683560383, 2142311.887861558236182 ], [ 472167.823840167082381, 2142290.908574138302356 ], [ 472106.484835318406112, 2142281.320196030661464 ], [ 472038.144808241224382, 2142269.937955104745924 ], [ 472032.687047231185716, 2142268.347202486358583 ], [ 472026.900279005698394, 2142266.327762579079717 ], [ 472021.229352562630083, 2142264.008167838212103 ], [ 472015.685973319981713, 2142261.394955713767558 ], [ 472010.289334215864073, 2142258.495773626491427 ], [ 472005.050410703406669, 2142255.317117339000106 ], [ 471999.986762684537098, 2142251.870048798620701 ], [ 471995.107245400140528, 2142248.159574324265122 ], [ 471990.428064956387971, 2142244.200308513361961 ], [ 471985.965891049650963, 2142240.004498047288507 ], [ 471981.728372839163058, 2142235.578678611200303 ], [ 471977.728440641076304, 2142230.93708386644721 ], [ 471974.358155398338567, 2142226.586373112630099 ], [ 471947.594188982271589, 2142179.862293543294072 ], [ 471945.762627588934265, 2142177.322390587069094 ], [ 471937.92344844940817, 2142168.550862257368863 ], [ 471936.403924159705639, 2142167.075061541981995 ], [ 471928.407124384713825, 2142160.337602723389864 ], [ 471925.860280299850274, 2142158.605351268779486 ], [ 471915.98288922291249, 2142153.280507990159094 ], [ 471915.030133742489852, 2142152.80965361231938 ], [ 471907.03187957953196, 2142149.203583544120193 ], [ 471904.04139697633218, 2142148.217829873785377 ], [ 471894.635228614613879, 2142146.180879320483655 ], [ 471892.334036485641263, 2142145.866523252334446 ], [ 471884.03714119939832, 2142145.382523235864937 ], [ 471882.448300956632011, 2142145.374130635987967 ], [ 471873.750613930809777, 2142145.789366247132421 ], [ 471871.612849655444734, 2142146.046133272349834 ], [ 471860.846968866826501, 2142148.131926433648914 ], [ 471852.890952997840941, 2142149.677098109852523 ], [ 471850.893768332025502, 2142150.210068283136934 ], [ 471843.163692503061611, 2142152.855572491884232 ], [ 471843.144539811415598, 2142152.862141661345959 ], [ 471836.078585223818664, 2142155.291020343080163 ], [ 471835.59310424834257, 2142155.467304410878569 ], [ 471809.10488730436191, 2142165.604987360537052 ], [ 471802.440326917159837, 2142167.122083831112832 ], [ 471795.332497078983579, 2142168.358271922916174 ], [ 471789.650965119653847, 2142169.132067986298352 ], [ 471783.114034714293666, 2142169.421962515916675 ], [ 471775.889642932394054, 2142169.496498206164688 ], [ 471769.659854942350648, 2142169.165735331363976 ], [ 471762.692392999189906, 2142168.533427074085921 ], [ 471756.349487928033341, 2142167.643685589078814 ], [ 471741.170089566265233, 2142165.425169264897704 ], [ 471728.937410682265181, 2142163.642241983674467 ], [ 471718.9887891561375, 2142161.556653023231775 ], [ 471709.535974723869003, 2142159.166305986698717 ], [ 471701.618461844802368, 2142156.709989761468023 ], [ 471690.032906504871789, 2142151.769432834815234 ], [ 471678.57080418075202, 2142144.630000617355108 ], [ 471671.796261967334431, 2142139.002786727622151 ], [ 471665.558608092716895, 2142133.803265739232302 ], [ 471660.647644127602689, 2142128.132687171921134 ], [ 471656.196951615274884, 2142121.704022510908544 ], [ 471652.23749535769457, 2142114.990015417803079 ], [ 471649.329709963407367, 2142108.127640364225954 ], [ 471645.939044093654957, 2142097.697954245377332 ], [ 471644.726747972425073, 2142089.221644954290241 ], [ 471644.401109607133549, 2142081.003557422198355 ], [ 471644.791502202162519, 2142068.572360374964774 ], [ 471647.092001383600291, 2142054.164771736133844 ], [ 471651.653486875875387, 2142038.802976172883064 ], [ 471683.428193191648461, 2141955.232329011429101 ], [ 471684.389302390278317, 2141950.638764298055321 ], [ 471683.883881995338015, 2141945.97302556829527 ], [ 471681.961406076559797, 2141941.691827837843448 ], [ 471678.810059971525334, 2141938.21424456872046 ], [ 471674.738319393713027, 2141935.880685841199011 ], [ 471670.144754680397455, 2141934.919576642569155 ], [ 471665.479015950928442, 2141935.424997037742287 ], [ 471661.197818220301997, 2141937.34747295640409 ], [ 471657.720234951237217, 2141940.498819061554968 ], [ 471655.386676223832183, 2141944.570559639018029 ], [ 471623.412797001306899, 2142028.665051412768662 ] ] ] ] } },
{ "type": "Feature", "properties": { "CVEGEO": "090100001", "CVE_ENT": "09", "CVE_MUN": "010", "CVE_LOC": "0001", "CVEVIAL": "00127", "CVESEG": "00007", "NOMVIAL": "Alta Tensión", "TIPOVIAL": "Avenida", "SENTIDO": "Dos sentidos", "TIPOSEN": 2, "AMBITO": "Urbana", "MINUTES": 1.59741843492, "LENGTH": 1.8340321374449751, "VELOCIDAD": 3.0, "T_VIAL2024": "Vías primarias - Ejes viales", "NOMENCLATU": "Alta Tensión", "NOTA2024": null, "NombreMate": "Alta Tensión", "ID": 3 }, "geometry": { "type": "MultiPolygon", "coordinates": [ [ [ [ 478480.534046765882522, 2141421.841987015213817 ], [ 478481.298279952781741, 2141424.336576241999865 ], [ 478481.360136293864343, 2141424.533631773665547 ], [ 478482.68694686004892, 2141428.660793751943856 ], [ 478483.724366769252811, 2141431.944680269807577 ], [ 478486.419763299811166, 2141440.476941254921257 ], [ 478503.767048617301043, 2141533.428685861639678 ], [ 478511.908600241411477, 2141583.666990452446043 ], [ 478512.088813869282603, 2141584.593414296861738 ], [ 478540.85504079121165, 2141711.097529423423111 ], [ 478540.914467790338676, 2141711.348843601066619 ], [ 478551.484067820303608, 2141754.389346716925502 ], [ 478551.49359544320032, 2141754.427923493087292 ], [ 478559.955266278004274, 2141788.494816546794027 ], [ 478570.505856278701685, 2141841.066060685086995 ], [ 478570.596830343187321, 2141841.487827321048826 ], [ 478574.587905556778423, 2141858.780376240145415 ], [ 478574.614817753084935, 2141858.894929131027311 ], [ 478583.110552016878501, 2141894.430749747436494 ], [ 478597.403291744296439, 2141961.716029056813568 ], [ 478608.810844090708997, 2142018.452070186845958 ], [ 478608.846243834530469, 2142018.622981114313006 ], [ 478624.593504822289106, 2142092.484811211936176 ], [ 478627.881092059484217, 2142107.870474339928478 ], [ 478628.751710068783723, 2142110.618956789840013 ], [ 478637.114145287603606, 2142130.232885961886495 ], [ 478637.122967838251498, 2142130.253536223899573 ], [ 478661.803934902884066, 2142187.902888987679034 ], [ 478706.756828559446149, 2142299.524591903667897 ], [ 478707.968225783028174, 2142302.664034413639456 ], [ 478708.21007796440972, 2142303.253252832684666 ], [ 478739.716198196809273, 2142375.598925765138119 ], [ 478750.372538909432478, 2142416.233075556810945 ], [ 478751.457627134630457, 2142419.120454993098974 ], [ 478822.397764962748624, 2142561.417572745122015 ], [ 478836.456756852101535, 2142590.059729761909693 ], [ 478851.609732329379767, 2142624.442840694449842 ], [ 478864.192749926471151, 2142657.684205790050328 ], [ 478864.351337453175802, 2142658.085617051459849 ], [ 478872.708387396240141, 2142678.379370403476059 ], [ 478872.721396072185598, 2142678.41085827536881 ], [ 478880.069436030695215, 2142696.13991966843605 ], [ 478900.043156108877156, 2142747.411199425347149 ], [ 478900.064423469651956, 2142747.465479311533272 ], [ 478904.987185387813952, 2142759.958133668173105 ], [ 478905.055670093861409, 2142760.128853186964989 ], [ 478949.561049935000483, 2142869.133404649794102 ], [ 478971.188870606303681, 2142943.210939781274647 ], [ 478983.470283872506116, 2142985.678254115395248 ], [ 478987.062429203768261, 2142998.265224926173687 ], [ 478996.38779337174492, 2143037.255103586707264 ], [ 478996.579131616686936, 2143037.975487762130797 ], [ 479001.170783858920913, 2143053.679404203314334 ], [ 479003.564801326720044, 2143061.867140259128064 ], [ 479004.671335574064869, 2143065.651619495823979 ], [ 479006.24228821345605, 2143071.720473208930343 ], [ 479028.614392232324462, 2143157.89653498493135 ], [ 479029.224499384406954, 2143160.246701068710536 ], [ 479031.099810541083571, 2143164.548767517786473 ], [ 479034.212749080499634, 2143168.060772830620408 ], [ 479038.258598889166024, 2143170.438937457278371 ], [ 479042.841323998814914, 2143171.450470075011253 ], [ 479047.512335345963947, 2143170.996354823000729 ], [ 479051.814401795098092, 2143169.121043666265905 ], [ 479055.326407107932027, 2143166.00810512714088 ], [ 479057.704571734822821, 2143161.962255318183452 ], [ 479058.716104352439288, 2143157.379530208650976 ], [ 479058.261989100486971, 2143152.70851886132732 ], [ 479057.651871094421949, 2143150.358310967683792 ], [ 479035.283717275771778, 2143064.197480046655983 ], [ 479033.655518552404828, 2143057.907475103158504 ], [ 479033.531347138923593, 2143057.456842636223882 ], [ 479032.359209127957001, 2143053.447990695014596 ], [ 479029.965180312399752, 2143045.260215829126537 ], [ 479025.478155509976204, 2143029.914135845843703 ], [ 479016.16407373273978, 2142990.971429503057152 ], [ 479015.999643380462658, 2142990.344189535360783 ], [ 479012.311257033084985, 2142977.419987697154284 ], [ 479012.296676658093929, 2142977.369236360304058 ], [ 479000.002615790406708, 2142934.858188487123698 ], [ 478999.991943471541163, 2142934.82146070105955 ], [ 478978.140877938596532, 2142859.979288700502366 ], [ 478977.629124036990106, 2142858.513252874836326 ], [ 478932.864641330728773, 2142748.874095175880939 ], [ 478927.986284792190418, 2142736.494129807222635 ], [ 478907.964801469468512, 2142685.100244814064354 ], [ 478907.844917294569314, 2142684.801997706759721 ], [ 478900.441859564220067, 2142666.940191600937396 ], [ 478892.173477647243999, 2142646.861754307057709 ], [ 478879.525484969373792, 2142613.448740370571613 ], [ 478879.223049444961362, 2142612.709801648277789 ], [ 478863.784390154760331, 2142577.678455110173672 ], [ 478863.523589758377057, 2142577.118243743665516 ], [ 478849.30802128801588, 2142548.157095788512379 ], [ 478849.266953961574472, 2142548.074078931473196 ], [ 478778.99792652123142, 2142407.123125379439443 ], [ 478768.44085023959633, 2142366.867485046386719 ], [ 478767.683968456170987, 2142364.683454235084355 ], [ 478735.842200314451475, 2142291.567052514757961 ], [ 478734.706072659115307, 2142288.622677714563906 ], [ 478734.625786180200521, 2142288.41904464783147 ], [ 478689.571321764145978, 2142176.545133248437196 ], [ 478689.446703414083458, 2142176.245113145560026 ], [ 478664.706221613334492, 2142118.456746946554631 ], [ 478656.916181174688973, 2142100.185358599293977 ], [ 478653.93337684078142, 2142086.226063590031117 ], [ 478638.20503056718735, 2142012.452952121384442 ], [ 478626.798579870141111, 2141955.722390100359917 ], [ 478626.765506634605117, 2141955.562411528546363 ], [ 478612.41626971430378, 2141888.011162959504873 ], [ 478612.332513914851006, 2141887.640085043385625 ], [ 478603.806229607085697, 2141851.97648019483313 ], [ 478599.876906900550239, 2141834.951492820400745 ], [ 478589.30299155798275, 2141782.263901845552027 ], [ 478589.291257817938458, 2141782.206025859341025 ], [ 478589.290030995500274, 2141782.200035209301859 ], [ 478589.152667635353282, 2141781.593532708473504 ], [ 478580.613696852233261, 2141747.215428178198636 ], [ 478570.079630302556325, 2141704.319621064700186 ], [ 478541.446721675805748, 2141578.401794609613717 ], [ 478533.352090032887645, 2141528.453014720696956 ], [ 478533.290675553376786, 2141528.100700182374567 ], [ 478515.743225938698743, 2141434.076417694799602 ], [ 478515.301075468421914, 2141432.309813828207552 ], [ 478512.330876656982582, 2141422.907667928840965 ], [ 478511.281993696000427, 2141419.58749585179612 ], [ 478511.258961820509285, 2141419.515226550865918 ], [ 478509.952150457829703, 2141415.450273869093508 ], [ 478509.197904466826003, 2141412.988284576218575 ], [ 478509.156770022585988, 2141412.856192751787603 ], [ 478508.504854700877331, 2141410.796260163187981 ], [ 478506.406346007715911, 2141406.598543053492904 ], [ 478503.113379716058262, 2141403.254751692060381 ], [ 478498.948294310132042, 2141401.092199674807489 ], [ 478494.318797369254753, 2141400.32257266016677 ], [ 478489.678056309639942, 2141401.021207102574408 ], [ 478485.480339200119488, 2141403.119715795852244 ], [ 478482.13654783857055, 2141406.412682087626308 ], [ 478479.97399582102662, 2141410.577767493668944 ], [ 478479.204368806444108, 2141415.207264434546232 ], [ 478479.903003249200992, 2141419.848005494102836 ], [ 478480.534046765882522, 2141421.841987015213817 ] ] ] ] } },
{ "type": "Feature", "properties": { "CVEGEO": "090100001", "CVE_ENT": "09", "CVE_MUN": "010", "CVE_LOC": "0001", "CVEVIAL": "00910", "CVESEG": "00013", "NOMVIAL": "Camino Viejo a Mixcoac", "TIPOVIAL": "Avenida", "SENTIDO": "Dos sentidos", "TIPOSEN": 2, "AMBITO": "Urbana", "MINUTES": 0.6605715774000001, "LENGTH": 1.1864551661567457, "VELOCIDAD": 3.0, "T_VIAL2024": null, "NOMENCLATU": null, "NOTA2024": null, "NombreMate": "Camino Viejo a Mixcoac", "ID": 6 }, "geometry": { "type": "MultiPolygon", "coordinates": [ [ [ [ 471700.695357792603318, 2138030.71473358059302 ], [ 471700.10350348992506, 2138030.238559330347925 ], [ 471653.312467614072375, 2137994.506335853133351 ], [ 471652.357354346488137, 2137993.83416863437742 ], [ 471609.882026240695268, 2137966.350303354673088 ], [ 471606.402562228147872, 2137964.689127911813557 ], [ 471539.088661721616518, 2137942.639865415170789 ], [ 471494.952092036488466, 2137925.541994962841272 ], [ 471494.598580008081626, 2137925.410138344857842 ], [ 471485.037859798932914, 2137921.980423080269247 ], [ 471473.694498197000939, 2137914.548703698441386 ], [ 471468.125480438466184, 2137910.060669586993754 ], [ 471450.220451224362478, 2137894.614322159904987 ], [ 471449.81996002694359, 2137894.28078403044492 ], [ 471441.704175844963174, 2137887.757194607984275 ], [ 471441.20195892220363, 2137887.370680964086205 ], [ 471377.249705495603848, 2137840.26925150770694 ], [ 471345.350043251295574, 2137816.574963048100471 ], [ 471342.943709759798367, 2137815.116370748728514 ], [ 471338.363645821169484, 2137812.89833519468084 ], [ 471335.703357802471146, 2137811.908414933364838 ], [ 471311.217186723370105, 2137805.355841972865164 ], [ 471295.560323827376124, 2137797.341767011675984 ], [ 471278.937388365797233, 2137785.601135618519038 ], [ 471271.205852231651079, 2137779.394298081286252 ], [ 471261.739905703871045, 2137769.787904578726739 ], [ 471218.65127773914719, 2137724.328514661639929 ], [ 471218.5457499823533, 2137724.218308798968792 ], [ 471201.849610132398084, 2137706.95861560665071 ], [ 471199.831485775357578, 2137705.213620201218873 ], [ 471146.596186489681713, 2137666.89445669343695 ], [ 471111.612158552219626, 2137572.339505921583623 ], [ 471108.864165073609911, 2137567.70283952401951 ], [ 471104.654626949981321, 2137564.336843055207282 ], [ 471047.197778746543918, 2137533.404365883208811 ], [ 470927.133189781859983, 2137393.753550942987204 ], [ 470897.48763216601219, 2137289.377245399635285 ], [ 470895.824830130615737, 2137285.600437769666314 ], [ 470893.195793909544591, 2137282.41965877218172 ], [ 470775.849221498821862, 2137174.821302349213511 ], [ 470681.071860926167574, 2137058.940563396550715 ], [ 470677.568991259206086, 2137055.817348424345255 ], [ 470673.2724377331906, 2137053.929440729320049 ], [ 470668.602776943065692, 2137053.461641870439053 ], [ 470664.017107822408434, 2137054.459743259474635 ], [ 470659.964307614951394, 2137056.826043778564781 ], [ 470656.841092642571311, 2137060.328913445118815 ], [ 470654.953184947487898, 2137064.625466971192509 ], [ 470654.485386088665109, 2137069.295127761550248 ], [ 470655.483487477758899, 2137073.880796882323921 ], [ 470657.849787996674422, 2137077.933597089722753 ], [ 470753.308044601522852, 2137194.64684219006449 ], [ 470754.781641801295336, 2137196.206198223866522 ], [ 470869.78976057440741, 2137301.660361060407013 ], [ 470899.176876432204153, 2137405.126742889173329 ], [ 470902.231962352932896, 2137410.807401642203331 ], [ 471026.263272261654492, 2137555.072031673509628 ], [ 471030.527004692761693, 2137558.500712131615728 ], [ 471085.442966882954352, 2137588.065277539659292 ], [ 471120.049018874356989, 2137681.598633626941592 ], [ 471122.181509961141273, 2137685.479035483673215 ], [ 471125.353982872678898, 2137688.567797764670104 ], [ 471181.218469384184573, 2137728.779469749890268 ], [ 471196.930403584905434, 2137745.021736896596849 ], [ 471240.066663090779912, 2137790.531379070598632 ], [ 471240.268923900148366, 2137790.740663818549365 ], [ 471250.450023533427157, 2137801.072821208275855 ], [ 471251.744095461268444, 2137802.241678966674954 ], [ 471260.51653585745953, 2137809.284149104263633 ], [ 471261.253291810804512, 2137809.839239173568785 ], [ 471279.123572730633896, 2137822.460859564132988 ], [ 471280.94260156044038, 2137823.56118334736675 ], [ 471298.966130964108743, 2137832.786653141025454 ], [ 471301.923087133734953, 2137833.924312029499561 ], [ 471326.570960901211947, 2137840.520157115068287 ], [ 471328.596048565523233, 2137841.500867537688464 ], [ 471359.385638724430464, 2137864.370621617883444 ], [ 471359.434485186415259, 2137864.406750303693116 ], [ 471423.156006626493763, 2137911.33824350591749 ], [ 471430.821622368704993, 2137917.499980763997883 ], [ 471448.719487101072446, 2137932.94014752143994 ], [ 471449.105240319739096, 2137933.261823734734207 ], [ 471455.444506944215391, 2137938.37059624819085 ], [ 471456.636555200966541, 2137939.238201994914562 ], [ 471470.08196445798967, 2137948.047099399380386 ], [ 471473.237338913371786, 2137949.619130115956068 ], [ 471484.291169893462211, 2137953.584468711167574 ], [ 471528.622841173782945, 2137970.757918707560748 ], [ 471529.371996121422853, 2137971.025508446153253 ], [ 471595.216649468231481, 2137992.59350606193766 ], [ 471635.569236705603544, 2138018.703841656446457 ], [ 471681.59385223092977, 2138053.850784155540168 ], [ 471706.566201880341396, 2138075.005829037167132 ], [ 471706.897572385729291, 2138075.207061777822673 ], [ 471707.165258097928017, 2138075.48749962542206 ], [ 472007.387349162949249, 2138304.466757289133966 ], [ 472010.3168739079847, 2138306.213426869828254 ], [ 472151.005549702153075, 2138369.667499501723796 ], [ 472192.901434223342221, 2138389.373631739523262 ], [ 472230.450759579369333, 2138410.501319185364991 ], [ 472251.531186436244752, 2138424.209596284199506 ], [ 472255.817308454017621, 2138426.121068417560309 ], [ 472260.484330102044623, 2138426.614501901902258 ], [ 472265.075410784455016, 2138425.641596030443907 ], [ 472269.141143536078744, 2138423.297585607971996 ], [ 472272.283546107588336, 2138419.811918707098812 ], [ 472274.195018240774516, 2138415.525796689093113 ], [ 472274.688451725349296, 2138410.85877504106611 ], [ 472273.715545853832737, 2138406.267694358713925 ], [ 472271.371535431593657, 2138402.201961607206613 ], [ 472267.885868530429434, 2138399.059559035580605 ], [ 472246.402522557473276, 2138385.089269837364554 ], [ 472245.58073761704145, 2138384.591576640494168 ], [ 472207.136101202922873, 2138362.960129086859524 ], [ 472206.16496000502957, 2138362.459365071728826 ], [ 472163.666131274600048, 2138342.469632226042449 ], [ 472163.448836501745973, 2138342.369533941615373 ], [ 472024.215814365423284, 2138279.571997113991529 ], [ 471725.664248871908057, 2138051.866848573554307 ], [ 471700.695357792603318, 2138030.71473358059302 ] ] ] ] } },
{ "type": "Feature", "properties": { "CVEGEO": "090100001", "CVE_ENT": "09", "CVE_MUN": "010", "CVE_LOC": "0001", "CVEVIAL": "04751", "CVESEG": "00002", "NOMVIAL": "Alfonso Caso Andrade", "TIPOVIAL": "Calle", "SENTIDO": "Un sentido", "TIPOSEN": 1, "AMBITO": "Urbana", "MINUTES": 1.5305354538, "LENGTH": 1.3546318036973464, "VELOCIDAD": 3.0, "T_VIAL2024": "Vías primarias - Ejes viales", "NOMENCLATU": "Alfonso Caso Andrade", "NOTA2024": null, "NombreMate": "Alfonso Caso Andrade", "ID": 2 }, "geometry": { "type": "MultiPolygon", "coordinates": [ [ [ [ 478462.183254264760762, 2141263.733958090655506 ], [ 478436.558294333284721, 2141130.189586346969008 ], [ 478436.521916118741501, 2141130.006185240112245 ], [ 478425.894033575372305, 2141078.122139664832503 ], [ 478419.570900125429034, 2141022.788671998307109 ], [ 478419.474198484502267, 2141022.088938556611538 ], [ 478414.543397389352322, 2140991.704165759962052 ], [ 478410.436541143746581, 2140961.870127923320979 ], [ 478410.415592960489448, 2140961.723325933329761 ], [ 478403.631251183687709, 2140915.803782454226166 ], [ 478402.227505347458646, 2140911.325605895370245 ], [ 478399.508631062170025, 2140907.500388216692954 ], [ 478395.740770686301403, 2140904.702568377368152 ], [ 478391.292748645704705, 2140903.206016475800425 ], [ 478386.599968328839168, 2140903.157225439790636 ], [ 478382.121791769750416, 2140904.560971276368946 ], [ 478378.296574091247749, 2140907.279845561366528 ], [ 478375.498754251631908, 2140911.047705937176943 ], [ 478374.002202350238804, 2140915.495727978181094 ], [ 478373.953411314403638, 2140920.188508294988424 ], [ 478380.726916176266968, 2140966.034702552948147 ], [ 478384.848290174151771, 2140995.97420382546261 ], [ 478384.901848836103454, 2140996.331391382496804 ], [ 478389.804988461197354, 2141026.545707600656897 ], [ 478396.163218127854634, 2141082.186300743371248 ], [ 478396.371353084396105, 2141083.493371281307191 ], [ 478407.113403199182358, 2141135.934769222512841 ], [ 478432.755348025704734, 2141269.567657676059753 ], [ 478432.82895692170132, 2141269.927417864091694 ], [ 478458.240872277703602, 2141386.82222851132974 ], [ 478459.942934062390123, 2141391.19573435280472 ], [ 478462.913178643968422, 2141394.829219565726817 ], [ 478466.860857787891291, 2141397.367013301234692 ], [ 478471.399545154476073, 2141398.560698626562953 ], [ 478476.084962401306257, 2141398.293429305311292 ], [ 478480.458468243072275, 2141396.591367520857602 ], [ 478484.091953456052579, 2141393.621122939046472 ], [ 478486.629747191502247, 2141389.673443795181811 ], [ 478487.823432516830508, 2141385.134756428655237 ], [ 478487.556163195462432, 2141380.44933918165043 ], [ 478462.183254264760762, 2141263.733958090655506 ] ] ], [ [ [ 478314.958763702947181, 2140470.982484836596996 ], [ 478314.951614179008175, 2140470.866581207606941 ], [ 478307.503009090840351, 2140357.271519547794014 ], [ 478307.49517766747158, 2140357.158611984457821 ], [ 478299.129271571699064, 2140242.797110532876104 ], [ 478294.553941579419188, 2140164.258303638547659 ], [ 478294.531619073997717, 2140163.935231482610106 ], [ 478291.230931398749817, 2140122.650574311148375 ], [ 478286.61461913830135, 2140063.32448512269184 ], [ 478282.554505646054167, 2139963.905037591699511 ], [ 478282.473146864096634, 2139962.841770109720528 ], [ 478268.45448581664823, 2139838.111618202645332 ], [ 478268.445657394418959, 2139838.034849998075515 ], [ 478258.067800916091073, 2139749.796534259337932 ], [ 478256.797245847759768, 2139745.278762963134795 ], [ 478254.192808063467965, 2139741.374730241019279 ], [ 478250.509428079763893, 2139738.466590017080307 ], [ 478246.107660793000832, 2139736.839011318050325 ], [ 478241.418381854135077, 2139736.651312888134271 ], [ 478236.900610557815526, 2139737.921867956407368 ], [ 478232.996577835758217, 2139740.526305740699172 ], [ 478230.08843761170283, 2139744.209685724228621 ], [ 478228.460858913080301, 2139748.611453011166304 ], [ 478228.273160482815001, 2139753.300731949973851 ], [ 478238.64650388044538, 2139841.500674962997437 ], [ 478252.601260869996622, 2139965.662244548089802 ], [ 478256.650879927095957, 2140064.824716271832585 ], [ 478256.683593075140379, 2140065.376323280856013 ], [ 478261.322578535880893, 2140124.99379490269348 ], [ 478261.325083625677507, 2140125.025552770588547 ], [ 478264.614135612617247, 2140166.164671966806054 ], [ 478269.186518229194917, 2140244.652885052375495 ], [ 478269.201104942243546, 2140244.874902388546616 ], [ 478277.570999024144839, 2140359.290919402614236 ], [ 478285.012102298031095, 2140472.771574533544481 ], [ 478294.1499309540377, 2140630.864275632426143 ], [ 478295.150333287310787, 2140635.449443332385272 ], [ 478297.518667186668608, 2140639.50105562992394 ], [ 478301.023103628947865, 2140642.62251248350367 ], [ 478305.320603958331048, 2140644.508263947907835 ], [ 478309.990498900064267, 2140644.973719531670213 ], [ 478314.575666600256227, 2140643.973317198455334 ], [ 478318.627278897620272, 2140641.604983299039304 ], [ 478321.748735751258209, 2140638.100546856410801 ], [ 478323.634487215895206, 2140633.803046527318656 ], [ 478324.099942799366545, 2140629.133151585236192 ], [ 478314.958763702947181, 2140470.982484836596996 ] ] ] ] } },
{ "type": "Feature", "properties": { "CVEGEO": null, "CVE_ENT": null, "CVE_MUN": null, "CVE_LOC": null, "CVEVIAL": null, "CVESEG": null, "NOMVIAL": "DESIERTO DE LOS LEONES", "TIPOVIAL": null, "SENTIDO": null, "TIPOSEN": null, "AMBITO": null, "MINUTES": null, "LENGTH": 12.865130170707898, "VELOCIDAD": null, "T_VIAL2024": null, "NOMENCLATU": null, "NOTA2024": null, "NombreMate": null, "ID": null }, "geometry": { "type": "MultiPolygon", "coordinates": [ [ [ [ 479082.357525684812572, 2139446.808332921005785 ], [ 478972.676649246830493, 2139482.48765417188406 ], [ 478894.990998907189351, 2139435.366849867161363 ], [ 478785.562760530912783, 2139302.390762726310641 ], [ 478785.440773815498687, 2139302.244429633952677 ], [ 478732.024462823639624, 2139238.988271880894899 ], [ 478728.780494937382173, 2139236.116504381410778 ], [ 478724.851076220860705, 2139234.291663355659693 ], [ 478720.564014085975941, 2139233.665984148159623 ], [ 478671.364780277712271, 2139233.665984148159623 ], [ 478669.427894457359798, 2139233.791560686193407 ], [ 478584.841612229589373, 2139244.806036041118205 ], [ 478508.304280302196275, 2139232.739830183796585 ], [ 478425.709953222773038, 2139196.948955116327852 ], [ 478419.304855884227436, 2139195.718773178756237 ], [ 478323.71777305676369, 2139198.530157967936248 ], [ 478323.421944442787208, 2139198.541781729087234 ], [ 478239.878469239512924, 2139202.65047723101452 ], [ 478195.368271203711629, 2139191.618605363182724 ], [ 478131.617046962492168, 2139155.1138253682293 ], [ 478063.846895510912873, 2139093.594531941227615 ], [ 478026.653094748442527, 2139046.75789394415915 ], [ 478022.659288660972379, 2139043.245050826109946 ], [ 478017.690670983691234, 2139041.346790513489395 ], [ 478012.371974809328094, 2139041.301792276091874 ], [ 477963.172741001064423, 2139049.735946643166244 ], [ 477957.087741905590519, 2139052.244085097685456 ], [ 477891.66562473680824, 2139098.178763109724969 ], [ 477845.147839059180114, 2139124.021977374795824 ], [ 477809.841519354784396, 2139124.021977374795824 ], [ 477808.353982048342004, 2139114.600907767191529 ], [ 477824.255515559343621, 2139081.574645859654993 ], [ 477853.362545075651724, 2139034.448979023844004 ], [ 477853.462969000916928, 2139034.284022144507617 ], [ 477882.982509285910055, 2138985.084788336418569 ], [ 477884.687214028497692, 2138980.945010115392506 ], [ 477885.094230997841805, 2138976.486521675717086 ], [ 477882.28284620877821, 2138928.692980261985213 ], [ 477881.640604545187671, 2138925.146916698198766 ], [ 477880.17112449684646, 2138921.856374260038137 ], [ 477859.085738578985911, 2138886.71406439691782 ], [ 477856.030212384648621, 2138883.081375350710005 ], [ 477851.992575462616514, 2138880.585346882231534 ], [ 477818.25595799414441, 2138866.528422936797142 ], [ 477814.566444892785512, 2138865.519450582563877 ], [ 477744.281825166661292, 2138855.679603821132332 ], [ 477743.175660224631429, 2138855.566356860101223 ], [ 477570.275495698442683, 2138844.320817703846842 ], [ 477569.793482124863658, 2138844.297246719710529 ], [ 477485.309284495306201, 2138841.527273026760668 ], [ 477175.889572370972019, 2138778.523259245790541 ], [ 477175.798067916883156, 2138778.504923383239657 ], [ 477036.585443325573578, 2138751.059363710228354 ], [ 477033.981137721100822, 2138750.779030715115368 ], [ 476859.000383408798371, 2138747.312861753161997 ], [ 476745.81698027922539, 2138734.736928072292358 ], [ 476742.347803540644236, 2138734.755116773303598 ], [ 476581.189585048530716, 2138754.374378154519945 ], [ 476506.288654968491755, 2138758.459883431904018 ], [ 476383.059680570964701, 2138733.537169509101659 ], [ 476382.305571843578946, 2138733.404590705875307 ], [ 476204.72816392662935, 2138706.83789188368246 ], [ 476132.160228394437581, 2138686.299796921666712 ], [ 476072.679230953392107, 2138660.017495726700872 ], [ 476068.789357105561066, 2138658.895966083277017 ], [ 475932.750055621028878, 2138638.982194073032588 ], [ 475931.621829109324608, 2138638.860423020552844 ], [ 475713.426647174288519, 2138623.631885167211294 ], [ 475713.20522436639294, 2138623.618075979407877 ], [ 475589.023495753062889, 2138616.79490407789126 ], [ 475532.86495880613802, 2138582.838579412549734 ], [ 475506.332623374415562, 2138559.924289721529931 ], [ 475502.572276345919818, 2138546.387040418572724 ], [ 475510.143495737400372, 2138536.923016179352999 ], [ 475532.453663310210686, 2138536.923016179352999 ], [ 475532.828546177595854, 2138536.918330875691026 ], [ 475589.056241958460305, 2138535.512638481333852 ], [ 475593.474401102925185, 2138534.730935158208013 ], [ 475597.463717398815788, 2138532.677512210793793 ], [ 475622.766180500213522, 2138514.403511081822217 ], [ 475625.543252786213998, 2138511.802588545717299 ], [ 475627.576569292403292, 2138508.586604636162519 ], [ 475637.416416054067668, 2138487.501218718476593 ], [ 475638.595422336424235, 2138483.764716746751219 ], [ 475642.81249951996142, 2138459.867946039885283 ], [ 475642.749456273042597, 2138454.319424004293978 ], [ 475637.126686694973614, 2138426.205576113890857 ], [ 475635.28037044533994, 2138421.429881809744984 ], [ 475622.62913889461197, 2138400.344495891593397 ], [ 475619.041869800945278, 2138396.273291076067835 ], [ 475614.240869905857835, 2138393.744732552208006 ], [ 475570.531197385804262, 2138380.08545988984406 ], [ 475504.240369729697704, 2138345.55898715229705 ], [ 475500.672997899295297, 2138344.244239310733974 ], [ 475496.889663516078144, 2138343.868626999668777 ], [ 475456.610538541921414, 2138345.001428155694157 ], [ 475447.621658775315154, 2138335.755449891556054 ], [ 475443.013173566258047, 2138332.528653064277023 ], [ 475437.540057934820652, 2138331.226593553554267 ], [ 475312.433434822363779, 2138325.603823975659907 ], [ 475309.076675797288772, 2138325.830648634117097 ], [ 475231.763594098563772, 2138339.887572579085827 ], [ 475228.207636708801147, 2138341.004803910385817 ], [ 475225.03693260345608, 2138342.964312594383955 ], [ 475175.444094722683076, 2138382.914098665118217 ], [ 475106.60286745801568, 2138420.994447548408061 ], [ 474935.668853177514393, 2138380.811852901708335 ], [ 474692.497324610012583, 2138323.181606246624142 ], [ 474690.877190049213823, 2138322.890465502627194 ], [ 474452.486575962568168, 2138293.442213173955679 ], [ 474363.692192051094025, 2138275.405853942036629 ], [ 474213.871260555111803, 2138231.999789677094668 ], [ 474213.335154440486804, 2138231.855169350747019 ], [ 474068.589442534779664, 2138195.668741374276578 ], [ 473987.938849135709461, 2138157.393883490003645 ], [ 473890.408460441220086, 2138093.302485205233097 ], [ 473889.655258814396802, 2138092.838730547577143 ], [ 473796.879560775938444, 2138039.422419555485249 ], [ 473795.558571884757839, 2138038.746540080290288 ], [ 473695.7544118736987, 2137993.764383455738425 ], [ 473693.55582672386663, 2137992.97309964010492 ], [ 473506.484397036489099, 2137941.701670763082802 ], [ 473294.354156436864287, 2137785.030316594522446 ], [ 473148.790530599013437, 2137649.264242495410144 ], [ 473147.887747593282256, 2137648.486915624234825 ], [ 473054.830077807011548, 2137574.588177852798253 ], [ 472959.470054474135395, 2137389.37450163019821 ], [ 472956.782072397239972, 2137385.675981997512281 ], [ 472941.165233029110823, 2137369.935944096650928 ], [ 472936.7274914685986, 2137366.846843475475907 ], [ 472931.482775219948962, 2137365.531912192702293 ], [ 472887.906310989812482, 2137362.720527403522283 ], [ 472886.940576819819398, 2137362.689407038036734 ], [ 472822.603284053970128, 2137362.689407038036734 ], [ 472807.247713457152713, 2137352.452359973918647 ], [ 472743.282875061209779, 2137272.156073476653546 ], [ 472667.929737158410717, 2137145.172081825789064 ], [ 472628.598628190520685, 2137077.747323594987392 ], [ 472626.46977878321195, 2137074.924733479507267 ], [ 472623.739430450252257, 2137072.678800992202014 ], [ 472495.551771292986814, 2136990.471497836988419 ], [ 472458.288320389343426, 2136955.777940099127591 ], [ 472420.173847966419999, 2136857.769296725746244 ], [ 472420.130240129423328, 2136857.658466840628535 ], [ 472362.496851954027079, 2136712.872150205075741 ], [ 472360.416615500638727, 2136709.231099026277661 ], [ 472338.628383385541383, 2136681.117251135408878 ], [ 472335.178459181217477, 2136677.882698741741478 ], [ 472330.892974521266297, 2136675.882966902107 ], [ 472301.373434236331377, 2136667.44881253503263 ], [ 472297.430333332333248, 2136666.872724552638829 ], [ 472271.579754894191865, 2136666.566432270221412 ], [ 472267.146613386517856, 2136667.181661107111722 ], [ 472263.092322956828866, 2136669.077440434601158 ], [ 472259.777828075282741, 2136672.084993232041597 ], [ 472249.78325045312522, 2136684.339670868124813 ], [ 472248.632586507068481, 2136685.958595718257129 ], [ 472231.764277772803325, 2136713.369597411248833 ], [ 472230.173889841651544, 2136716.913741563912481 ], [ 472229.54695080826059, 2136720.747439386323094 ], [ 472228.141258413728792, 2136764.323903616517782 ], [ 472228.236201063962653, 2136766.560141739901155 ], [ 472238.076047825627029, 2136850.198839214164764 ], [ 472238.410655237792525, 2136852.04193695820868 ], [ 472251.700869949534535, 2136905.867306540720165 ], [ 472246.436502326920163, 2136935.113793332595378 ], [ 472227.986532478011213, 2136965.466969535686076 ], [ 472184.52486331819091, 2136992.062916335184127 ], [ 472088.788468555198051, 2137040.280516617000103 ], [ 472088.586945563729387, 2137040.383928441442549 ], [ 472026.736480204795953, 2137072.714853515848517 ], [ 472023.581196565995924, 2137074.921881929971278 ], [ 472021.091740987787489, 2137077.859466002788395 ], [ 472001.285699169733562, 2137108.468803357798606 ], [ 471934.290985454572365, 2137122.640762028284371 ], [ 471933.797654378169682, 2137122.753848285414279 ], [ 471876.786957324598916, 2137136.838844027835876 ], [ 471800.149667867983226, 2137126.92884970176965 ], [ 471768.317999023245648, 2137113.115106618497521 ], [ 471743.044532968080603, 2137080.9995884783566 ], [ 471737.193886941531673, 2137036.942903397604823 ], [ 471735.225247766473331, 2137031.264511258807033 ], [ 471710.625630862370599, 2136989.796585620380938 ], [ 471707.515826966788154, 2136986.085811813827604 ], [ 471703.385985350585543, 2136983.55893019028008 ], [ 471688.585731568862684, 2136977.52705908101052 ], [ 471688.305705176608171, 2136977.416198751889169 ], [ 471636.3355702185072, 2136957.442760562524199 ], [ 471634.981295881152619, 2136956.99493516376242 ], [ 471592.107677848252933, 2136945.046549810562283 ], [ 471589.81331715430133, 2136944.596308963838965 ], [ 471563.218097971985117, 2136941.503841616678983 ], [ 471536.023156341165304, 2136923.163067028857768 ], [ 471534.556322366755921, 2136922.290896942839026 ], [ 471499.414012503693812, 2136904.01689581386745 ], [ 471495.599348036339507, 2136902.650166281033307 ], [ 471491.558047161786817, 2136902.354359155055135 ], [ 471469.066968849452678, 2136903.76005154941231 ], [ 471464.921117689285893, 2136904.617793104145676 ], [ 471461.18006767652696, 2136906.599798962008208 ], [ 471423.461886210134253, 2136934.031203664839268 ], [ 471398.922290089074522, 2136946.632617888972163 ], [ 471362.118547768448479, 2136962.604053236078471 ], [ 471359.127724700781982, 2136964.335985987912863 ], [ 471323.282568640483078, 2136991.044141483958811 ], [ 471320.616263695817906, 2136993.597289630677551 ], [ 471289.691031016292982, 2137031.550984282512218 ], [ 471288.911305429937784, 2137032.597833016421646 ], [ 471264.584010307618883, 2137068.413017501588911 ], [ 471233.133045755326748, 2137097.347904889844358 ], [ 471164.707887548429426, 2137119.504622785840183 ], [ 471093.241582794464193, 2137119.504622785840183 ], [ 471024.674896558222827, 2137085.893502081744373 ], [ 471022.937403167772572, 2137085.173123733606189 ], [ 470928.415330216521397, 2137052.765555864199996 ], [ 470865.720839532616083, 2136979.399662510957569 ], [ 470811.481436050555203, 2136893.172918513882905 ], [ 470811.31208772980608, 2136892.909826752264053 ], [ 470773.358393077680375, 2136835.276438576634973 ], [ 470769.381710303074215, 2136831.202237404882908 ], [ 470764.173202127916738, 2136828.903419520705938 ], [ 470714.973968319653068, 2136817.657880364451557 ], [ 470710.77792205644073, 2136817.305069655645639 ], [ 470706.649150178476702, 2136818.132428355980664 ], [ 470702.913023391214665, 2136820.074755894951522 ], [ 470673.393483106279746, 2136841.16014181310311 ], [ 470669.912616656161845, 2136844.638390481937677 ], [ 470667.744661733857356, 2136849.055925597902387 ], [ 470655.093430183129385, 2136891.226697433274239 ], [ 470654.467646052362397, 2136895.989244351629168 ], [ 470655.379392971342895, 2136900.705405553337187 ], [ 470662.540193140099291, 2136920.214840645901859 ], [ 470677.202143111615442, 2136999.475245703477412 ], [ 470677.366093244054355, 2137000.247362409718335 ], [ 470684.026902419747785, 2137028.000733975321054 ], [ 470671.138709675578866, 2137043.232234491035342 ], [ 470592.130582221958321, 2136919.782035344745964 ], [ 470588.404295664571691, 2136915.799229597207159 ], [ 470529.365215094643645, 2136872.222765367012471 ], [ 470525.200847132422496, 2136870.061127090360969 ], [ 470415.556840359698981, 2136833.513124832417816 ], [ 470414.502495667606127, 2136833.204091333318502 ], [ 470320.321105234674178, 2136809.307320626452565 ], [ 470315.58415289997356, 2136808.883250148966908 ], [ 470310.952540750498883, 2136809.963399253319949 ], [ 470280.027308070973959, 2136822.614630804397166 ], [ 470276.18839472689433, 2136824.904736051335931 ], [ 470273.194793580740225, 2136828.224403185769916 ], [ 470271.312360864656512, 2136832.278818652033806 ], [ 470264.453710693807807, 2136855.679160351864994 ], [ 470263.863731224206276, 2136860.58167987363413 ], [ 470264.897581542958505, 2136865.410129620227963 ], [ 470267.443225480790716, 2136869.641260719392449 ], [ 470271.224796996044461, 2136872.81655445555225 ], [ 470324.471296186151449, 2136904.23821614170447 ], [ 470326.481739263283089, 2136905.230095021426678 ], [ 470404.315793790097814, 2136936.636818777769804 ], [ 470488.809402343933471, 2137009.248513629194349 ], [ 470533.4345890955301, 2137185.243619178887457 ], [ 470526.875943874940276, 2137219.57080051722005 ], [ 470489.004264043702278, 2137236.402658219914883 ], [ 470443.037410965480376, 2137219.467501822393388 ], [ 470413.640706660866272, 2137199.424294342286885 ], [ 470411.577609836298507, 2137198.24542395118624 ], [ 470363.784068422566634, 2137175.754345638677478 ], [ 470358.491747452237178, 2137174.366620318032801 ], [ 470300.858359276840929, 2137170.149543134495616 ], [ 470296.371779094159137, 2137170.49809098476544 ], [ 470218.043446133029647, 2137188.681453994009644 ], [ 470098.954317065945361, 2137209.697182652540505 ], [ 470095.080530367908068, 2137210.941103423479944 ], [ 470091.683527956542093, 2137213.180285614449531 ], [ 470046.701371331815608, 2137252.539672661107033 ], [ 470043.757127721561119, 2137256.04365106811747 ], [ 469999.674274913326371, 2137328.650702752172947 ], [ 469947.061136214761063, 2137335.825221665669233 ], [ 469887.122040726651903, 2137326.632549647241831 ], [ 469882.429063081450295, 2137326.655538528226316 ], [ 469877.972880065965001, 2137328.127612099982798 ], [ 469874.189693921885919, 2137330.904673544224352 ], [ 469871.449829267978203, 2137334.714884738437831 ], [ 469870.021483146294486, 2137339.185275663621724 ], [ 469870.044472027162556, 2137343.878253309056163 ], [ 469871.516545598686207, 2137348.334436324425042 ], [ 469874.293607043160591, 2137352.117622468620539 ], [ 469878.103818237490486, 2137354.857487122528255 ], [ 469882.574209162674379, 2137356.285833244211972 ], [ 469944.661017895152327, 2137365.807893340475857 ], [ 469948.96163174812682, 2137365.843704062514007 ], [ 470010.812097107118461, 2137357.409549695439637 ], [ 470015.066610654408578, 2137356.168638226110488 ], [ 470018.772823370643891, 2137353.738672361709177 ], [ 470021.607211764436215, 2137350.331769188400358 ], [ 470068.199076285469346, 2137273.592227624263614 ], [ 470108.289160253771115, 2137238.513404151890427 ], [ 470223.651730617624708, 2137218.155303499661386 ], [ 470224.436896216997411, 2137217.995008120778948 ], [ 470300.938821044983342, 2137200.235632713884115 ], [ 470353.527616462553851, 2137204.083593354560435 ], [ 470397.725316923635546, 2137224.882511218544096 ], [ 470427.665834601270035, 2137245.296500544063747 ], [ 470430.930306588415988, 2137246.978237154427916 ], [ 470484.346617580216844, 2137266.657930677756667 ], [ 470490.021365780150518, 2137267.574805631767958 ], [ 470495.624274953384884, 2137266.289957154542208 ], [ 470546.229201156180352, 2137243.798878842499107 ], [ 470550.245746177912224, 2137241.17393287178129 ], [ 470553.227933179528918, 2137237.415005371905863 ], [ 470554.870611860824283, 2137232.90672609815374 ], [ 470563.526792705175467, 2137187.601288839243352 ], [ 470563.333184282295406, 2137181.099547488614917 ], [ 470516.723308785818517, 2136997.277124440297484 ], [ 470514.935055535461288, 2136993.064729292877018 ], [ 470511.959930662647821, 2136989.58755305968225 ], [ 470421.995617413253058, 2136912.274471360724419 ], [ 470417.832026776799466, 2136909.740507118869573 ], [ 470338.749945777526591, 2136877.830193733330816 ], [ 470296.526432179671247, 2136852.913382682017982 ], [ 470298.070080696663354, 2136847.646762886084616 ], [ 470317.735371554328594, 2136839.601871171500534 ], [ 470406.591517005406786, 2136862.147460315842181 ], [ 470513.460684786492493, 2136897.770516242831945 ], [ 470568.357399281288963, 2136938.28951979894191 ], [ 470656.826753451488912, 2137076.522885689511895 ], [ 470659.914933550811838, 2137080.00755848409608 ], [ 470663.922904821229167, 2137082.377361662685871 ], [ 470668.46448051254265, 2137083.403953622095287 ], [ 470673.1020585965598, 2137082.988417431712151 ], [ 470677.388786766096018, 2137081.170791944488883 ], [ 470680.911618741927668, 2137078.126213865354657 ], [ 470711.836851421394385, 2137041.578211607877165 ], [ 470714.261652314220555, 2137037.587135425303131 ], [ 470715.341547364077996, 2137033.043769366573542 ], [ 470714.971866670588497, 2137028.388483698479831 ], [ 470706.629848485114053, 2136993.63007459230721 ], [ 470691.808798704994842, 2136913.509598718490452 ], [ 470691.14047053293325, 2136911.06958646280691 ], [ 470685.264316713553853, 2136895.06014075409621 ], [ 470695.005284128710628, 2136862.590249370317906 ], [ 470714.862950930430088, 2136848.40620165457949 ], [ 470751.616230022802483, 2136856.806951161473989 ], [ 470786.170915599155705, 2136909.278881111182272 ], [ 470840.909616850723978, 2136996.299380536656827 ], [ 470842.203056436264887, 2136998.057398669421673 ], [ 470908.270598978793714, 2137075.370480367913842 ], [ 470911.24181855248753, 2137078.031223413534462 ], [ 470914.809205821424257, 2137079.8148846430704 ], [ 471012.316299425670877, 2137113.245888164732605 ], [ 471083.160492168157361, 2137147.973433626815677 ], [ 471089.762850423518103, 2137149.504622785840183 ], [ 471167.075932122184895, 2137149.504622785840183 ], [ 471171.696854831941891, 2137148.775119389407337 ], [ 471245.495705544424709, 2137124.878348682075739 ], [ 471251.030630796973128, 2137121.646817254833877 ], [ 471286.172940660035238, 2137089.31589218089357 ], [ 471288.42534306680318, 2137086.705172538291663 ], [ 471313.360739532392472, 2137049.994727741926908 ], [ 471342.698449514689855, 2137013.989356400445104 ], [ 471375.6571836755611, 2136989.43186820205301 ], [ 471411.312189764052164, 2136973.958941031247377 ], [ 471412.192863268603105, 2136973.542271137237549 ], [ 471438.198172567237634, 2136960.188193389214575 ], [ 471440.168677757435944, 2136958.975729381665587 ], [ 471475.29496534424834, 2136933.429338409565389 ], [ 471489.270485327288043, 2136932.555868410505354 ], [ 471519.957476478361059, 2136948.513103809207678 ], [ 471549.471292775182519, 2136968.417770613916218 ], [ 471552.650826101191342, 2136970.048706443049014 ], [ 471556.125904926506337, 2136970.881299385800958 ], [ 471585.183512238960247, 2136974.260090934112668 ], [ 471626.239753251255024, 2136985.701994166709483 ], [ 471677.402839666174259, 2137005.365263175219297 ], [ 471687.395749202638399, 2137009.437892146408558 ], [ 471707.8587373640039, 2137043.932643618434668 ], [ 471713.846493106160779, 2137089.021795803681016 ], [ 471714.896422706311569, 2137092.879877959843725 ], [ 471716.928285152767785, 2137096.32352211792022 ], [ 471747.084763279359322, 2137134.643985096830875 ], [ 471749.714251952653285, 2137137.247343216091394 ], [ 471752.901033445668872, 2137139.127797388471663 ], [ 471790.151881900499575, 2137155.293259925208986 ], [ 471794.199639567756094, 2137156.409227155148983 ], [ 471875.729798450018279, 2137166.951920113991946 ], [ 471881.251147495117038, 2137166.637937007006258 ], [ 471940.747362796857487, 2137151.938872050028294 ], [ 472013.595747701067012, 2137136.528636781964451 ], [ 472017.299913129943889, 2137135.219158126506954 ], [ 472020.53699499409413, 2137132.992753653321415 ], [ 472023.084921192610636, 2137130.002160407602787 ], [ 472044.133646870381199, 2137097.472311633173376 ], [ 472102.384200751665048, 2137067.023158467374742 ], [ 472198.572977877454832, 2137018.577715973835438 ], [ 472199.655160782393068, 2137017.975427236407995 ], [ 472246.745855998888146, 2136989.158733148593456 ], [ 472249.538810288533568, 2136986.954980846494436 ], [ 472251.734212067269254, 2136984.155457868706435 ], [ 472273.522444182366598, 2136948.3103018081747 ], [ 472275.467364919895772, 2136943.176367316395044 ], [ 472281.792980695259757, 2136908.034057453740388 ], [ 472281.592882488330361, 2136901.781046021729708 ], [ 472267.760917028354015, 2136845.761585908941925 ], [ 472258.16184477036586, 2136764.169471715576947 ], [ 472259.402854301093612, 2136725.698176262434572 ], [ 472273.66071337799076, 2136702.529155262280256 ], [ 472278.455585009825882, 2136696.65000675059855 ], [ 472295.064747289696243, 2136696.84680150449276 ], [ 472317.926226907409728, 2136703.37865282362327 ], [ 472335.407049352186732, 2136725.934552752878517 ], [ 472392.235291735152714, 2136868.698186056222767 ], [ 472431.573094866820611, 2136969.852536966558546 ], [ 472435.331887021195143, 2136975.3942526653409 ], [ 472476.096966462326236, 2137013.347947317175567 ], [ 472478.220758607843891, 2137014.996125686448067 ], [ 472604.504768963088281, 2137095.982610588427633 ], [ 472642.044648210168816, 2137160.336689297575504 ], [ 472642.101566319353878, 2137160.433429758995771 ], [ 472718.008955623547081, 2137288.351437660399824 ], [ 472719.176313564472366, 2137290.042786913923919 ], [ 472785.243856107001193, 2137372.97863819077611 ], [ 472788.655760627123527, 2137376.113237508106977 ], [ 472809.741146544984076, 2137390.170161453075707 ], [ 472813.714887257956434, 2137392.045787435490638 ], [ 472818.061649488226976, 2137392.689407038036734 ], [ 472886.457208314852323, 2137392.689407038036734 ], [ 472923.875067628570832, 2137395.103462477680296 ], [ 472933.856531483004801, 2137405.163668366614729 ], [ 473029.636258555692621, 2137591.192517130635679 ], [ 473033.644200457725674, 2137596.072851745411754 ], [ 473128.76444545580307, 2137671.609516890719533 ], [ 473274.520509309775662, 2137807.555076447315514 ], [ 473275.840093950391747, 2137808.651659804396331 ], [ 473490.911030312243383, 2137967.494900385383517 ], [ 473495.857568199338857, 2137969.895481330808252 ], [ 473684.495839171286207, 2138021.596340782474726 ], [ 473782.554386273841374, 2138065.791742293164134 ], [ 473874.302884987788275, 2138118.616635492537171 ], [ 473972.33159145800164, 2138183.03549974411726 ], [ 473974.138092973094899, 2138184.051304702181369 ], [ 474057.073944249888882, 2138223.410691748838872 ], [ 474059.867076659109443, 2138224.411442097276449 ], [ 474205.789694010745734, 2138260.892096435185522 ], [ 474355.932065788714681, 2138304.39128825860098 ], [ 474357.120307414617855, 2138304.683580876793712 ], [ 474447.084620664012618, 2138322.957582005299628 ], [ 474448.231556076090783, 2138323.144619205500931 ], [ 474686.381196435831953, 2138352.56310419132933 ], [ 474928.763912836322561, 2138410.00640692235902 ], [ 474928.790429855056573, 2138410.012665872927755 ], [ 475105.368974807846826, 2138451.522157854400575 ], [ 475110.852978937502485, 2138451.779252621345222 ], [ 475116.062179903325159, 2138450.04586740443483 ], [ 475191.10257356998045, 2138408.536375422496349 ], [ 475193.251892536820378, 2138407.092009308282286 ], [ 475240.884877774282359, 2138368.720993422437459 ], [ 475312.77765904343687, 2138355.649578646756709 ], [ 475430.254965265514329, 2138360.929457577876747 ], [ 475439.692290497769136, 2138370.636707672849298 ], [ 475442.947020913416054, 2138373.170870904345065 ], [ 475446.768952748738229, 2138374.722673214040697 ], [ 475450.86905872146599, 2138375.174762115813792 ], [ 475493.838144079083577, 2138373.966309112031013 ], [ 475557.855572101660073, 2138407.308719540480524 ], [ 475560.310463487228844, 2138408.322207948658615 ], [ 475599.842268130159937, 2138420.675896899309009 ], [ 475608.218816590670031, 2138434.636811000294983 ], [ 475612.778370336571243, 2138457.434579730033875 ], [ 475609.395310959662311, 2138476.605249532032758 ], [ 475602.040152366622351, 2138492.366303659975529 ], [ 475583.663854083861224, 2138505.638074642047286 ], [ 475532.26619258930441, 2138506.923016179352999 ], [ 475502.934123025217559, 2138506.923016179352999 ], [ 475498.520165927009657, 2138507.587152663618326 ], [ 475494.497071488818619, 2138509.520751814823598 ], [ 475491.221090883598663, 2138512.552590466104448 ], [ 475474.352782149333507, 2138533.637976383790374 ], [ 475472.024783261003904, 2138537.731144512072206 ], [ 475471.080518879170995, 2138542.344382954761386 ], [ 475471.613045646518003, 2138547.02306005358696 ], [ 475478.641507619118784, 2138572.325523155275732 ], [ 475480.422980574716348, 2138576.338210062589496 ], [ 475483.289978208369575, 2138579.663210315164179 ], [ 475514.2152108878945, 2138606.371365811210126 ], [ 475516.258218859438784, 2138607.855000448413193 ], [ 475576.702991823840421, 2138644.403002705890685 ], [ 475580.040634326811414, 2138645.899899219162762 ], [ 475583.641347350087017, 2138646.54443189734593 ], [ 475711.448592767002992, 2138653.566808018833399 ], [ 475928.966696418530773, 2138668.748090418521315 ], [ 476062.422881913138554, 2138688.283739472273737 ], [ 476120.99908846814651, 2138714.166249345522374 ], [ 476122.97670920600649, 2138714.879040971398354 ], [ 476197.478406115667894, 2138735.96442688908428 ], [ 476199.343848466000054, 2138736.366237193811685 ], [ 476377.488035783870146, 2138763.017729784827679 ], [ 476502.219296955387108, 2138788.244276987854391 ], [ 476506.009767716866918, 2138788.519690418150276 ], [ 476583.32284941553371, 2138784.302613234147429 ], [ 476584.318585865548812, 2138784.21494493400678 ], [ 476744.239681648497935, 2138764.746289795730263 ], [ 476856.365118453279138, 2138777.204671662766486 ], [ 476857.724516749323811, 2138777.293473577126861 ], [ 477032.072550642536953, 2138780.747109069954604 ], [ 477169.949526770506054, 2138807.929347656201571 ], [ 477480.561822253046557, 2138871.176195152569562 ], [ 477483.063167754327878, 2138871.469750221353024 ], [ 477568.569207415508572, 2138874.27322693169117 ], [ 477740.673372116114479, 2138885.466993741691113 ], [ 477808.497401949658524, 2138894.962357918266207 ], [ 477835.899537113902625, 2138906.379914236720651 ], [ 477852.550945653696544, 2138934.132261802908033 ], [ 477854.873924955783878, 2138973.622909938450903 ], [ 477827.787862236611545, 2139018.766347803641111 ], [ 477798.319064869894646, 2139066.477734016254544 ], [ 477797.56600978388451, 2139067.85289294552058 ], [ 477779.292008655087557, 2139105.806587597820908 ], [ 477777.966752482519951, 2139110.130692624952644 ], [ 477777.990589221590199, 2139114.653260481543839 ], [ 477782.207666405127384, 2139141.361415977124125 ], [ 477783.449265067756642, 2139145.403478846885264 ], [ 477785.76960179337766, 2139148.938429618719965 ], [ 477788.984288812382147, 2139151.685360060073435 ], [ 477792.837867956259288, 2139153.425982725340873 ], [ 477797.024110885045957, 2139154.021977374795824 ], [ 477849.034729482373223, 2139154.021977374795824 ], [ 477852.797349106520414, 2139153.542400700505823 ], [ 477856.31937345006736, 2139152.134336516726762 ], [ 477906.924299652862828, 2139124.02048862632364 ], [ 477908.259112007275689, 2139123.184324852190912 ], [ 477971.566152816929389, 2139078.73470045439899 ], [ 478008.684589964337647, 2139072.371539800427854 ], [ 478041.113463975605555, 2139113.207899666391313 ], [ 478042.778107171820011, 2139114.986101794522256 ], [ 478112.663085057341959, 2139178.42515820171684 ], [ 478115.291400847316254, 2139180.335724371019751 ], [ 478182.275892517413013, 2139218.691915339790285 ], [ 478186.121024902851786, 2139220.234386474825442 ], [ 478234.802951424091589, 2139232.300223055295646 ], [ 478239.148337152961176, 2139232.722644024528563 ], [ 478324.747716263344046, 2139228.512838494498283 ], [ 478416.847277755790856, 2139225.80402786238119 ], [ 478498.123273765086196, 2139261.02362613286823 ], [ 478501.751466818444896, 2139262.077291608322412 ], [ 478582.302045544493012, 2139274.776190829928964 ], [ 478586.574849875993095, 2139274.833614436909556 ], [ 478672.337294019991532, 2139263.665984148159623 ], [ 478713.597941656014882, 2139263.665984148159623 ], [ 478762.45841833401937, 2139321.527074950747192 ], [ 478873.447588791954331, 2139456.39999095024541 ], [ 478877.250839384563733, 2139459.693754382897168 ], [ 478962.998075450421311, 2139511.704372980631888 ], [ 478966.940624905342702, 2139513.380272706970572 ], [ 478971.196113126759883, 2139513.873381310142577 ], [ 478975.417437225172762, 2139513.14347792416811 ], [ 479092.089905970497057, 2139475.189783271867782 ], [ 479092.983741723175626, 2139474.867368591949344 ], [ 479185.998638852324802, 2139437.946425435133278 ], [ 479190.036048283393029, 2139435.553959603887051 ], [ 479193.136540231527761, 2139432.03096125787124 ], [ 479194.996616942342371, 2139427.722286020871252 ], [ 479195.434201147581916, 2139423.049697045702487 ], [ 479194.40645905630663, 2139418.47057989705354 ], [ 479192.013993225176819, 2139414.433170465752482 ], [ 479188.490994879044592, 2139411.332678517792374 ], [ 479184.182319642161019, 2139409.472601806744933 ], [ 479179.509730667050462, 2139409.035017601680011 ], [ 479174.930613518401515, 2139410.062759692780674 ], [ 479082.357525684812572, 2139446.808332921005785 ] ] ] ] } },
{ "type": "Feature", "properties": { "CVEGEO": "090040001", "CVE_ENT": "09", "CVE_MUN": "004", "CVE_LOC": "0001", "CVEVIAL": "01366", "CVESEG": "00001", "NOMVIAL": "Avenida de los Poetas", "TIPOVIAL": "Avenida", "SENTIDO": "Dos sentidos", "TIPOSEN": 2, "AMBITO": "Urbana", "MINUTES": 1.8274647804799999, "LENGTH": 0.84609280884681459, "VELOCIDAD": 3.0, "T_VIAL2024": "Vías de acceso controlado - Viaductos", "NOMENCLATU": "Av. de los Poetas", "NOTA2024": null, "NombreMate": "Av. de los Poetas", "ID": 8 }, "geometry": { "type": "MultiPolygon", "coordinates": [ [ [ [ 472692.016117518069223, 2140227.959059022367001 ], [ 472706.48978697671555, 2140163.562480191700161 ], [ 472706.683915328758303, 2140162.531441499479115 ], [ 472724.742132600222249, 2140043.951773806009442 ], [ 472763.79192987724673, 2139890.862029161769897 ], [ 472764.032801103196107, 2139889.7401626938954 ], [ 472770.557520819886122, 2139852.454327356535941 ], [ 472786.582962696207687, 2139774.713388345669955 ], [ 472786.861043628770858, 2139772.645867526065558 ], [ 472788.67765595309902, 2139744.345849140081555 ], [ 472788.70474752318114, 2139743.05104445386678 ], [ 472787.970541603281163, 2139710.077428495045751 ], [ 472787.894220561895054, 2139708.863848730921745 ], [ 472784.533162868348882, 2139676.458648633677512 ], [ 472784.157629798050039, 2139674.337411138229072 ], [ 472778.260762496152893, 2139650.959694126620889 ], [ 472778.15083643165417, 2139650.548581178300083 ], [ 472771.681410442106426, 2139627.659731245134026 ], [ 472771.253438448125962, 2139626.371419906616211 ], [ 472760.254543331102468, 2139597.67322839749977 ], [ 472755.726468782580923, 2139577.954022555146366 ], [ 472754.275156035786495, 2139558.129098298493773 ], [ 472755.204580566729419, 2139544.981245872098953 ], [ 472758.747912006743718, 2139527.951412353664637 ], [ 472768.023873870028183, 2139504.625066976528615 ], [ 472771.638250995776616, 2139499.431720340624452 ], [ 472785.724432271439582, 2139480.309193744324148 ], [ 472787.882448114047293, 2139476.141756247263402 ], [ 472788.647034133900888, 2139471.511424090247601 ], [ 472787.943347324209753, 2139466.871446445584297 ], [ 472785.840269452775829, 2139462.676016654353589 ], [ 472782.543664434633683, 2139459.335812615696341 ], [ 472778.37622693774756, 2139457.177796772681177 ], [ 472773.745894780615345, 2139456.413210752885789 ], [ 472769.105917136184871, 2139457.116897562518716 ], [ 472764.910487344837748, 2139459.219975434243679 ], [ 472761.570283305947669, 2139462.516580452211201 ], [ 472747.36454501550179, 2139481.801410241052508 ], [ 472747.129835740604904, 2139482.129170878324658 ], [ 472742.412624561868142, 2139488.907133430242538 ], [ 472740.786041026993189, 2139491.932943903375417 ], [ 472730.389558325812686, 2139518.077073188498616 ], [ 472729.642436287598684, 2139520.564255890902132 ], [ 472725.627703642298002, 2139539.859721112530679 ], [ 472725.350531393138226, 2139541.857560163363814 ], [ 472724.273732241068501, 2139557.090207756496966 ], [ 472724.27642688981723, 2139559.243087927345186 ], [ 472725.890279902436305, 2139581.288311334792525 ], [ 472726.230730773881078, 2139583.550189804751426 ], [ 472731.251358991197776, 2139605.414406087715179 ], [ 472731.864344305475242, 2139607.425517009105533 ], [ 472742.997212236805353, 2139636.473268854897469 ], [ 472749.223951769934501, 2139658.503493325784802 ], [ 472754.804648255405482, 2139680.627773301210254 ], [ 472757.991521307616495, 2139711.353594860527664 ], [ 472758.697753296524752, 2139743.070885265246034 ], [ 472756.9896414099494, 2139769.680634162854403 ], [ 472741.129789200844243, 2139846.618281987030059 ], [ 472741.045422321883962, 2139847.061104197520763 ], [ 472734.580811971914954, 2139884.003441569395363 ], [ 472695.489947205292992, 2140037.254186063539237 ], [ 472695.195521620858926, 2140038.703363419044763 ], [ 472677.104876509227324, 2140157.495969214476645 ], [ 472662.620448307425249, 2140221.940416089724749 ], [ 472662.411883488937747, 2140223.068378227297217 ], [ 472652.476354990445543, 2140291.30229583196342 ], [ 472652.534950688190293, 2140295.994963965378702 ], [ 472654.040792710613459, 2140300.439849506132305 ], [ 472656.846478748717345, 2140304.201856088358909 ], [ 472660.677368704695255, 2140306.912732295691967 ], [ 472665.158468378300313, 2140308.307118677999824 ], [ 472669.85113651183201, 2140308.248522980138659 ], [ 472674.296022052585613, 2140306.74268095754087 ], [ 472678.058028634579387, 2140303.936994919553399 ], [ 472680.768904842087068, 2140300.106104963459074 ], [ 472682.163291224103887, 2140295.625005289912224 ], [ 472692.016117518069223, 2140227.959059022367001 ] ] ] ] } },
{ "type": "Feature", "properties": { "CVEGEO": "090140001", "CVE_ENT": "09", "CVE_MUN": "014", "CVE_LOC": "0001", "CVEVIAL": "00208", "CVESEG": "00019", "NOMVIAL": "Interior (Avenida Revolución)", "TIPOVIAL": "Circuito", "SENTIDO": "Un sentido", "TIPOSEN": 1, "AMBITO": "Urbana", "MINUTES": 2.2989284911399999, "LENGTH": null, "VELOCIDAD": 3.0, "T_VIAL2024": "Vías de acceso controlado - anular", "NOMENCLATU": "Revolución", "NOTA2024": null, "NombreMate": "Av. Revolución", "ID": 22 }, "geometry": { "type": "MultiPolygon", "coordinates": [ ] } },
{ "type": "Feature", "properties": { "CVEGEO": "090100001", "CVE_ENT": "09", "CVE_MUN": "010", "CVE_LOC": "0001", "CVEVIAL": "00074", "CVESEG": "00022", "NOMVIAL": "Camino Real a Toluca", "TIPOVIAL": "Avenida", "SENTIDO": "Dos sentidos", "TIPOSEN": 2, "AMBITO": "Urbana", "MINUTES": 0.60824978112000005, "LENGTH": 2.0538827525515377, "VELOCIDAD": 3.0, "T_VIAL2024": "Vías primarias  - Avenidas primarias", "NOMENCLATU": "Camino Real a Toluca", "NOTA2024": null, "NombreMate": "Camino Real a Toluca", "ID": 12 }, "geometry": { "type": "MultiPolygon", "coordinates": [ [ [ [ 478297.5201098259422, 2144077.083638504613191 ], [ 478299.296237276750617, 2144076.552135685924441 ], [ 478310.244294095726218, 2144072.523438058793545 ], [ 478310.833406985271722, 2144072.292432334274054 ], [ 478327.402782896009739, 2144065.388481827452779 ], [ 478333.935093862120993, 2144062.666624948848039 ], [ 478334.257290639099665, 2144062.527929919306189 ], [ 478343.806947985780425, 2144058.284088211599737 ], [ 478371.502686334366444, 2144045.976295185275376 ], [ 478418.556542989681475, 2144026.408124511130154 ], [ 478418.752308394934516, 2144026.325079535599798 ], [ 478453.175748981360812, 2144011.433637981768698 ], [ 478478.28825230023358, 2144000.926678287796676 ], [ 478524.235587292991113, 2143985.644422789569944 ], [ 478578.815486988984048, 2143978.030325135681778 ], [ 478624.761813819117378, 2143982.033478564117104 ], [ 478644.475111000821926, 2143987.618615888990462 ], [ 478670.983518622233532, 2144002.36279637273401 ], [ 478722.533650545170531, 2144032.553206873126328 ], [ 478774.134561437007505, 2144064.104926714207977 ], [ 478774.148402774648275, 2144064.113379814662039 ], [ 478792.784424587734975, 2144075.480834065470845 ], [ 478861.381867436110042, 2144117.61136039160192 ], [ 478879.22451930353418, 2144128.684247033204883 ], [ 478879.331169022363611, 2144128.749817392323166 ], [ 478916.55045162816532, 2144151.419481666292995 ], [ 478968.396806151897181, 2144183.615044569130987 ], [ 478968.615890829532873, 2144183.748509577009827 ], [ 479019.969746850256342, 2144214.433944657910615 ], [ 479020.002161785727367, 2144214.453258247580379 ], [ 479067.440109665039927, 2144242.637130001094192 ], [ 479067.657466334174387, 2144242.763812117278576 ], [ 479112.851754579751287, 2144268.599136485252529 ], [ 479112.994552125572227, 2144268.679734389763325 ], [ 479132.857864662481006, 2144279.748284275643528 ], [ 479156.373451319348533, 2144293.089155614376068 ], [ 479181.256829227437265, 2144307.614370019175112 ], [ 479260.629940001526847, 2144356.421400542370975 ], [ 479261.718892263132147, 2144357.030103266704828 ], [ 479306.000485513359308, 2144379.418746966868639 ], [ 479356.363145110954065, 2144405.5618871669285 ], [ 479475.255310800217558, 2144504.892902768682688 ], [ 479476.056902579672169, 2144505.517741698306054 ], [ 479557.425110179581679, 2144564.62407447071746 ], [ 479639.184765093727037, 2144628.955894395709038 ], [ 479640.002448051469401, 2144629.555664148181677 ], [ 479714.677844997029752, 2144680.5395578276366 ], [ 479717.564893346803728, 2144682.078640978783369 ], [ 479728.312479570740834, 2144686.377621113788337 ], [ 479728.757691257575061, 2144686.547550787217915 ], [ 479828.999070314574055, 2144722.994467230048031 ], [ 479829.041585763043258, 2144723.00985297979787 ], [ 479895.209156054770574, 2144746.84225543262437 ], [ 479908.588992285425775, 2144751.875638790428638 ], [ 479956.039393018349074, 2144774.177745640277863 ], [ 479992.78328464331571, 2144795.337125458288938 ], [ 480010.369275366538204, 2144806.263412995263934 ], [ 480031.988751840777695, 2144819.675612774677575 ], [ 480034.075539393990766, 2144821.981059214100242 ], [ 480034.342046547564678, 2144822.267877459060401 ], [ 480041.243535442918073, 2144829.503628525882959 ], [ 480052.426677594834473, 2144841.611749261151999 ], [ 480056.110967936518136, 2144844.518736076541245 ], [ 480060.513244602305349, 2144846.144936502445489 ], [ 480065.202582079684362, 2144846.331166710704565 ], [ 480069.719955343811307, 2144845.059197191148996 ], [ 480073.623172425257508, 2144842.453537181951106 ], [ 480076.530159240763169, 2144838.769246840383857 ], [ 480078.156359666667413, 2144834.36697017448023 ], [ 480078.342589874868281, 2144829.677632697392255 ], [ 480077.070620354963467, 2144825.160259433090687 ], [ 480074.464960346056614, 2144821.257042351644486 ], [ 480063.200127906224225, 2144809.060474572237581 ], [ 480063.035338091605809, 2144808.8849032134749 ], [ 480056.185875003458932, 2144801.703697737306356 ], [ 480052.812585458625108, 2144797.976946368813515 ], [ 480049.599279741814826, 2144795.296657149214298 ], [ 480026.197223772061989, 2144780.778592520393431 ], [ 480008.402350330434274, 2144769.722524825949222 ], [ 480007.971713970357087, 2144769.464850856456906 ], [ 479970.469854062132072, 2144747.868986548390239 ], [ 479969.364891397824977, 2144747.292431734036654 ], [ 479920.809758876741398, 2144724.471091200597584 ], [ 479919.710760569607373, 2144724.006971170194447 ], [ 479905.673224988742732, 2144718.726166774518788 ], [ 479905.474780420190655, 2144718.653106164187193 ], [ 479839.228999655868392, 2144694.792533665895462 ], [ 479739.232822382240556, 2144658.434770514722914 ], [ 479730.234442793473136, 2144654.835464187432081 ], [ 479657.337127642240375, 2144605.065538385882974 ], [ 479575.749594077235088, 2144540.869150534737855 ], [ 479575.289755538920872, 2144540.521427987143397 ], [ 479494.099673218850512, 2144481.544486440252513 ], [ 479374.342716231418308, 2144381.490962358191609 ], [ 479371.636265783861745, 2144379.689002060797065 ], [ 479319.750969450571574, 2144352.755464650224894 ], [ 479319.608212151215412, 2144352.682325961999595 ], [ 479275.812188077252358, 2144330.539184613619 ], [ 479196.824343330343254, 2144281.969056620262563 ], [ 479196.529229489329737, 2144281.792220904491842 ], [ 479171.417429251247086, 2144267.133669164031744 ], [ 479171.257157952117268, 2144267.041433530859649 ], [ 479147.611168667906895, 2144253.626582125201821 ], [ 479147.510987546469551, 2144253.570253561250865 ], [ 479127.669095624878537, 2144242.51364000979811 ], [ 479082.655195404717233, 2144216.78143449453637 ], [ 479035.341614285076503, 2144188.671451620291919 ], [ 478984.114066590555012, 2144158.061489468906075 ], [ 478932.321688389754854, 2144125.899444797076285 ], [ 478932.21140496537555, 2144125.831618696451187 ], [ 478894.990295949042775, 2144103.160841985605657 ], [ 478877.171234640816692, 2144092.102595297154039 ], [ 478877.111954736581538, 2144092.065997467841953 ], [ 478808.46531060768757, 2144049.905253166332841 ], [ 478808.426236247876659, 2144049.881336947903037 ], [ 478789.777582111826632, 2144038.506177331786603 ], [ 478738.062020440411288, 2144006.884353509638458 ], [ 478737.817492294532713, 2144006.738008133601397 ], [ 478686.000685065926518, 2143976.391418848652393 ], [ 478685.711419432540424, 2143976.226295531727374 ], [ 478657.533223505073693, 2143960.553365931846201 ], [ 478654.330885257397313, 2143959.230136337690055 ], [ 478631.570314257696737, 2143952.781650655437261 ], [ 478628.78344555827789, 2143952.270219461992383 ], [ 478579.727256887766998, 2143947.996113925706595 ], [ 478576.352802214969415, 2143948.08336617378518 ], [ 478518.731332818162628, 2143956.121774038299918 ], [ 478516.069749425922055, 2143956.744549112860113 ], [ 478468.284903676365502, 2143972.637967562302947 ], [ 478467.22936383204069, 2143973.033684112597257 ], [ 478441.513340987905394, 2143983.793153691571206 ], [ 478441.347386294917669, 2143983.863763696048409 ], [ 478406.938768960768357, 2143998.748792770784348 ], [ 478359.816385901183821, 2144018.345461350865662 ], [ 478359.484695950523019, 2144018.488106752280146 ], [ 478331.623922462342307, 2144030.869240243919194 ], [ 478322.234503971703816, 2144035.041872240137309 ], [ 478315.864180589094758, 2144037.696232789196074 ], [ 478299.587002581334673, 2144044.478433396201581 ], [ 478289.807548331329599, 2144048.07710526837036 ], [ 478274.869596129108686, 2144051.557859150692821 ], [ 478270.521879887615796, 2144053.324757888447493 ], [ 478266.932957762444858, 2144056.348696652334183 ], [ 478264.454138456843793, 2144060.333671246655285 ], [ 478263.328066075278912, 2144064.889604593161494 ], [ 478263.664968428318389, 2144069.570530193392187 ], [ 478265.431867166305892, 2144073.918246434535831 ], [ 478268.455805930017959, 2144077.507168559823185 ], [ 478272.440780524339061, 2144079.985987865366042 ], [ 478276.996713870903477, 2144081.112060246989131 ], [ 478281.677639470843133, 2144080.775157894007862 ], [ 478297.5201098259422, 2144077.083638504613191 ] ] ] ] } },
{ "type": "Feature", "properties": { "CVEGEO": "090080001", "CVE_ENT": "09", "CVE_MUN": "008", "CVE_LOC": "0001", "CVEVIAL": "02198", "CVESEG": "00006", "NOMVIAL": "Boulevard Adolfo Ruíz Cortines", "TIPOVIAL": "Periférico", "SENTIDO": "Dos sentidos", "TIPOSEN": 2, "AMBITO": "Urbana", "MINUTES": 1.52102653432, "LENGTH": 4.1853729381148792, "VELOCIDAD": 3.0, "T_VIAL2024": null, "NOMENCLATU": null, "NOTA2024": null, "NombreMate": null, "ID": null }, "geometry": { "type": "MultiPolygon", "coordinates": [ [ [ [ 476761.208359404641669, 2135872.153189749922603 ], [ 476752.906166918575764, 2135921.653233616612852 ], [ 476748.78664136165753, 2135945.078862132970244 ], [ 476746.008038162544835, 2135959.501439918763936 ], [ 476738.926698343362659, 2135996.229505663737655 ], [ 476736.399341130105313, 2136008.103941577952355 ], [ 476730.85458447370911, 2136034.157178739085793 ], [ 476725.066564106906299, 2136061.161987146828324 ], [ 476724.868529633677099, 2136062.297130233142525 ], [ 476721.928584324836265, 2136084.056175115052611 ], [ 476719.295914292568341, 2136103.537569909822196 ], [ 476719.165388873021584, 2136105.175198864191771 ], [ 476718.407228663389105, 2136135.804636083543301 ], [ 476718.42450948554324, 2136136.985589582938701 ], [ 476720.407333185896277, 2136173.661088720429689 ], [ 476720.583110889710952, 2136175.278343143407255 ], [ 476726.808618990704417, 2136213.247415514197201 ], [ 476727.467276417592075, 2136215.815982576459646 ], [ 476737.814092675165739, 2136245.110203423537314 ], [ 476738.017011396994349, 2136245.651288726367056 ], [ 476746.225562470674049, 2136266.319533629808575 ], [ 476746.594028844148852, 2136267.169751368463039 ], [ 476755.633902265399229, 2136286.379680063109845 ], [ 476756.405585895176046, 2136287.812245741952211 ], [ 476768.297588230634574, 2136307.279687868896872 ], [ 476768.371181826281827, 2136307.398906886111945 ], [ 476782.317490906687453, 2136329.757149199955165 ], [ 476783.509206538728904, 2136331.406817895360291 ], [ 476802.843319627339952, 2136354.666808060370386 ], [ 476804.028426669014152, 2136355.935397100634873 ], [ 476816.359347020625137, 2136367.690782710444182 ], [ 476819.365871907328255, 2136370.557147118262947 ], [ 476819.440176454139873, 2136370.627505418844521 ], [ 476824.717426168266684, 2136375.590454730205238 ], [ 476824.90068101946963, 2136375.763749937992543 ], [ 476824.931802026345395, 2136375.793095620814711 ], [ 476830.108863572881091, 2136380.660901003051549 ], [ 476831.138549801893532, 2136381.544818862341344 ], [ 476833.340426314680371, 2136383.268288802355528 ], [ 476843.431373860512394, 2136391.166903955861926 ], [ 476874.430474893539213, 2136415.431181643158197 ], [ 476874.938646470720414, 2136415.811882103327662 ], [ 476953.528847962734289, 2136472.131345660891384 ], [ 476980.013730314967688, 2136491.441831442061812 ], [ 477032.004436185117811, 2136529.349149141926318 ], [ 477032.079230745730456, 2136529.403331259265542 ], [ 477137.437116447137669, 2136605.232436884660274 ], [ 477307.808677814609837, 2136727.685005760751665 ], [ 477474.608642004313879, 2136849.90825919341296 ], [ 477551.265824286034331, 2136914.816956617869437 ], [ 477636.920592357811984, 2137010.617981534916908 ], [ 477646.387864518153947, 2137023.710507882758975 ], [ 477669.195607701607514, 2137057.518537265714258 ], [ 477706.214427550672553, 2137122.245727916248143 ], [ 477738.950910391868092, 2137188.682485088240355 ], [ 477858.676107879902702, 2137443.204990548081696 ], [ 477858.784333127900027, 2137443.430177106056362 ], [ 477875.066979804658331, 2137476.599422966130078 ], [ 477877.768596278154291, 2137480.43684867862612 ], [ 477881.523815989494324, 2137483.251612005755305 ], [ 477885.965051869279705, 2137484.768184300977737 ], [ 477890.657564805645961, 2137484.8381129023619 ], [ 477895.142018937680405, 2137483.454552710521966 ], [ 477898.979444650001824, 2137480.752936237026006 ], [ 477901.794207976956386, 2137476.997716525569558 ], [ 477903.310780272411648, 2137472.556480645667762 ], [ 477903.380708873621188, 2137467.863967709243298 ], [ 477901.997148681781255, 2137463.3795135775581 ], [ 477885.769552353944164, 2137430.322410331573337 ], [ 477766.039597235736437, 2137175.789790676906705 ], [ 477765.921506932994816, 2137175.544545892160386 ], [ 477732.920302034006454, 2137108.570550948847085 ], [ 477732.485968567722011, 2137107.75364974886179 ], [ 477694.961811096116435, 2137042.142879212275147 ], [ 477694.375817002728581, 2137041.20090393582359 ], [ 477671.121010541217402, 2137006.730190467089415 ], [ 477670.841211645514704, 2137006.329670561477542 ], [ 477660.775627922965214, 2136992.409724259749055 ], [ 477659.802746560249943, 2136991.201226557139307 ], [ 477572.935992470651399, 2136894.044649517163634 ], [ 477571.446823821286671, 2136892.595071252435446 ], [ 477493.592602855525911, 2136826.672793372534215 ], [ 477492.765451869752724, 2136826.020858810748905 ], [ 477325.484924679331016, 2136703.445471168961376 ], [ 477325.373479436268099, 2136703.364592844154686 ], [ 477154.957935214159079, 2136580.880415742751211 ], [ 477049.641504075319972, 2136505.081146160140634 ], [ 476997.688083002110943, 2136467.20101344678551 ], [ 476971.153450514480937, 2136447.854254168923944 ], [ 476971.053712645196356, 2136447.782158728688955 ], [ 476892.671609828888904, 2136391.61182325007394 ], [ 476861.922574600903317, 2136367.543282405007631 ], [ 476851.831590479647275, 2136359.644638622645289 ], [ 476850.164397933578584, 2136358.339680682402104 ], [ 476845.497748538211454, 2136353.951797548215836 ], [ 476845.315009106590878, 2136353.778989747632295 ], [ 476845.284921740589198, 2136353.750616052187979 ], [ 476840.029881070193369, 2136348.808553067035973 ], [ 476837.060232165444177, 2136345.977345528546721 ], [ 476825.358158835966606, 2136334.82145605655387 ], [ 476807.231773285544477, 2136313.014427841641009 ], [ 476793.862314268539194, 2136291.580971679184586 ], [ 476782.431580322270747, 2136272.868634993210435 ], [ 476773.936010586738121, 2136254.815363533329219 ], [ 476766.005227584333625, 2136234.846508628223091 ], [ 476756.197949715424329, 2136207.079845275264233 ], [ 476750.31960969424108, 2136171.228134207893163 ], [ 476748.412666767777409, 2136135.956171480473131 ], [ 476749.135846241842955, 2136106.739945124369115 ], [ 476751.658371247176547, 2136088.073608323000371 ], [ 476754.521186123893131, 2136066.885419171769172 ], [ 476760.190641115244944, 2136040.433793898671865 ], [ 476760.195162158808671, 2136040.412625824566931 ], [ 476765.742099078488536, 2136014.349144216626883 ], [ 476768.299479010805953, 2136002.33365073800087 ], [ 476768.356849561794661, 2136002.050762442406267 ], [ 476775.465716383245308, 2135965.179925191216171 ], [ 476778.267982740246225, 2135950.634522567037493 ], [ 476778.312145508767571, 2135950.394824623595923 ], [ 476782.463042532792315, 2135926.790802667383105 ], [ 476782.483108686865307, 2135926.67399326665327 ], [ 476790.79402722971281, 2135877.121918364427984 ], [ 476815.20167572965147, 2135731.853919186163694 ], [ 476815.201821271446534, 2135731.838409465737641 ], [ 476815.20672240445856, 2135731.823693776037544 ], [ 476818.987653132528067, 2135709.035772202070802 ], [ 476824.346332834742498, 2135678.395071604754776 ], [ 476826.6674470238504, 2135665.099571475759149 ], [ 476834.518659604829736, 2135622.400223343633115 ], [ 476848.87385923898546, 2135558.697527286596596 ], [ 476859.701397419499699, 2135523.63982020644471 ], [ 476870.827726906223688, 2135490.042410510126501 ], [ 476889.513749177800491, 2135445.391825552098453 ], [ 476909.848727179982234, 2135400.530328860040754 ], [ 476917.588407234521583, 2135385.571981097105891 ], [ 476936.729382261866704, 2135350.929487514775246 ], [ 476961.698784550826531, 2135311.208962010685354 ], [ 476985.338086003379431, 2135278.243794095702469 ], [ 477004.835024062369484, 2135251.181122677866369 ], [ 477018.41048487421358, 2135233.792495978996158 ], [ 477018.766912633611355, 2135233.31681442540139 ], [ 477085.970656856603455, 2135139.823519817553461 ], [ 477125.388786506606266, 2135088.796917940489948 ], [ 477131.04404285363853, 2135081.476301900111139 ], [ 477192.660835409595165, 2135018.283933818805963 ], [ 477227.641761151258834, 2134988.377580671105534 ], [ 477258.462515949213412, 2134964.389448746107519 ], [ 477273.272163695539348, 2134953.561611319426447 ], [ 477323.719457580999006, 2134921.532557459082454 ], [ 477378.007666313438676, 2134893.293997591827065 ], [ 477434.059581095643807, 2134870.219040307216346 ], [ 477483.779390848358162, 2134852.846941927913576 ], [ 477543.728584253170993, 2134839.094008073210716 ], [ 477594.22214922279818, 2134827.510143672116101 ], [ 477780.587694473331794, 2134793.078420180361718 ], [ 477780.664757359772921, 2134793.063974146731198 ], [ 477937.92325834534131, 2134763.159004097804427 ], [ 478012.82054085645359, 2134749.332646121736616 ], [ 478012.971517998201307, 2134749.303974590729922 ], [ 478100.989437053969596, 2134732.12121056811884 ], [ 478387.176850880903658, 2134678.613988337107003 ], [ 478391.598231061419938, 2134677.040468408260494 ], [ 478395.316969094157685, 2134674.177680412307382 ], [ 478397.969048990402371, 2134670.305853983853012 ], [ 478399.294866691925563, 2134665.803990470711142 ], [ 478399.164641924435273, 2134661.112763640005141 ], [ 478397.591121995588765, 2134656.691383459605277 ], [ 478394.728333999402821, 2134652.97264542710036 ], [ 478390.856507571064867, 2134650.320565530564636 ], [ 478386.35464405809762, 2134648.994747829157859 ], [ 478381.663417227391619, 2134649.124972596764565 ], [ 478095.417301793640945, 2134702.643170013092458 ], [ 478095.299987867940217, 2134702.665587432682514 ], [ 478007.298871637904085, 2134719.845071225892752 ], [ 477932.437534013180993, 2134733.664793622214347 ], [ 477932.358339652884752, 2134733.67963329423219 ], [ 477775.09877398685785, 2134763.584805807564408 ], [ 477588.455948223127052, 2134798.067757899407297 ], [ 477587.827073664055206, 2134798.197925015818328 ], [ 477537.020504739019088, 2134809.853596495464444 ], [ 477476.26179109729128, 2134823.792242244817317 ], [ 477474.668125203053933, 2134824.251929809805006 ], [ 477423.779040991910733, 2134842.032572610769421 ], [ 477423.016589024278801, 2134842.322467181831598 ], [ 477365.968918479222339, 2134865.80734840547666 ], [ 477364.757088218641002, 2134866.370596746448427 ], [ 477309.302668656862807, 2134895.215772950556129 ], [ 477308.184688850888051, 2134895.859849961940199 ], [ 477256.776576125295833, 2134928.498928979504853 ], [ 477255.963395811268128, 2134929.053469617385417 ], [ 477240.574262472509872, 2134940.304988679941744 ], [ 477240.214349244255573, 2134940.576527022290975 ], [ 477208.943517951003741, 2134964.914958426263183 ], [ 477208.409219922905322, 2134965.350893994327635 ], [ 477172.648923047818244, 2134995.923557362519205 ], [ 477171.656619973888155, 2134996.852974774781615 ], [ 477108.961846458027139, 2135061.150888386648148 ], [ 477107.830971813760698, 2135062.452654378022999 ], [ 477101.647702163201757, 2135070.456773061305285 ], [ 477062.071271667839028, 2135121.688294711522758 ], [ 477061.761948129453231, 2135122.103321630507708 ], [ 476994.580623610119801, 2135215.565426131244749 ], [ 476981.010116143967025, 2135232.947708155959845 ], [ 476980.663087979657575, 2135233.41032785968855 ], [ 476960.987448976607993, 2135260.721044632606208 ], [ 476960.968185192963574, 2135260.747845797333866 ], [ 476937.052983262576163, 2135294.097758820280433 ], [ 476936.543513039825484, 2135294.855946662835777 ], [ 476911.105658417975064, 2135335.32167113525793 ], [ 476910.675693289551418, 2135336.050494044087827 ], [ 476891.230992084485479, 2135371.242689621634781 ], [ 476891.03786812647013, 2135371.603774317540228 ], [ 476883.025167356187012, 2135387.089784565847367 ], [ 476882.685501318774186, 2135387.790205102413893 ], [ 476862.099255741515663, 2135433.20602939138189 ], [ 476861.924082172627095, 2135433.608008131850511 ], [ 476842.931665143521968, 2135478.990728851873428 ], [ 476842.529343373433221, 2135480.065867082215846 ], [ 476831.174705550190993, 2135514.352683714125305 ], [ 476831.082167798420414, 2135514.641889937222004 ], [ 476820.037303989636712, 2135550.403260037768632 ], [ 476819.736262687423732, 2135551.532176280394197 ], [ 476805.186906941467896, 2135616.096460339613259 ], [ 476805.067278697737493, 2135616.681368127465248 ], [ 476797.149861175159458, 2135659.740776291582733 ], [ 476797.126035731344018, 2135659.873714703600854 ], [ 476794.794468075502664, 2135673.229096933733672 ], [ 476789.424913533497602, 2135703.931979398243129 ], [ 476789.402951369178481, 2135704.060865654144436 ], [ 476785.61382831184892, 2135726.898162942845374 ], [ 476761.208359404641669, 2135872.153189749922603 ] ] ] ] } },
{ "type": "Feature", "properties": { "CVEGEO": "090080001", "CVE_ENT": "09", "CVE_MUN": "008", "CVE_LOC": "0001", "CVEVIAL": "02771", "CVESEG": "00002", "NOMVIAL": "Boulevard Adolfo López Mateos", "TIPOVIAL": "Periférico", "SENTIDO": "Dos sentidos", "TIPOSEN": 2, "AMBITO": "Urbana", "MINUTES": 4.7246080836199997, "LENGTH": 8.9034719925608634, "VELOCIDAD": 3.0, "T_VIAL2024": null, "NOMENCLATU": null, "NOTA2024": null, "NombreMate": null, "ID": null }, "geometry": { "type": "MultiPolygon", "coordinates": [ [ [ [ 477880.321818260126747, 2137487.299823823850602 ], [ 477883.213542341720313, 2137493.48828482395038 ], [ 477898.898828778648749, 2137527.053321536164731 ], [ 477903.194355989864562, 2137536.247263903729618 ], [ 477903.21567348804092, 2137536.292692561168224 ], [ 477925.764060619752854, 2137584.136173174250871 ], [ 477971.628815211239271, 2137681.452244902495295 ], [ 477971.967115566483699, 2137682.125647793523967 ], [ 477994.870271929714363, 2137724.995657210238278 ], [ 477995.568350523419213, 2137726.170248728711158 ], [ 478021.395501450926531, 2137765.437258018180728 ], [ 478021.433943751093466, 2137765.495410041883588 ], [ 478041.626587701030076, 2137795.887260233983397 ], [ 478041.708467985677999, 2137796.009198408108205 ], [ 478073.276284682971891, 2137842.527052881661803 ], [ 478073.606066614098381, 2137842.993635500781238 ], [ 478093.418430916033685, 2137869.921468389686197 ], [ 478093.870439412712585, 2137870.50515803322196 ], [ 478118.977916165604256, 2137901.329225175082684 ], [ 478119.796399592363741, 2137902.253606347367167 ], [ 478144.310568094137125, 2137927.743938324972987 ], [ 478145.232557937968522, 2137928.624478804878891 ], [ 478199.197993148874957, 2137975.945999718736857 ], [ 478255.414164150133729, 2138028.738117180299014 ], [ 478255.582898299850058, 2138028.894158627372235 ], [ 478269.800608581106644, 2138041.841714608948678 ], [ 478283.086937450745609, 2138053.986051379237324 ], [ 478283.523346562113147, 2138054.369702210649848 ], [ 478357.887911300116684, 2138117.232967560179532 ], [ 478380.650830811471678, 2138136.902087109629065 ], [ 478414.878157205530442, 2138166.883378828410059 ], [ 478444.968749143998139, 2138193.576591569464654 ], [ 478444.987999129516538, 2138193.593638673890382 ], [ 478498.20569539925782, 2138240.640021002385765 ], [ 478520.375401254335884, 2138266.187146304175258 ], [ 478542.393540490709711, 2138291.564711863640696 ], [ 478551.454903525707778, 2138304.395910848397762 ], [ 478551.621021923609078, 2138304.626473792362958 ], [ 478570.463542865531053, 2138330.263266819063574 ], [ 478588.596962916315533, 2138361.060412860475481 ], [ 478614.143124909664039, 2138407.892550453078002 ], [ 478620.685568922956008, 2138424.616793188266456 ], [ 478646.461868251964916, 2138490.542529040947556 ], [ 478655.719200418505352, 2138516.869897435419261 ], [ 478671.065329226199538, 2138560.999262969009578 ], [ 478677.671994336124044, 2138588.307782267220318 ], [ 478683.903085150406696, 2138615.844752619042993 ], [ 478686.513553737604525, 2138633.141521175857633 ], [ 478703.837580530031119, 2138826.687932909931988 ], [ 478710.007073513988871, 2138912.548644400667399 ], [ 478710.056064673641231, 2138913.092016294598579 ], [ 478713.932147734623868, 2138948.806990750133991 ], [ 478720.55196339043323, 2139022.92714297445491 ], [ 478720.770505657419562, 2139024.467327490448952 ], [ 478723.162400188157335, 2139036.717388551216573 ], [ 478726.430344636959489, 2139055.447951927315444 ], [ 478726.460914431780111, 2139055.617415133863688 ], [ 478731.035316596389748, 2139080.168090320192277 ], [ 478731.092538630298804, 2139080.459183416794986 ], [ 478737.696449430426583, 2139112.382515869103372 ], [ 478765.321273812500294, 2139245.920129526872188 ], [ 478765.62336328352103, 2139247.126098800450563 ], [ 478766.957872311642859, 2139251.649288949090987 ], [ 478766.993796937400475, 2139251.769206089898944 ], [ 478767.885569368780125, 2139254.701397549360991 ], [ 478769.994947724568192, 2139262.603399609681219 ], [ 478774.259329036867712, 2139278.918561972212046 ], [ 478774.571004174125846, 2139279.956259663682431 ], [ 478775.768596354697365, 2139283.47667213762179 ], [ 478823.993248647893779, 2139425.560779125895351 ], [ 478824.19972461706493, 2139426.130977329798043 ], [ 478834.113270487287082, 2139451.87035523308441 ], [ 478834.12292958132457, 2139451.895367282442749 ], [ 478837.452430356061086, 2139460.494173226878047 ], [ 478843.384291160735302, 2139476.113206697627902 ], [ 478843.39095447777072, 2139476.130718749482185 ], [ 478845.339524860028177, 2139481.242204474285245 ], [ 478845.549698549730238, 2139481.793473925907165 ], [ 478848.373728950798977, 2139490.046981474850327 ], [ 478848.388940028147772, 2139490.09121209057048 ], [ 478848.75932837324217, 2139491.162788034416735 ], [ 478848.856227451062296, 2139491.638852878473699 ], [ 478848.86112566414522, 2139491.662817791104317 ], [ 478849.659017659490928, 2139495.550411570351571 ], [ 478849.802240958204493, 2139496.126176577992737 ], [ 478852.594620790740009, 2139509.816826664377004 ], [ 478852.601502905075904, 2139509.850373110733926 ], [ 478860.979607837682124, 2139550.453447485342622 ], [ 478860.992254234093707, 2139550.514102880377322 ], [ 478869.83137652464211, 2139592.474911147728562 ], [ 478884.417422577098478, 2139662.317966242320836 ], [ 478884.422196582716424, 2139662.340737574268132 ], [ 478901.785616886278149, 2139744.843133257701993 ], [ 478901.801358034019358, 2139744.917004093993455 ], [ 478919.298528165731113, 2139826.02623458718881 ], [ 478919.327734577178489, 2139826.158713606651872 ], [ 478945.827009860251565, 2139943.824899070430547 ], [ 478946.383533207175788, 2139945.709949833340943 ], [ 478972.232121754670516, 2140015.946696346625686 ], [ 478986.633380812883843, 2140056.486186590977013 ], [ 479002.230830324755516, 2140100.417136405128986 ], [ 479003.757710357720498, 2140103.523841036483645 ], [ 479056.685521536681335, 2140185.654376612044871 ], [ 479056.994678700924851, 2140186.115163275506347 ], [ 479086.306059286231175, 2140228.102672780863941 ], [ 479088.680078835459426, 2140231.508817375637591 ], [ 479096.763715065608267, 2140243.135590170510113 ], [ 479096.87123212555889, 2140243.288198073860258 ], [ 479097.68613670533523, 2140244.429706604219973 ], [ 479099.776989669131581, 2140246.788533369079232 ], [ 479104.439625218685251, 2140251.048369474243373 ], [ 479113.20846201205859, 2140259.099191972985864 ], [ 479113.255607586179394, 2140259.142292506527156 ], [ 479114.320408980187494, 2140260.111581030767411 ], [ 479122.435975147178397, 2140267.563724118284881 ], [ 479125.227212692261674, 2140270.135390614625067 ], [ 479128.138172743201721, 2140272.827140848152339 ], [ 479128.633400781895034, 2140273.25262418249622 ], [ 479129.468747089384124, 2140274.038759673014283 ], [ 479130.964471890416462, 2140275.274113261606544 ], [ 479171.478707242989913, 2140304.543939704541117 ], [ 479173.644644076586701, 2140305.846093697007746 ], [ 479226.821045794524252, 2140331.991108932066709 ], [ 479228.121643247373868, 2140332.555888258386403 ], [ 479424.355797226948198, 2140406.955814698245376 ], [ 479440.946553100307938, 2140414.637384082656354 ], [ 479467.364851685706526, 2140429.946463150903583 ], [ 479515.063404824119061, 2140467.031023004092276 ], [ 479620.689537610043772, 2140561.319547736551613 ], [ 479697.723862189857755, 2140630.74610351305455 ], [ 479754.632664451550227, 2140682.43734868708998 ], [ 479754.915448429528624, 2140682.687781030312181 ], [ 479769.365536424331367, 2140695.163637695368379 ], [ 479812.520671288075391, 2140741.54170763771981 ], [ 479820.762853484600782, 2140752.040084946900606 ], [ 479852.853014054417145, 2140802.770899656228721 ], [ 479876.255296441086102, 2140849.018358305562288 ], [ 479888.354026750836056, 2140878.147619006223977 ], [ 479891.317546692269389, 2140889.147142850328237 ], [ 479891.365681473165751, 2140889.321605031378567 ], [ 479899.137661877204664, 2140916.842132134828717 ], [ 479907.177734196186066, 2140956.723529478069395 ], [ 479909.697700020857155, 2140979.579103062395006 ], [ 479914.02202216850128, 2141029.732761149760336 ], [ 479914.24001360416878, 2141032.592739244457334 ], [ 479914.247877521964256, 2141032.691597851458937 ], [ 479914.49991335318191, 2141035.73276775656268 ], [ 479914.503274641581811, 2141035.772679023910314 ], [ 479916.572752311942168, 2141059.959064680151641 ], [ 479916.610618481819984, 2141060.343321395572275 ], [ 479933.214689654298127, 2141209.182530705351382 ], [ 479944.83424750372069, 2141321.38339358754456 ], [ 479949.79438236966962, 2141385.600649407599121 ], [ 479952.278918756113853, 2141423.429799918550998 ], [ 479951.401190546515863, 2141432.713822662364691 ], [ 479949.757205227506347, 2141443.627610047347844 ], [ 479948.103852873493452, 2141453.543869848363101 ], [ 479943.754970720910933, 2141471.304306976962835 ], [ 479937.787510936846957, 2141487.571166448295116 ], [ 479927.99498588219285, 2141505.835949465632439 ], [ 479927.947547969291918, 2141505.925149573478848 ], [ 479905.437027601234149, 2141548.598951769527048 ], [ 479905.336975721875206, 2141548.792000552639365 ], [ 479883.088931412552483, 2141592.491704115178436 ], [ 479872.944898154819384, 2141610.93611665815115 ], [ 479872.152529012702871, 2141612.615310078021139 ], [ 479862.230852685810532, 2141637.530877695884556 ], [ 479861.902363192581106, 2141638.439975371118635 ], [ 479858.410882404015865, 2141649.17279559513554 ], [ 479858.250199140282348, 2141649.69939933065325 ], [ 479851.230909089266788, 2141674.313071277458221 ], [ 479850.974219039489981, 2141675.352503614034504 ], [ 479847.220961455197539, 2141693.27687136689201 ], [ 479847.055803374445532, 2141694.212395430542529 ], [ 479843.573977154796012, 2141718.382891116663814 ], [ 479843.449664716084953, 2141719.590275478549302 ], [ 479841.664771344629116, 2141748.282292841468006 ], [ 479841.636387350969017, 2141749.084419624879956 ], [ 479841.407523608533666, 2141775.653580067213625 ], [ 479841.460823167522904, 2141777.052736393176019 ], [ 479843.165525723597966, 2141797.11547378404066 ], [ 479843.195694463327527, 2141797.430980730336159 ], [ 479849.447419048054144, 2141856.247086530551314 ], [ 479849.451201350078918, 2141856.282275341451168 ], [ 479859.362315994454548, 2141947.478143627289683 ], [ 479860.014833689201623, 2141962.039465311914682 ], [ 479858.571312771411613, 2141984.217244524043053 ], [ 479856.386116259731352, 2141996.708143711555749 ], [ 479851.847125996719114, 2142013.535531441215426 ], [ 479841.536169019702356, 2142040.940831193700433 ], [ 479832.147908533515874, 2142064.063947673887014 ], [ 479823.074354003998451, 2142084.331249268259853 ], [ 479822.469149202632252, 2142085.918467565905303 ], [ 479812.473217286984436, 2142117.380451346281916 ], [ 479811.91551691055065, 2142119.831250953022391 ], [ 479810.391275449132081, 2142130.657788470387459 ], [ 479808.282150915882085, 2142144.807941592764109 ], [ 479808.133015693863854, 2142146.353926973883063 ], [ 479807.74372070323443, 2142155.121341872029006 ], [ 479807.736329187930096, 2142156.256990358699113 ], [ 479808.411411386565305, 2142177.779356516432017 ], [ 479808.512117413862143, 2142179.106505845673382 ], [ 479817.18843667965848, 2142250.991391605697572 ], [ 479817.213585231918842, 2142251.079780721571296 ], [ 479817.211301850678865, 2142251.171649495605379 ], [ 479844.798696745652705, 2142458.586262081749737 ], [ 479846.658980883832555, 2142474.071755971293896 ], [ 479861.096855385927483, 2142600.809095953591168 ], [ 479862.336231923662126, 2142627.911118624731898 ], [ 479861.887117820326239, 2142650.856625008862466 ], [ 479860.947747713886201, 2142669.893788479268551 ], [ 479855.212846865702886, 2142751.139216150157154 ], [ 479855.20939727127552, 2142751.189278080128133 ], [ 479854.202132150996476, 2142766.172522435430437 ], [ 479848.800891407765448, 2142844.049047142267227 ], [ 479848.76506786653772, 2142845.147946355398744 ], [ 479849.091429795371369, 2142925.340539707336575 ], [ 479849.215699593711179, 2142977.688759880140424 ], [ 479849.216884251800366, 2142977.845000808592886 ], [ 479849.935142212256324, 2143033.998350282199681 ], [ 479850.188421072904021, 2143066.568798613734543 ], [ 479850.18907144467812, 2143066.634133408777416 ], [ 479851.594625578785781, 2143182.483030158560723 ], [ 479851.74919316865271, 2143184.456491272430867 ], [ 479855.507804254710209, 2143210.341750503983349 ], [ 479855.665516946231946, 2143211.236446702852845 ], [ 479857.038988978427369, 2143217.849814594723284 ], [ 479857.069689456489868, 2143217.994073690380901 ], [ 479858.404788854648359, 2143224.119527005590498 ], [ 479859.083972952503245, 2143226.37040589377284 ], [ 479888.669983154628426, 2143302.310733509715647 ], [ 479888.749154485878535, 2143302.509735779836774 ], [ 479896.167211640102323, 2143320.774776629637927 ], [ 479903.75471936276881, 2143339.456008941400796 ], [ 479904.053276389138773, 2143340.189865326974541 ], [ 479930.194947286567185, 2143404.556727951858193 ], [ 479947.33442092576297, 2143446.75856215134263 ], [ 479947.385417658020742, 2143446.882537410594523 ], [ 479992.791684829920996, 2143555.880176758393645 ], [ 479999.086815004760865, 2143574.515686399769038 ], [ 480017.153887142136227, 2143647.355254207272083 ], [ 480017.172830844763666, 2143647.430788359139115 ], [ 480036.058053303044289, 2143721.911847901530564 ], [ 480051.697905280860141, 2143784.341882240027189 ], [ 480051.72295385011239, 2143784.440450551919639 ], [ 480054.843358009762596, 2143796.547426277771592 ], [ 480070.761835541867185, 2143859.319362681359053 ], [ 480087.775283242342994, 2143928.57481233170256 ], [ 480087.785875523230061, 2143928.617657423019409 ], [ 480090.597062026092317, 2143939.917347379494458 ], [ 480106.862698805343825, 2144006.049444808159024 ], [ 480106.88015548849944, 2144006.119688248727471 ], [ 480136.178549072879832, 2144122.809100213926286 ], [ 480159.556006668019108, 2144218.551661579404026 ], [ 480159.737731462053489, 2144219.227154700085521 ], [ 480170.649097652931232, 2144256.316085326950997 ], [ 480170.770859454176389, 2144256.709899174515158 ], [ 480202.001029803417623, 2144353.008477931842208 ], [ 480206.126819280674681, 2144373.930097465869039 ], [ 480206.734440468600951, 2144393.769491552375257 ], [ 480205.958118328708224, 2144412.464340911246836 ], [ 480204.012623787624761, 2144422.567304753232747 ], [ 480201.984836264455225, 2144432.647245693486184 ], [ 480198.460991533589549, 2144443.579811457544565 ], [ 480186.353231336572208, 2144474.869793130084872 ], [ 480174.823972721293103, 2144503.54579178057611 ], [ 480174.585059206467122, 2144504.181205084081739 ], [ 480171.857463034044486, 2144511.965857525356114 ], [ 480135.472702668223064, 2144604.968846431467682 ], [ 480131.273237863730174, 2144615.558130512479693 ], [ 480114.213937894732226, 2144658.569709093309939 ], [ 480080.079649351246189, 2144744.795140319503844 ], [ 480079.990830323018599, 2144745.025002266746014 ], [ 480049.410088140692096, 2144826.143057594075799 ], [ 480049.357162523607258, 2144826.28563289437443 ], [ 480044.569797957548872, 2144839.385388274677098 ], [ 480017.860129515174776, 2144906.575553138274699 ], [ 480017.848475025035441, 2144906.604961172677577 ], [ 479998.596223801956512, 2144955.33455021539703 ], [ 479986.792401680839248, 2144984.531039170455188 ], [ 479972.861017426883336, 2145016.66334751714021 ], [ 479951.880170287331566, 2145050.992567009292543 ], [ 479951.390646380430553, 2145051.793450960889459 ], [ 479917.504902104556095, 2145101.905986012425274 ], [ 479905.268228355853353, 2145117.585811239201576 ], [ 479884.701402376173064, 2145135.470635579898953 ], [ 479843.461873108637519, 2145167.330537548754364 ], [ 479842.071064535761252, 2145168.549036118667573 ], [ 479827.693061775178649, 2145182.804887804668397 ], [ 479826.653140981623437, 2145183.948083559982479 ], [ 479816.027467737381812, 2145196.9122320022434 ], [ 479815.320807421056088, 2145197.774174392223358 ], [ 479813.916498743172269, 2145199.808287593536079 ], [ 479804.305962582933716, 2145216.525393165647984 ], [ 479803.104354288370814, 2145219.18528638780117 ], [ 479795.685737522027921, 2145241.067508723586798 ], [ 479795.660353093990125, 2145241.143042776733637 ], [ 479793.317387587041594, 2145248.176599714439362 ], [ 479792.616962161904667, 2145251.486524200998247 ], [ 479789.856184633506928, 2145280.300348953343928 ], [ 479789.855756734963506, 2145283.157202072441578 ], [ 479797.607667172793299, 2145364.318809625692666 ], [ 479800.069163207372185, 2145390.904335481580347 ], [ 479800.087228421121836, 2145391.087236681953073 ], [ 479805.504898701270577, 2145442.703592241741717 ], [ 479806.651490573247429, 2145457.440289350692183 ], [ 479805.173547626880463, 2145509.541811105795205 ], [ 479805.088817515817937, 2145512.52592713618651 ], [ 479805.691114971530624, 2145517.180151608772576 ], [ 479807.702168349234853, 2145521.420461972709745 ], [ 479810.925121732463595, 2145524.831787104718387 ], [ 479815.044489988475107, 2145527.080202733166516 ], [ 479819.657040650956333, 2145527.945618270896375 ], [ 479824.311265123658814, 2145527.343320815358311 ], [ 479828.551575487188529, 2145525.332267437595874 ], [ 479831.962900619255379, 2145522.109314054250717 ], [ 479834.211316247819923, 2145517.989945798180997 ], [ 479835.076731785491575, 2145513.377395135816187 ], [ 479835.161467678495683, 2145510.393075470346957 ], [ 479836.66199306078488, 2145457.495461423881352 ], [ 479836.62282711872831, 2145455.906571910250932 ], [ 479835.398836618638597, 2145440.175100490450859 ], [ 479835.362085333676077, 2145439.772858350537717 ], [ 479829.932924165739678, 2145388.047024414408952 ], [ 479827.477896245603915, 2145361.531357790809125 ], [ 479827.473825066932477, 2145361.488070281222463 ], [ 479819.856281556596514, 2145281.733268950134516 ], [ 479822.317819715593942, 2145256.04256102303043 ], [ 479824.110145490558352, 2145250.662018564529717 ], [ 479831.045173477847129, 2145230.206207312643528 ], [ 479839.306878389383201, 2145215.835334458854049 ], [ 479849.36502308229683, 2145203.563615240156651 ], [ 479862.535799832257908, 2145190.504733345005661 ], [ 479903.386509293224663, 2145158.94521698076278 ], [ 479904.058937135501765, 2145158.393877943977714 ], [ 479926.045976695779245, 2145139.274041917640716 ], [ 479928.028289034846239, 2145137.183612491935492 ], [ 479941.469686818076298, 2145119.960078354459256 ], [ 479942.070348893816117, 2145119.133869825862348 ], [ 479976.435355644673109, 2145068.312568946741521 ], [ 479976.808056960289832, 2145067.733148592058569 ], [ 479977.477459008048754, 2145066.637975609395653 ], [ 479999.005290749308188, 2145031.413770625367761 ], [ 479999.968555413710419, 2145029.558284264523536 ], [ 480007.701281563844532, 2145011.722989760804921 ], [ 480009.257494739431422, 2145016.792608295101672 ], [ 480011.551560016756412, 2145021.329768758267164 ], [ 480023.530581880011596, 2145037.471873003523797 ], [ 480025.435059161565732, 2145039.585462035611272 ], [ 480035.331851324590389, 2145048.666071361396462 ], [ 480042.657877011806704, 2145060.051187803503126 ], [ 480045.783507059968542, 2145063.551902654580772 ], [ 480049.837938266282436, 2145065.915407522581518 ], [ 480054.424294655385893, 2145066.910346083343029 ], [ 480059.093631708878092, 2145066.439326818101108 ], [ 480063.38888218277134, 2145064.548456374555826 ], [ 480066.889597033907194, 2145061.422826326452196 ], [ 480069.253101901791524, 2145057.368395119905472 ], [ 480070.248040462378412, 2145052.782038731034845 ], [ 480069.777021197252907, 2145048.112701677717268 ], [ 480067.88615075382404, 2145043.817451203707606 ], [ 480059.512954007834196, 2145030.804963394533843 ], [ 480057.039873962698039, 2145027.869276946410537 ], [ 480046.770086195319891, 2145018.446432752069086 ], [ 480037.179763597261626, 2145005.523175003007054 ], [ 480034.535434490826447, 2144996.908841144293547 ], [ 480028.065242503245827, 2144962.389975563623011 ], [ 480045.744016447977629, 2144917.643032511696219 ], [ 480072.525405164458789, 2144850.272449944633991 ], [ 480072.675039521534927, 2144849.880124229006469 ], [ 480077.508373996941373, 2144836.65458052419126 ], [ 480108.018826563609764, 2144755.722974462900311 ], [ 480142.102400815056171, 2144669.625642318744212 ], [ 480159.160017755755689, 2144626.618307153694332 ], [ 480163.372617889021058, 2144615.995901327580214 ], [ 480163.398104154330213, 2144615.931198407430202 ], [ 480199.893643465067726, 2144522.645047735888511 ], [ 480200.080800403666217, 2144522.140126267448068 ], [ 480202.785176910576411, 2144514.42174354288727 ], [ 480214.224342851492111, 2144485.969826725777239 ], [ 480214.296261888346635, 2144485.787514801137149 ], [ 480226.594780714134686, 2144454.004557226784527 ], [ 480226.88227661489509, 2144453.193134105764329 ], [ 480230.799167802499142, 2144441.041159836575389 ], [ 480231.227865107299294, 2144439.397709434386343 ], [ 480233.435656291432679, 2144428.422987235710025 ], [ 480233.459654525271617, 2144428.301085337996483 ], [ 480235.628222015628126, 2144417.03970244480297 ], [ 480235.885916943661869, 2144414.825665967538953 ], [ 480236.731059423007537, 2144394.47353310091421 ], [ 480236.736945625278167, 2144393.391989868599921 ], [ 480236.07500079786405, 2144371.778878680896014 ], [ 480235.798605879303068, 2144369.335927410982549 ], [ 480231.261444118514191, 2144346.328264841809869 ], [ 480230.813289789308328, 2144344.603076850995421 ], [ 480199.371287356421817, 2144247.651311499997973 ], [ 480188.616836040397175, 2144211.09575174562633 ], [ 480165.310780423635151, 2144115.645617743954062 ], [ 480165.287305733421817, 2144115.550817342009395 ], [ 480135.985833571583498, 2143998.849144042935222 ], [ 480119.72406736575067, 2143932.732783418148756 ], [ 480119.714469619502779, 2143932.693984283600003 ], [ 480116.903786060633138, 2143921.396315932739526 ], [ 480099.882246316701639, 2143852.107926568482071 ], [ 480099.855127493967302, 2143851.999287689104676 ], [ 480083.915717082214542, 2143789.14480586675927 ], [ 480083.901265701279044, 2143789.08828077884391 ], [ 480080.786272243130952, 2143777.002298241481185 ], [ 480065.153568993380759, 2143714.600799680687487 ], [ 480065.143092646670993, 2143714.559233008883893 ], [ 480046.262172211427242, 2143640.095140130724758 ], [ 480028.055184056167491, 2143566.691484119277447 ], [ 480027.707433826290071, 2143565.502100815065205 ], [ 480021.048279587936122, 2143545.788968669250607 ], [ 480020.683778854145203, 2143544.82130163628608 ], [ 479975.104349971632473, 2143435.40798800252378 ], [ 479957.990077390393708, 2143393.268205351196229 ], [ 479931.846684541320428, 2143328.897102880757302 ], [ 479931.547973602253478, 2143328.162867751438171 ], [ 479923.962279734376352, 2143309.486101345624775 ], [ 479916.584570361941587, 2143291.320406438782811 ], [ 479887.465500922931824, 2143216.578605906572193 ], [ 479886.397225017426535, 2143211.677342228591442 ], [ 479885.131158217729535, 2143205.581138355191797 ], [ 479881.580384142929688, 2143181.127236290369183 ], [ 479880.18726000393508, 2143066.302847375627607 ], [ 479879.933942753123119, 2143033.727462255395949 ], [ 479879.933169344789349, 2143033.652254388667643 ], [ 479879.215429604519159, 2142977.539419326931238 ], [ 479879.091315071738791, 2142925.256604228634387 ], [ 479879.091233118786477, 2142925.231167337857187 ], [ 479878.767058212542906, 2142845.575962073169649 ], [ 479884.131337003142107, 2142768.232364624273032 ], [ 479884.133504103403538, 2142768.20063139917329 ], [ 479885.140153023879975, 2142753.226553123444319 ], [ 479890.88446544308681, 2142671.847793223802 ], [ 479890.903467737138271, 2142671.53087150445208 ], [ 479891.861653097847011, 2142652.112400316167623 ], [ 479891.877008593699429, 2142651.666679403744638 ], [ 479892.340069892641623, 2142628.008602509275079 ], [ 479892.32728264038451, 2142627.029828159604222 ], [ 479891.042320771317463, 2142598.930969865527004 ], [ 479890.961585057259072, 2142597.918390777893364 ], [ 479876.460988610167988, 2142470.630470274481922 ], [ 479876.45030612492701, 2142470.539185781497508 ], [ 479874.57320494070882, 2142454.913702382706106 ], [ 479874.549338148790412, 2142454.725126354955137 ], [ 479846.961390918877441, 2142247.30636106338352 ], [ 479838.375780185859185, 2142176.173012021929026 ], [ 479837.739397243945859, 2142155.884420915972441 ], [ 479838.068991203268524, 2142148.461548649705946 ], [ 479840.072426101309247, 2142135.02046912536025 ], [ 479840.089841939043254, 2142134.900291856378317 ], [ 479841.446726320136804, 2142125.262475256808102 ], [ 479850.80318587180227, 2142095.813217184972018 ], [ 479859.637187858344987, 2142076.080996260046959 ], [ 479859.844729708216619, 2142075.594603828154504 ], [ 479869.405330143054016, 2142052.047017158940434 ], [ 479869.546386065485422, 2142051.686306960880756 ], [ 479880.180308251874521, 2142023.422604016959667 ], [ 479880.62348980497336, 2142022.046953578479588 ], [ 479885.527347902476322, 2142003.866892199963331 ], [ 479885.82055792742176, 2142002.545326703693718 ], [ 479888.26248298631981, 2141988.586930023971945 ], [ 479888.455209867970552, 2141986.976308571640402 ], [ 479890.00501765817171, 2141963.165572911966592 ], [ 479890.021652988449205, 2141961.519803531933576 ], [ 479889.310921738506295, 2141945.659411629661918 ], [ 479889.23815270018531, 2141944.710264796391129 ], [ 479879.277499133779202, 2141853.058570383116603 ], [ 479873.04439604957588, 2141794.41765530500561 ], [ 479871.412447497656103, 2141775.211163759231567 ], [ 479871.631816440727562, 2141749.744269868824631 ], [ 479873.354072324640583, 2141722.059145079459995 ], [ 479876.681538298144005, 2141698.96020306320861 ], [ 479880.227611837151926, 2141682.025280595291406 ], [ 479887.024488502182066, 2141658.191518024075776 ], [ 479890.281203420250677, 2141648.180368642322719 ], [ 479899.679860873555299, 2141624.578219410963356 ], [ 479909.491009540564846, 2141606.739075064659119 ], [ 479909.714985108410474, 2141606.315978889353573 ], [ 479932.022314685629681, 2141562.499826950952411 ], [ 479954.458540729188826, 2141519.966866514645517 ], [ 479964.726062875241041, 2141500.816130307968706 ], [ 479965.588540650089271, 2141498.894478466361761 ], [ 479972.207830564933829, 2141480.850777672138065 ], [ 479972.695085722778458, 2141479.252267703413963 ], [ 479977.376719735038932, 2141460.132902400568128 ], [ 479977.602897348406259, 2141459.032262995373458 ], [ 479979.368080138985533, 2141448.445281276013702 ], [ 479979.404990063107107, 2141448.212664401624352 ], [ 479981.128253350965679, 2141436.772581017110497 ], [ 479981.228999954357278, 2141435.95011194050312 ], [ 479982.258816756540909, 2141425.057397648692131 ], [ 479982.293159293709323, 2141422.662516762968153 ], [ 479979.724233117478434, 2141383.548460916616023 ], [ 479979.711934852297418, 2141383.376352475956082 ], [ 479974.730076985491905, 2141318.877856016159058 ], [ 479974.694828490319196, 2141318.487872552592307 ], [ 479963.048993636213709, 2141206.033273458015174 ], [ 479963.036312777490821, 2141205.915374511387199 ], [ 479946.447074265219271, 2141057.209125448949635 ], [ 479944.395763954089489, 2141033.23506523296237 ], [ 479944.149477483588271, 2141030.263269522693008 ], [ 479943.92959183518542, 2141027.378439961001277 ], [ 479943.917528511374258, 2141027.22991234716028 ], [ 479939.571469013695605, 2140976.824143620673567 ], [ 479939.536566022841725, 2140976.468805474694818 ], [ 479936.923733725387137, 2140952.770952014252543 ], [ 479936.718253442202695, 2140951.450477299746126 ], [ 479928.432847381511237, 2140910.352144082076848 ], [ 479928.164081776689272, 2140909.239843895658851 ], [ 479920.261083146673627, 2140881.255382189992815 ], [ 479917.066140055190772, 2140869.396898559294641 ], [ 479916.43524008145323, 2140867.545448633376509 ], [ 479903.745319364359602, 2140836.992820433806628 ], [ 479903.276688120735344, 2140835.973845546599478 ], [ 479879.297183547576424, 2140788.585683663375676 ], [ 479878.589905441913288, 2140787.339539552573115 ], [ 479845.708736158441752, 2140735.358231988735497 ], [ 479844.83035301126074, 2140734.114216849673539 ], [ 479835.728874051128514, 2140722.521320949308574 ], [ 479834.911823839996941, 2140721.565920477267355 ], [ 479790.769807838776615, 2140674.127266607712954 ], [ 479789.591115330928005, 2140672.991635052487254 ], [ 479774.663624372740742, 2140660.103600209578872 ], [ 479717.873038321791682, 2140608.519732855726033 ], [ 479717.829764181922656, 2140608.480579569004476 ], [ 479640.747277759539429, 2140539.010618325322866 ], [ 479640.694191038957797, 2140538.963002552744001 ], [ 479534.661460279894527, 2140444.311522914562374 ], [ 479533.879328240233008, 2140443.659662581980228 ], [ 479484.974188752181362, 2140405.637008787598461 ], [ 479483.288089688343462, 2140404.500661633443087 ], [ 479455.393411340424791, 2140388.336038653273135 ], [ 479454.174917780270334, 2140387.702595197595656 ], [ 479436.475477435393259, 2140379.507701600901783 ], [ 479435.490881959209219, 2140379.093735648319125 ], [ 479239.420717051019892, 2140304.75598378200084 ], [ 479188.019263585272711, 2140279.483649803791195 ], [ 479149.320841267646756, 2140251.525671700481325 ], [ 479148.890264710527845, 2140251.120460700243711 ], [ 479148.270890056563076, 2140250.583578386809677 ], [ 479145.584862775227521, 2140248.099822362884879 ], [ 479145.564868334273342, 2140248.081367216072977 ], [ 479142.754414556373376, 2140245.491996120195836 ], [ 479142.73597923660418, 2140245.475039439741522 ], [ 479134.587256918021012, 2140237.992450616322458 ], [ 479134.539298946911003, 2140237.948604152072221 ], [ 479133.474089725816157, 2140236.978944382630289 ], [ 479124.715240685385652, 2140228.937291814945638 ], [ 479124.688132115872577, 2140228.912464110646397 ], [ 479121.193416422524024, 2140225.719652677886188 ], [ 479113.306793594558258, 2140214.376246180385351 ], [ 479113.296859570837114, 2140214.361975631676614 ], [ 479110.914648663077969, 2140210.944078416097909 ], [ 479081.752441883669235, 2140169.17024769121781 ], [ 479029.918830826180056, 2140088.737633114214987 ], [ 479014.903941838885657, 2140046.447492404840887 ], [ 479000.472998679091688, 2140005.824440849944949 ], [ 479000.415345439512748, 2140005.66500929929316 ], [ 478974.877625085762702, 2139936.272965407930315 ], [ 478948.60963058937341, 2139819.633748706430197 ], [ 478931.134727689495776, 2139738.627739364281297 ], [ 478913.781480786274187, 2139656.173682653810829 ], [ 478899.19515246670926, 2139586.329275966156274 ], [ 478899.189809461764526, 2139586.303802265319973 ], [ 478890.354390454478562, 2139544.360574109945446 ], [ 478881.986006289720535, 2139503.804609799291939 ], [ 478879.134925854683388, 2139489.82615882018581 ], [ 478878.987787331745494, 2139489.233101885765791 ], [ 478878.25101532577537, 2139485.643304915633053 ], [ 478877.958819865714759, 2139484.207749601453543 ], [ 478877.437211616954301, 2139482.299274302087724 ], [ 478876.750590780575294, 2139480.31280150776729 ], [ 478873.850191925885156, 2139471.836099616717547 ], [ 478873.673884525720496, 2139471.348504244349897 ], [ 478873.371622258389834, 2139470.555693560279906 ], [ 478871.426482329377905, 2139465.453206593170762 ], [ 478865.480720773164649, 2139449.797571403440088 ], [ 478865.445973795140162, 2139449.706964134704322 ], [ 478862.103793738293462, 2139441.075412534642965 ], [ 478852.304068468045443, 2139415.631556685082614 ], [ 478804.175212982168887, 2139273.829695460386574 ], [ 478803.147171930933837, 2139270.807680039666593 ], [ 478799.010007449076511, 2139254.979238514788449 ], [ 478798.990072038082872, 2139254.90377044538036 ], [ 478796.804112332582008, 2139246.714884819928557 ], [ 478796.66255490941694, 2139246.218967713415623 ], [ 478795.713953027094249, 2139243.099918234162033 ], [ 478794.573210619040765, 2139239.233481429517269 ], [ 478767.074425285449252, 2139106.305136939045042 ], [ 478760.500568930059671, 2139074.527087797876447 ], [ 478755.969109690806363, 2139050.206885966006666 ], [ 478752.6900565593387, 2139031.412652020342648 ], [ 478752.635263345669955, 2139031.116222803480923 ], [ 478750.363739907799754, 2139019.482640947215259 ], [ 478743.800512863730546, 2138945.996094964444637 ], [ 478743.772416961961426, 2138945.71204276336357 ], [ 478739.910371807112824, 2138910.126416272949427 ], [ 478733.751004808756988, 2138824.406627923250198 ], [ 478733.72984923486365, 2138824.144396749325097 ], [ 478716.353615451254882, 2138630.014721324667335 ], [ 478716.245377332146745, 2138629.113515946548432 ], [ 478713.485698749311268, 2138610.828093179035932 ], [ 478713.283788498374633, 2138609.756060636602342 ], [ 478706.907686043414287, 2138581.578242418821901 ], [ 478706.856974132824689, 2138581.361608468927443 ], [ 478700.052408226008993, 2138553.23507014894858 ], [ 478699.640770239057019, 2138551.835333134513348 ], [ 478684.04624865448568, 2138506.991688724141568 ], [ 478684.029171856818721, 2138506.942854256834835 ], [ 478674.677184883970767, 2138480.346292545087636 ], [ 478674.496621114492882, 2138479.859834471717477 ], [ 478648.625346036802512, 2138413.691187639255077 ], [ 478641.73540656681871, 2138396.078652604483068 ], [ 478640.934520558221266, 2138394.360244344454259 ], [ 478614.815782357589342, 2138346.478439575526863 ], [ 478614.573320559400599, 2138346.05077324481681 ], [ 478595.927925505151507, 2138314.384107338730246 ], [ 478595.088693406374659, 2138313.111460796091706 ], [ 478575.878331124724355, 2138286.974189498927444 ], [ 478566.466962123173289, 2138273.647370132617652 ], [ 478565.544241180585232, 2138272.470057602506131 ], [ 478543.034864055458456, 2138246.526303338818252 ], [ 478520.213216154254042, 2138220.227916483767331 ], [ 478518.819174881675281, 2138218.821005344390869 ], [ 478464.86754679720616, 2138171.125800553243607 ], [ 478434.751373062550556, 2138144.409894329495728 ], [ 478434.680778988520615, 2138144.3476652931422 ], [ 478400.379973682400305, 2138114.302010010462254 ], [ 478400.303580760839395, 2138114.235548275522888 ], [ 478377.440874552878086, 2138094.480204441118985 ], [ 478377.317346607858781, 2138094.374628925230354 ], [ 478303.112652681942564, 2138031.646508604753762 ], [ 478290.030589792644605, 2138019.688880660105497 ], [ 478290.010127758083399, 2138019.670212034136057 ], [ 478275.867142665956635, 2138006.790705587249249 ], [ 478219.548289131780621, 2137953.902159851510078 ], [ 478219.169524083496071, 2137953.558427835814655 ], [ 478165.49149783392204, 2137906.488931743428111 ], [ 478141.847876562271267, 2137881.903812516480684 ], [ 478117.363791909941938, 2137851.845074370037764 ], [ 478097.93958282051608, 2137825.444799855351448 ], [ 478066.573451794683933, 2137779.224146319087595 ], [ 478046.440738202538341, 2137748.922497016843408 ], [ 478021.008556805667467, 2137710.255990364123136 ], [ 477998.605273917783052, 2137668.321641528978944 ], [ 477952.901219009014312, 2137571.346543212421238 ], [ 477930.363538779783994, 2137523.525780653581023 ], [ 477926.078378903097473, 2137514.354028036352247 ], [ 477910.392593478085473, 2137480.787923436611891 ], [ 477907.439469193923287, 2137474.468062362167984 ], [ 477907.313962068583351, 2137474.206112852785736 ], [ 477901.996125277131796, 2137463.377429216168821 ], [ 477899.29391478956677, 2137459.540421769022942 ], [ 477895.538259388355073, 2137456.726239796727896 ], [ 477891.096788791299332, 2137455.210355037357658 ], [ 477886.40426508593373, 2137455.141152854077518 ], [ 477881.920025187428109, 2137456.525407237932086 ], [ 477878.083017740398645, 2137459.227617725264281 ], [ 477875.268835767928977, 2137462.983273126650602 ], [ 477873.752951008907985, 2137467.424743723589927 ], [ 477873.683748825395014, 2137472.117267428897321 ], [ 477875.06800320930779, 2137476.601507327519357 ], [ 477880.321818260126747, 2137487.299823823850602 ] ] ] ] } },
{ "type": "Feature", "properties": { "CVEGEO": "090160001", "CVE_ENT": "09", "CVE_MUN": "016", "CVE_LOC": "0001", "CVEVIAL": "01910", "CVESEG": "00015", "NOMVIAL": "Boulevard Adolfo López Mateos", "TIPOVIAL": "Periférico", "SENTIDO": "Dos sentidos", "TIPOSEN": 2, "AMBITO": "Urbana", "MINUTES": 1.9949205775300001, "LENGTH": 0.099995160734083516, "VELOCIDAD": 3.0, "T_VIAL2024": null, "NOMENCLATU": null, "NOTA2024": null, "NombreMate": null, "ID": null }, "geometry": { "type": "MultiPolygon", "coordinates": [ [ [ [ 479807.078633622208145, 2145613.225907512474805 ], [ 479807.905019587546121, 2145617.845610306132585 ], [ 479810.118526017176919, 2145621.98384144436568 ], [ 479813.502479479240719, 2145625.235522030387074 ], [ 479817.725635031587444, 2145627.282354912720621 ], [ 479822.374600784212817, 2145627.923981827683747 ], [ 479826.994303578045219, 2145627.097595862112939 ], [ 479831.132534716278315, 2145624.884089432656765 ], [ 479834.384215302299708, 2145621.500135970767587 ], [ 479836.431048184633255, 2145617.276980418246239 ], [ 479837.072675099538174, 2145612.62801466556266 ], [ 479835.07979538931977, 2145512.652714712545276 ], [ 479834.253409423981793, 2145508.033011918887496 ], [ 479832.039902994350996, 2145503.894780780654401 ], [ 479828.655949532287195, 2145500.643100194633007 ], [ 479824.43279397994047, 2145498.59626731229946 ], [ 479819.783828227315098, 2145497.954640397336334 ], [ 479815.164125433482695, 2145498.781026362907141 ], [ 479811.0258942952496, 2145500.994532792363316 ], [ 479807.774213709228206, 2145504.378486254252493 ], [ 479805.72738082689466, 2145508.601641806773841 ], [ 479805.085753911989741, 2145513.250607559457421 ], [ 479807.078633622208145, 2145613.225907512474805 ] ] ] ] } }
]
}
