{"type": "FeatureCollection", "name": "vialidades", "features": [{"type": "Feature", "properties": {"CVEGEO": "090040001", "CVE_ENT": "09", "CVE_MUN": "004", "CVE_LOC": "0001", "CVEVIAL": "00994", "CVESEG": "00004", "NOMVIAL": "Tamaulipas", "TIPOVIAL": "Avenida", "SENTIDO": "Dos sentidos", "TIPOSEN": 2, "AMBITO": "Urbana", "MINUTES": 7.29678297452, "LENGTH": 2.874348370677204, "VELOCIDAD": 3.0, "T_VIAL2024": null, "NOMENCLATU": null, "NOTA2024": null, "NombreMate": "Tamaulipas", "ID": 30, "TIPO_VIA": "Sin clasificacion", "NOMBRE": "Tamaulipas"}, "geometry": {"type": "MultiPolygon", "coordinates": [[[[-99.26027944237985, 19.35662162848985], [-99.25995005915497, 19.356694349384522], [-99.2587680061834, 19.356970344543], [-99.25835325442401, 19.357073398276793], [-99.25813951249324, 19.357141978148253], [-99.2577012725673, 19.357284534295907], [-99.25736537383577, 19.35746173564314], [-99.25703145567509, 19.357721041493335], [-99.25636271811506, 19.358406513540356], [-99.25633105201342, 19.358446927678006], [-99.25618273564915, 19.358638319456816], [-99.25616161396242, 19.358660116109185], [-99.25558950349841, 19.359134196399417], [-99.25556838865569, 19.359148697099087], [-99.25504424834659, 19.359443526739216], [-99.25502882163691, 19.3594510428652], [-99.25431379184941, 19.359748843432147], [-99.25430935231763, 19.35975060836552], [-99.2539756977127, 19.359877023053922], [-99.25394235727306, 19.359885399569684], [-99.25367338927751, 19.3599207870778], [-99.2536522943199, 19.359922063716322], [-99.25323517155597, 19.359917950197417], [-99.25310016223435, 19.359942130029644], [-99.25300339506397, 19.359981769983314], [-99.25247770256635, 19.360358884266144], [-99.25210637288998, 19.36081151295252], [-99.2520881524571, 19.360829897806145], [-99.25189936263298, 19.3609879280907], [-99.25186875314172, 19.361007513111062], [-99.25111494354617, 19.361365162487473], [-99.25111357846953, 19.361365801545922], [-99.2510244465567, 19.36140696950271], [-99.2505242790034, 19.361684569001103], [-99.25052146213633, 19.361686091942083], [-99.24969057916772, 19.36212352805255], [-99.24954975322102, 19.362218683725242], [-99.24926407498926, 19.362468828899964], [-99.24908265748418, 19.36262771413763], [-99.24866373867755, 19.363040903842965], [-99.2486295656579, 19.36306573396027], [-99.24798733718893, 19.3634004310722], [-99.24796206990875, 19.363414113058212], [-99.24795102045364, 19.36341950571837], [-99.2475530493042, 19.36359339682742], [-99.24651309979497, 19.36416907654981], [-99.24651214715776, 19.364169599234813], [-99.24630655817644, 19.364281399297884], [-99.24630547076855, 19.36428198464902], [-99.24570217058675, 19.364603435493827], [-99.24569717914937, 19.36460597285982], [-99.24429580506583, 19.365284767559427], [-99.24413434795552, 19.365362972914713], [-99.24413337193133, 19.36536344121168], [-99.2439277520636, 19.36546116129595], [-99.24392669925872, 19.36546165650669], [-99.24371916703102, 19.36555826671057], [-99.24331333380252, 19.365764629694564], [-99.24331002885278, 19.365766257965866], [-99.24287688817917, 19.36597289795207], [-99.24283906268899, 19.365985016834767], [-99.24258237200593, 19.366030696868545], [-99.24256840054008, 19.366032511001556], [-99.24231590092775, 19.36605331191193], [-99.24231549460215, 19.36605334483014], [-99.24188360316512, 19.366087744368972], [-99.24187848754558, 19.366088064185746], [-99.24059946141519, 19.366146163895667], [-99.23999672317478, 19.366243428706774], [-99.23967314717784, 19.366360856319396], [-99.23880981303553, 19.366832570754447], [-99.23880746356099, 19.366833826593588], [-99.23851420314683, 19.366987137145518], [-99.23799225563435, 19.36725996144424], [-99.2379881057256, 19.367262046976066], [-99.23771487586683, 19.367393946565137], [-99.23771010168873, 19.367396146276164], [-99.2371824718634, 19.367627856796688], [-99.23713947866933, 19.36763942674419], [-99.23709482253447, 19.367637821430023], [-99.23705287472276, 19.367623197993773], [-99.23701774138627, 19.367596987882298], [-99.23699286162332, 19.367561756728612], [-99.23698067083461, 19.367520953208004], [-99.23698236233074, 19.367478571456], [-99.2369977705259, 19.367438760093524], [-99.23702538715067, 19.367405416131067], [-99.2370625088948, 19.367381803503328], [-99.2375877294868, 19.367151151089224], [-99.23785650048274, 19.367021404032524], [-99.23837637975174, 19.36674966093224], [-99.23866845526716, 19.366596969891674], [-99.23954036614703, 19.36612056942826], [-99.23956061622415, 19.36611143232118], [-99.239907866489, 19.365985413207202], [-99.2399349383103, 19.365978390258203], [-99.24056007790313, 19.36587751052873], [-99.24057719232195, 19.365875747445294], [-99.24186226880319, 19.36581737295947], [-99.24229140156662, 19.365783193149344], [-99.24253666467096, 19.365762988391012], [-99.24276660264347, 19.365722069216922], [-99.24318006757643, 19.36552481605622], [-99.24358651563601, 19.36531814051799], [-99.24359107058237, 19.3653159231324], [-99.24380037351537, 19.365218488670283], [-99.24400497887366, 19.365121250765444], [-99.24416594883894, 19.365043281400503], [-99.24556479929768, 19.364365709374198], [-99.24616508462782, 19.364045865049242], [-99.24636965368249, 19.363934619679885], [-99.24741508885687, 19.363355903542267], [-99.24742732012673, 19.363349863864872], [-99.24782591179368, 19.36317570170172], [-99.24784679035778, 19.363164396167527], [-99.24784882434027, 19.363163315569857], [-99.24847299377177, 19.362838030119985], [-99.24887976080362, 19.36243682643829], [-99.2488858192873, 19.362431195355004], [-99.24907035960176, 19.3622695753371], [-99.24936270083843, 19.362013596162374], [-99.24937671434658, 19.36200279847964], [-99.24953144404765, 19.36189824815459], [-99.24954499805473, 19.361890136905096], [-99.25038147974325, 19.361449753462118], [-99.25088495009005, 19.361170320996173], [-99.25089455105514, 19.361165448546082], [-99.25098789692211, 19.361122334279962], [-99.25172437559434, 19.360772907845064], [-99.25188918944532, 19.36063494725611], [-99.25226387589892, 19.360178227539656], [-99.25229044945287, 19.360153365821677], [-99.25284487982722, 19.359755636250906], [-99.252874402358, 19.359739318793785], [-99.25300151215427, 19.359687249224947], [-99.25303162633821, 19.35967850235264], [-99.25319606575982, 19.35964905166782], [-99.25322403381472, 19.359646708121687], [-99.2536446644904, 19.35965085627093], [-99.25388592759091, 19.359619113842164], [-99.25420121285379, 19.35949965892627], [-99.25490608353088, 19.35920608960355], [-99.25541149351976, 19.35892179594887], [-99.25596192369316, 19.358465681511532], [-99.25610116450926, 19.358286001395246], [-99.25610161291206, 19.35828542595228], [-99.25613809094284, 19.358238870629524], [-99.25614790021054, 19.35822766355363], [-99.25682857147508, 19.357529960082474], [-99.25684292772812, 19.357517144127755], [-99.25719437884973, 19.357244223198318], [-99.25721543380308, 19.35723065355908], [-99.25757358372694, 19.357041713817047], [-99.25759666506151, 19.357031963760342], [-99.25804718439424, 19.35688541326387], [-99.25804775134247, 19.356885230098904], [-99.25826651073524, 19.35681504036832], [-99.2582760791705, 19.356812320228507], [-99.25869668952095, 19.356707810827206], [-99.25869874308616, 19.356707315991688], [-99.25988270155746, 19.35643087596473], [-99.25988446133326, 19.35643047627543], [-99.26021936057606, 19.356356537567002], [-99.26022869265901, 19.356354785945705], [-99.26109517261499, 19.356220435322175], [-99.26113985706213, 19.35622022940141], [-99.26118242154479, 19.35623313946267], [-99.26121869956337, 19.35625790178192], [-99.26124513997605, 19.356292092455345], [-99.26125915460804, 19.35633236466628], [-99.26125937160127, 19.356374776293073], [-99.26124576970457, 19.35641517579037], [-99.26121968035785, 19.356449608571204], [-99.26118365736473, 19.35647470411053], [-99.26114122690973, 19.35648800587747], [-99.26027944237985, 19.35662162848985]]]]}}, {"type": "Feature", "properties": {"CVEGEO": "090100001", "CVE_ENT": "09", "CVE_MUN": "010", "CVE_LOC": "0001", "CVEVIAL": "00140", "CVESEG": "00004", "NOMVIAL": "Central", "TIPOVIAL": "Avenida", "SENTIDO": "Dos sentidos", "TIPOSEN": 2, "AMBITO": "Urbana", "MINUTES": 1.15251271458, "LENGTH": 0.13783211783945276, "VELOCIDAD": 3.0, "T_VIAL2024": "V\u00edas primarias - Ejes viales", "NOMENCLATU": "Alta Tensi\u00f3n", "NOTA2024": null, "NombreMate": "Alta Tensi\u00f3n", "ID": 3, "TIPO_VIA": "V\u00edas primarias - Ejes viales", "NOMBRE": "Alta Tensi\u00f3n"}, "geometry": {"type": "MultiPolygon", "coordinates": [[[[-99.19951027290281, 19.38317302443904], [-99.19950960817455, 19.383175299939406], [-99.19947204174714, 19.383299679029705], [-99.19945771677199, 19.383347107526443], [-99.19935857363035, 19.383677107265466], [-99.19933974715654, 19.383715572879453], [-99.19930931644626, 19.38374663499988], [-99.19927026026858, 19.383767253045175], [-99.1992264017197, 19.383775408773243], [-99.1991820339895, 19.383770303842695], [-99.19914150011067, 19.38375243796075], [-99.19910876782845, 19.383723559968068], [-99.19908704120753, 19.38368649664858], [-99.19907844699557, 19.383644876022394], [-99.19908382644431, 19.3836027722083], [-99.19918299758166, 19.38327268113017], [-99.1991830526856, 19.3832724982033], [-99.19919740531712, 19.383224978403312], [-99.19923462909198, 19.383101734490992], [-99.19943158752383, 19.382403955312284], [-99.1994497622231, 19.38236520847747], [-99.19947966450869, 19.3823336878031], [-99.19951836733537, 19.382312478747608], [-99.19956208220592, 19.38230365739689], [-99.19960653001364, 19.38230808724415], [-99.19964735990763, 19.382325334666003], [-99.19968057518038, 19.38235371136815], [-99.19970292449075, 19.382390439646073], [-99.19971222012744, 19.382431924284266], [-99.19970755215931, 19.382474104479353], [-99.19951027290281, 19.38317302443904]]]]}}, {"type": "Feature", "properties": {"CVEGEO": "090100001", "CVE_ENT": "09", "CVE_MUN": "010", "CVE_LOC": "0001", "CVEVIAL": "00735", "CVESEG": "00004", "NOMVIAL": "Altavista", "TIPOVIAL": "Avenida", "SENTIDO": "Dos sentidos", "TIPOSEN": 2, "AMBITO": "Urbana", "MINUTES": 1.6974631944, "LENGTH": 0.9173493822083726, "VELOCIDAD": 3.0, "T_VIAL2024": "V\u00edas primarias  - Avenidas primarias", "NOMENCLATU": "Av Altavista", "NOTA2024": null, "NombreMate": "Av Altavista", "ID": 5, "TIPO_VIA": "V\u00edas primarias  - Avenidas primarias", "NOMBRE": "Av Altavista"}, "geometry": {"type": "MultiPolygon", "coordinates": [[[[-99.19048265134504, 19.34680232447147], [-99.19124085368438, 19.347689206195746], [-99.19134613915769, 19.347802234518053], [-99.19142569811682, 19.347862322608865], [-99.19153419705142, 19.347907267374016], [-99.19184380740262, 19.347990036776384], [-99.19187073184972, 19.348000127455563], [-99.19197235524396, 19.348050047617654], [-99.1927321720791, 19.348212018376607], [-99.19352369647632, 19.348371899137177], [-99.19352563291568, 19.348372303632647], [-99.1944609818204, 19.34857415389506], [-99.19601788942337, 19.348910449877053], [-99.196023540508, 19.348911786086497], [-99.19767271945055, 19.349335805793935], [-99.19771349000101, 19.349353161916213], [-99.19774661459526, 19.349381627043503], [-99.1977688507684, 19.349418414815606], [-99.19777802188369, 19.349459924193294], [-99.19777323019906, 19.349502091951486], [-99.19775494474781, 19.349540790415258], [-99.19772495543039, 19.349572231505828], [-99.19768619780899, 19.349593337545382], [-99.19764246575478, 19.349602042523493], [-99.19759804007538, 19.349597494334247], [-99.19595166987544, 19.349174196783522], [-99.19439764330136, 19.348838523099587], [-99.19346327421816, 19.348636884290226], [-99.19267193351571, 19.348477040634677], [-99.19267036588225, 19.34847671523467], [-99.19189178469891, 19.348310744426794], [-99.19185743801934, 19.348298871914004], [-99.19175236892552, 19.348247259126843], [-99.19144733280827, 19.34816571254688], [-99.19142892565544, 19.34815947272773], [-99.19129429506606, 19.34810370312914], [-99.1912624964284, 19.34808553643353], [-99.19115850618871, 19.348006996196194], [-99.19114043645521, 19.347990712228576], [-99.19102486628061, 19.347866642691336], [-99.19102096177203, 19.347862267977295], [-99.1902496724459, 19.34696007671764], [-99.1902310185667, 19.346931712060897], [-99.18992839879141, 19.3463125922624], [-99.1899161657303, 19.34627180035121], [-99.18991781149191, 19.346229416769784], [-99.18993317496732, 19.3461895903181], [-99.18996075226454, 19.346156219483685], [-99.18999784392305, 19.346132570831656], [-99.19004081915666, 19.34612095925234], [-99.19008547125887, 19.34612252136542], [-99.19012742938112, 19.34613710426065], [-99.19016258637804, 19.346163280465664], [-99.19018750084035, 19.34619848767583], [-99.19048265134504, 19.34680232447147]]]]}}, {"type": "Feature", "properties": {"CVEGEO": "090100001", "CVE_ENT": "09", "CVE_MUN": "010", "CVE_LOC": "0001", "CVEVIAL": "01235", "CVESEG": "00008", "NOMVIAL": "Javier Barros Sierra", "TIPOVIAL": "Avenida", "SENTIDO": "Dos sentidos", "TIPOSEN": 2, "AMBITO": "Urbana", "MINUTES": 5.13906322816, "LENGTH": 2.526206544567035, "VELOCIDAD": 3.0, "T_VIAL2024": null, "NOMENCLATU": null, "NOTA2024": null, "NombreMate": "Javier Barros Sierra", "ID": 32, "TIPO_VIA": "Sin clasificacion", "NOMBRE": "Javier Barros Sierra"}, "geometry": {"type": "MultiPolygon", "coordinates": [[[[-99.2608949438075, 19.363752471747425], [-99.26089478076044, 19.36375273961605], [-99.26070227456312, 19.36406817420803], [-99.26069821663526, 19.36407442655294], [-99.26018384698604, 19.364820886744717], [-99.26017575643489, 19.364831474966877], [-99.25922742643402, 19.365954305013446], [-99.25922426567205, 19.36595791732548], [-99.25875791612063, 19.366472488120163], [-99.25873691693795, 19.366491390847834], [-99.25796106599036, 19.367059880901042], [-99.2579274230908, 19.367078214964096], [-99.2572892947181, 19.367323635235557], [-99.25677028626457, 19.367554812453665], [-99.25660464330883, 19.367653060236233], [-99.2560272325619, 19.36812528589392], [-99.25574666095834, 19.368510766234653], [-99.25573264668841, 19.36852713392349], [-99.25535493691146, 19.36890410376103], [-99.2553455932896, 19.36891261995279], [-99.254882232128, 19.369298174773103], [-99.2548045193491, 19.369396653373183], [-99.25465565431203, 19.36960181761822], [-99.2544270304376, 19.369960354667676], [-99.25441865711602, 19.369972060020658], [-99.25399551770593, 19.370501818019786], [-99.2538051403768, 19.37080639638817], [-99.25371523033314, 19.37117559041756], [-99.25362659855057, 19.37187981715768], [-99.2536249681903, 19.371889674732166], [-99.25353697870631, 19.372318084802643], [-99.25352557482005, 19.372350763136943], [-99.25332836512432, 19.372741063939053], [-99.25330422081053, 19.372774711488674], [-99.25302494069665, 19.37306003093435], [-99.25298464840743, 19.373088788341676], [-99.25237877804254, 19.373378988946012], [-99.25235250475379, 19.37338862127515], [-99.25191229268847, 19.373504196605435], [-99.2506381712122, 19.374581744970993], [-99.25063788672975, 19.374581984915995], [-99.25006420772286, 19.37506455197419], [-99.24993502717903, 19.375178408410633], [-99.24985132066574, 19.37525234325422], [-99.24978146193443, 19.37531605350273], [-99.24939881687567, 19.375664920034655], [-99.24899500165574, 19.376033175427114], [-99.24899313150878, 19.376034850419025], [-99.24817945475529, 19.376750581329286], [-99.24817801784552, 19.37675220626359], [-99.24809652932292, 19.376839334660428], [-99.24803927153958, 19.376933881453514], [-99.24799182047586, 19.3770390974027], [-99.24796253902576, 19.377169256230765], [-99.24795394821224, 19.37723249615447], [-99.24795392970846, 19.37723263182719], [-99.24794904669649, 19.37726829349036], [-99.24795719632908, 19.377348206591375], [-99.2479848633555, 19.37746252060752], [-99.24815807697127, 19.377763800366928], [-99.24826397121335, 19.377935082270877], [-99.248318811474, 19.37802365873443], [-99.24831896369183, 19.378023905186467], [-99.24837576373704, 19.37811609114665], [-99.24840067697514, 19.378149809399147], [-99.24843337464223, 19.378194061767704], [-99.24843366298461, 19.37819445347114], [-99.24867688529378, 19.378526105451694], [-99.24869636205338, 19.37856427797822], [-99.24870245573548, 19.3786062939345], [-99.24869456983802, 19.37864804050742], [-99.24867347627784, 19.378685431249966], [-99.24864123983373, 19.3787148060918], [-99.24860101603372, 19.378733289613884], [-99.24855674226997, 19.378739072516446], [-99.2485127523769, 19.378731588727266], [-99.24847335240149, 19.378711570813344], [-99.24844239909373, 19.378680978271532], [-99.24819932082869, 19.378349522073215], [-99.24816676706273, 19.37830546437419], [-99.24813847087741, 19.378267167475364], [-99.24813211726905, 19.378257767002587], [-99.24807242067358, 19.378160879737973], [-99.2480176342087, 19.378072389952248], [-99.24791054737982, 19.37789917869706], [-99.24790835721491, 19.377895506349464], [-99.24772465758645, 19.377575986831957], [-99.24771083284449, 19.377541405775037], [-99.24767669267115, 19.37740034517396], [-99.24767373197383, 19.377383057978356], [-99.24766313229541, 19.37727911861782], [-99.24766365896153, 19.377248591854798], [-99.24767061885032, 19.377197762970738], [-99.24767995096788, 19.37712906692705], [-99.24768192677087, 19.377118096021306], [-99.24771533685974, 19.37696958612215], [-99.24772371068764, 19.376944551294613], [-99.24777993072149, 19.376819891856055], [-99.24778740540724, 19.376805682290428], [-99.24785613553168, 19.376692192098446], [-99.2478731502224, 19.376669753545944], [-99.24796172867825, 19.376575044660104], [-99.24796316984515, 19.376573320006838], [-99.2479779890295, 19.37655812962213], [-99.24879798638064, 19.375836839759103], [-99.24920088074614, 19.37546942453508], [-99.24958352264642, 19.375120561269846], [-99.24965419679566, 19.375056107441818], [-99.24965585482742, 19.375054619332946], [-99.24974045245098, 19.374979897484256], [-99.24974056418864, 19.37497979889619], [-99.2498710163199, 19.37486482183488], [-99.2498734736377, 19.374862705929957], [-99.25044825170428, 19.37437921484447], [-99.25174708771388, 19.37328076579043], [-99.25180403398903, 19.373251318795454], [-99.25226269538047, 19.37313089977941], [-99.25283306873501, 19.372857701712547], [-99.25308015469585, 19.37260527293184], [-99.25326007919651, 19.372249182634032], [-99.25334356478628, 19.371842704836556], [-99.25343249170173, 19.371136142783033], [-99.2534351522484, 19.371121694157697], [-99.25353180305879, 19.370724823526068], [-99.25354812300999, 19.3706861883333], [-99.25375395308863, 19.370356888443187], [-99.25376297317527, 19.370344158798677], [-99.25418649411557, 19.369813924109327], [-99.25441343017147, 19.369458034774542], [-99.25441799037291, 19.369451336366325], [-99.25457085051319, 19.36924066653148], [-99.25457416423394, 19.369236288566356], [-99.25466252385601, 19.369124318344834], [-99.254682686909, 19.369103649250313], [-99.25515239146783, 19.36871281662791], [-99.25551795319275, 19.368347971516805], [-99.25580259899259, 19.367956894299386], [-99.25582687986646, 19.367931248877245], [-99.25642643998684, 19.36744090921027], [-99.25644398227422, 19.367428644498435], [-99.25662615244964, 19.36732059399074], [-99.25664116657298, 19.36731283374519], [-99.25717140573857, 19.367076654224665], [-99.25717844677881, 19.367073734660362], [-99.25780199082834, 19.366833923546274], [-99.25855083018418, 19.3662852261394], [-99.25900608115455, 19.365782902234947], [-99.25994854961728, 19.364667014128173], [-99.26045702582893, 19.363929108126584], [-99.26064751094559, 19.36361698598051], [-99.26187189353631, 19.36160012491365], [-99.26189998479255, 19.361567140849843], [-99.26193744036604, 19.361544010003882], [-99.2619805938483, 19.36153299657968], [-99.2620252210848, 19.361535178645397], [-99.26206695366093, 19.361550342605618], [-99.26210170650924, 19.361577004109392], [-99.26212607778106, 19.36161255334767], [-99.26213768184242, 19.36165351051778], [-99.26213538279805, 19.361695866449082], [-99.26211940568412, 19.361735475047535], [-99.2608949438075, 19.363752471747425]]]]}}, {"type": "Feature", "properties": {"CVEGEO": "090100001", "CVE_ENT": "09", "CVE_MUN": "010", "CVE_LOC": "0001", "CVEVIAL": "00369", "CVESEG": "00006", "NOMVIAL": "Revoluci\u00f3n", "TIPOVIAL": "Avenida", "SENTIDO": "Dos sentidos", "TIPOSEN": 2, "AMBITO": "Urbana", "MINUTES": 2.08935862878, "LENGTH": 2.82919411059934, "VELOCIDAD": 3.0, "T_VIAL2024": "V\u00edas primarias - Ejes viales", "NOMENCLATU": "Revoluci\u00f3n", "NOTA2024": null, "NombreMate": "Av. Revoluci\u00f3n", "ID": 22, "TIPO_VIA": "V\u00edas primarias - Ejes viales", "NOMBRE": "Revoluci\u00f3n"}, "geometry": {"type": "MultiPolygon", "coordinates": [[[[-99.19011328299473, 19.345692292443008], [-99.1901510341553, 19.34595658388836], [-99.19019888352234, 19.346233607705265], [-99.1902002797177, 19.34624437304305], [-99.19021940311264, 19.34646397369602], [-99.19055104918326, 19.34794589211081], [-99.19055173397602, 19.34794914762023], [-99.1905615740873, 19.347999105993086], [-99.19073322217045, 19.3487467362781], [-99.19073588932213, 19.348763106409052], [-99.1907781896478, 19.349196885707723], [-99.19077878583477, 19.349207644844373], [-99.1907805765209, 19.349340445165986], [-99.19077997556155, 19.34935472283963], [-99.19074652574096, 19.34969639334048], [-99.19074625608008, 19.34969889556357], [-99.19062792692749, 19.350704621266267], [-99.19057966446536, 19.35121350405345], [-99.19057939066779, 19.351216109037708], [-99.19049882284749, 19.351914327892334], [-99.19046928407577, 19.352170714847095], [-99.19035139547957, 19.353194084275152], [-99.19028462520909, 19.3537737044671], [-99.19028449749491, 19.353774773822458], [-99.19025389559783, 19.35402222379461], [-99.1902252263294, 19.354289281106823], [-99.19022516844639, 19.354289810004275], [-99.19005426043525, 19.355822190933853], [-99.19005410968103, 19.355823483358726], [-99.19003104916597, 19.35601287273587], [-99.19003084005519, 19.356014503404914], [-99.18985262964928, 19.357337320355036], [-99.18984210175985, 19.35752432314566], [-99.18984141340903, 19.357532215132238], [-99.1896802246937, 19.358894805269784], [-99.18967993178141, 19.35889710409986], [-99.1896082036604, 19.359422359816303], [-99.18953778824923, 19.360362472744466], [-99.18953697669173, 19.360370183947285], [-99.18951373643951, 19.36054136965706], [-99.18936204970812, 19.361720039742956], [-99.18930217933121, 19.362601247084264], [-99.18927612430137, 19.363022150309767], [-99.18927573148585, 19.36302700506351], [-99.18920122604881, 19.363772228496675], [-99.18919009733168, 19.363813304548255], [-99.18916613923436, 19.363849106301643], [-99.18913169693789, 19.36387612922743], [-99.18909014189609, 19.363891728128603], [-99.18904554181346, 19.363894376072658], [-99.1890022624671, 19.363883813859697], [-99.18896454035011, 19.36386107539497], [-99.18893606797062, 19.363828386482165], [-99.18891963240166, 19.36378894694458], [-99.18891684246371, 19.363746617402327], [-99.1889911068325, 19.363003818100843], [-99.18901703603674, 19.362584959274834], [-99.18901708619535, 19.362584186692146], [-99.18907724704094, 19.36169872670678], [-99.18907800469844, 19.361691014260046], [-99.18923024558484, 19.360508054082587], [-99.18923036304855, 19.360507165731523], [-99.18925314192035, 19.360339380651137], [-99.18932356273913, 19.359399217298236], [-99.18932438796928, 19.35939140572169], [-99.18939649201018, 19.358863403891398], [-99.18955708127541, 19.357505901030017], [-99.18956766811844, 19.357317856869827], [-99.1895686181605, 19.357307896312648], [-99.18974738977381, 19.35598093071314], [-99.18977027261724, 19.355793003173353], [-99.18994108165529, 19.35426153343355], [-99.18996983376589, 19.353993708759365], [-99.1899700719477, 19.353991646680143], [-99.1900007355761, 19.353743701013546], [-99.19006744522099, 19.353164615804346], [-99.19018533570967, 19.352141245331065], [-99.19021487658136, 19.351884844002612], [-99.19029529936952, 19.35118789247484], [-99.19034357631763, 19.350678866247883], [-99.19034388349034, 19.350675974867094], [-99.19046223721556, 19.34967005512705], [-99.19049486758539, 19.349336760754507], [-99.19049324626195, 19.34921650513912], [-99.19045227588035, 19.34879635663486], [-99.19028203814673, 19.34805486374432], [-99.19028119553056, 19.348050912002943], [-99.19027128654724, 19.34800060353118], [-99.18993812174837, 19.346511887485487], [-99.18993549011472, 19.34649488708019], [-99.18991609102162, 19.346272116076513], [-99.18986884670343, 19.345998592462823], [-99.18986825996073, 19.34599487301728], [-99.1898298214489, 19.34572576626148], [-99.18982979907133, 19.345725608904548], [-99.18982714812505, 19.345706884973417], [-99.18982829160126, 19.345664001054875], [-99.19000582167997, 19.34475952135391], [-99.190007159002, 19.34475347628624], [-99.19013768886006, 19.344223754607533], [-99.19022692890653, 19.343851269846326], [-99.19020815977984, 19.34377445916927], [-99.19020447634595, 19.343742245754726], [-99.19020895192835, 19.343710122853487], [-99.1903901828079, 19.343040012785803], [-99.19039056441495, 19.343038631997086], [-99.19053639450706, 19.3425220626217], [-99.19053884741508, 19.342514307917092], [-99.19058320682318, 19.342387904730852], [-99.19063364194247, 19.342244008102362], [-99.19064497583089, 19.342207444706364], [-99.19100365602556, 19.34105345976986], [-99.19100657342567, 19.341045087193766], [-99.191489706288, 19.339796338261554], [-99.19150913582325, 19.339746090544914], [-99.19154183648662, 19.339697308690788], [-99.19158264536142, 19.33965827687496], [-99.19191359577516, 19.33874586398392], [-99.19196327963103, 19.338608779662238], [-99.19198424548155, 19.338571326541288], [-99.19201637772326, 19.33854185644196], [-99.19205653102874, 19.338523254098096], [-99.19210077491896, 19.33851734043287], [-99.19214477850359, 19.338524694315613], [-99.19218423441492, 19.338544595898597], [-99.19221528043936, 19.338575097080184], [-99.19223487757543, 19.338613212197025], [-99.19224110751263, 19.338655210279764], [-99.19223336041138, 19.33869698026488], [-99.19218367114108, 19.338834080148604], [-99.19184206406328, 19.33977587701279], [-99.19180839772318, 19.33982723663418], [-99.19176652294843, 19.33986728799736], [-99.19175783037926, 19.33988976838689], [-99.19127628822085, 19.341134411140985], [-99.19091896950607, 19.342284021796274], [-99.19090694466675, 19.342322814424993], [-99.19090544945897, 19.34232734365089], [-99.19085421670404, 19.342473516707948], [-99.19081118054402, 19.342596149878258], [-99.19066665029908, 19.343108117886377], [-99.19049428245653, 19.343745460540408], [-99.19051258004042, 19.34382034093032], [-99.1905127178098, 19.34388103042806], [-99.19041610735435, 19.344284281945914], [-99.19041590976641, 19.34428509509171], [-99.19028602187053, 19.344812215172183], [-99.19011328299473, 19.345692292443008]]]]}}, {"type": "Feature", "properties": {"CVEGEO": "090100001", "CVE_ENT": "09", "CVE_MUN": "010", "CVE_LOC": "0001", "CVEVIAL": "00978", "CVESEG": "00031", "NOMVIAL": "Camino a Santa Fe", "TIPOVIAL": "Avenida", "SENTIDO": "Dos sentidos", "TIPOSEN": 2, "AMBITO": "Urbana", "MINUTES": 1.69788057184, "LENGTH": 1.6932653272513631, "VELOCIDAD": 3.0, "T_VIAL2024": "V\u00edas primarias  - Avenidas primarias", "NOMENCLATU": "Camino a Santa Fe", "NOTA2024": null, "NombreMate": "Camino a Santa Fe", "ID": 12, "TIPO_VIA": "V\u00edas primarias  - Avenidas primarias", "NOMBRE": "Camino a Santa Fe"}, "geometry": {"type": "MultiPolygon", "coordinates": [[[[-99.20698231218745, 19.39052019005649], [-99.20741581246382, 19.39053508233012], [-99.20810458493273, 19.390425628400575], [-99.20865203574473, 19.390266849770263], [-99.20923379085953, 19.39001527615444], [-99.2095017118186, 19.38989941632636], [-99.20979315214821, 19.38977338393865], [-99.21014348339011, 19.389559168929644], [-99.21015059607348, 19.389555092570305], [-99.21024288591842, 19.389505617666575], [-99.21024315871291, 19.38950547180032], [-99.21060214862513, 19.38931400690984], [-99.21061857760975, 19.389306510726673], [-99.21079844301379, 19.389237476836914], [-99.21105463506689, 19.389139085816804], [-99.21133815979097, 19.38902118524544], [-99.21147278610356, 19.38896517065176], [-99.21147430426188, 19.38896454889944], [-99.21174660241543, 19.38885480021647], [-99.21188755684341, 19.3887979834819], [-99.21217761458126, 19.388678818881253], [-99.21253488422218, 19.388532101576214], [-99.21253543983745, 19.38853187472908], [-99.21260962018535, 19.388501764739843], [-99.21296970477367, 19.388355730033908], [-99.2131124284413, 19.38829783296207], [-99.21311468086175, 19.388296940766487], [-99.21340036035446, 19.388186491245563], [-99.21370681879407, 19.388068001876064], [-99.21370716045674, 19.38806787026259], [-99.21382237980718, 19.38802365030896], [-99.2138360023061, 19.388019166977337], [-99.21404761764028, 19.387960693648257], [-99.21404780218523, 19.387960642782616], [-99.2143077710487, 19.387889167932396], [-99.21437947798445, 19.38786025629703], [-99.21438306445472, 19.3878588644445], [-99.21465687427185, 19.387756693892463], [-99.2146608462911, 19.38775527602838], [-99.21524891615351, 19.387554766103477], [-99.21525579109917, 19.387552607073605], [-99.21580436690586, 19.38739485235893], [-99.21591457269166, 19.387341654780688], [-99.21593297306728, 19.387334260649514], [-99.21677943161176, 19.38705861318276], [-99.2176449098853, 19.38676240436718], [-99.21844138380531, 19.38648412969453], [-99.2184776202746, 19.386476354429522], [-99.21851474407406, 19.386477709224085], [-99.21889894449352, 19.386539858950865], [-99.21894183480225, 19.386553713529228], [-99.21919223999947, 19.38667965139296], [-99.2195767143448, 19.386872991823676], [-99.22007756578176, 19.387080337351293], [-99.22065552643234, 19.387179053644207], [-99.22117812691862, 19.387150501892197], [-99.22156558201209, 19.387066130053757], [-99.22192713606887, 19.38694331180857], [-99.22197105304525, 19.386935440349472], [-99.2220153838283, 19.386940832494616], [-99.22205578902219, 19.386958960424366], [-99.22208831349168, 19.386988049654345], [-99.2221097735158, 19.38702525273285], [-99.22211806843238, 19.387066927967496], [-99.22211238626757, 19.38710899589779], [-99.22209328322117, 19.387147338620498], [-99.22206262922579, 19.3871782028791], [-99.22202342490736, 19.3871985674601], [-99.2216539134899, 19.38732408880185], [-99.22163771940185, 19.387328585443388], [-99.22123029953676, 19.387417304798273], [-99.22120656069762, 19.387420514711863], [-99.2206550701706, 19.387450644843067], [-99.22062155495095, 19.38744872514976], [-99.22001048212904, 19.387344353270777], [-99.21997866707005, 19.387335188350956], [-99.21945750017788, 19.38711943248095], [-99.21944773283224, 19.387114962805924], [-99.21905846058262, 19.38691920959532], [-99.21882831779668, 19.38680346241389], [-99.2185043174849, 19.386751050904888], [-99.21774317533726, 19.38701698121238], [-99.2177422852726, 19.38701728900731], [-99.21687531475932, 19.38731400860478], [-99.21687321800385, 19.387314708765125], [-99.21603518040548, 19.387587614055], [-99.21592264744291, 19.38764193499962], [-99.21589930956269, 19.387650842450043], [-99.2153421155156, 19.387811075580387], [-99.2147594506062, 19.388009742658966], [-99.2144894185345, 19.388110503592756], [-99.21441161230207, 19.388141874419702], [-99.21439550361967, 19.388147314258756], [-99.2141274004853, 19.388221025533774], [-99.21392280772848, 19.388277558405445], [-99.21381445104318, 19.3883191445502], [-99.21350816176279, 19.38843756854771], [-99.21322360894536, 19.388547582503996], [-99.21308200143763, 19.38860502681229], [-99.21272195986099, 19.388751044110958], [-99.21264807781162, 19.388781033028934], [-99.21229111503887, 19.388927624356455], [-99.21200061508655, 19.389046970667533], [-99.2119997102232, 19.3890473389038], [-99.21185830034696, 19.38910433923987], [-99.21158675601677, 19.389213784129907], [-99.21145287319074, 19.38926948939432], [-99.21116744665544, 19.389388180849878], [-99.21116370259526, 19.389389677912682], [-99.2109056124755, 19.389488797917004], [-99.21073417042011, 19.38955459887947], [-99.21038327861056, 19.38974174477499], [-99.21029474382848, 19.38978920668152], [-99.20993919665001, 19.390006611153886], [-99.20992105895738, 19.390016013892826], [-99.20962018963313, 19.390146123870807], [-99.20935226811692, 19.390261983977485], [-99.2087619881338, 19.390517244142476], [-99.2087445050167, 19.390523528746076], [-99.20817915444817, 19.3906874989196], [-99.20816099405006, 19.39069155707813], [-99.20744871407815, 19.390804746624887], [-99.20741995206113, 19.3908065195773], [-99.2069719845989, 19.390791130329518], [-99.20686443722272, 19.390787439978293], [-99.20682057443098, 19.390779295811374], [-99.20678151056886, 19.390758688077575], [-99.20675106948492, 19.39072763400952], [-99.20673223096391, 19.390689173400578], [-99.2067268390449, 19.390647071046892], [-99.20673542151644, 19.390605448221436], [-99.20675713825676, 19.390568379254628], [-99.20678986347446, 19.390539492711174], [-99.20683039379784, 19.390521616202356], [-99.2068747618431, 19.390516499601674], [-99.20698231218745, 19.39052019005649]]]]}}, {"type": "Feature", "properties": {"CVEGEO": "090100001", "CVE_ENT": "09", "CVE_MUN": "010", "CVE_LOC": "0001", "CVEVIAL": "00928", "CVESEG": "00066", "NOMVIAL": "Centenario", "TIPOVIAL": "Avenida", "SENTIDO": "Dos sentidos", "TIPOSEN": 2, "AMBITO": "Urbana", "MINUTES": 1.37652552207, "LENGTH": 9.175252625814586, "VELOCIDAD": 3.0, "T_VIAL2024": "V\u00edas primarias  - Avenidas primarias", "NOMENCLATU": "Av Centenario", "NOTA2024": null, "NombreMate": "Av Centenario", "ID": 6, "TIPO_VIA": "V\u00edas primarias  - Avenidas primarias", "NOMBRE": "Av Centenario"}, "geometry": {"type": "MultiPolygon", "coordinates": [[[[-99.2630362194415, 19.340217830042054], [-99.2630283749824, 19.340221817704283], [-99.25962600300065, 19.341823923404952], [-99.25864791502299, 19.342398533812737], [-99.25747338658685, 19.343483623722605], [-99.25747213050067, 19.34348477006759], [-99.25636229055067, 19.344485340574202], [-99.25634827898719, 19.344496445392803], [-99.25601457558534, 19.344728242047296], [-99.25474622434355, 19.34581092574278], [-99.25441349832624, 19.346188778470104], [-99.25439410908571, 19.346221034836162], [-99.25438422214057, 19.346271378450624], [-99.254366543926, 19.346501784328446], [-99.25436734398824, 19.34674054693525], [-99.25438560568193, 19.347101770656447], [-99.25438475495655, 19.347124400191387], [-99.25435950563946, 19.34732436091561], [-99.25434104690258, 19.34737656419966], [-99.25428431194293, 19.347468825829296], [-99.25428230309203, 19.34747199261359], [-99.25383451342478, 19.348156592611396], [-99.2538151763557, 19.348179976386287], [-99.25354282620286, 19.348443736516302], [-99.2535373438962, 19.34844876971503], [-99.25330337392384, 19.348652379629943], [-99.25327874185592, 19.348669596673375], [-99.25258362209186, 19.349053907468964], [-99.25257500567332, 19.349058303208775], [-99.25238229670562, 19.349148682631682], [-99.25195851721999, 19.34934744166402], [-99.25193884491627, 19.349354998828957], [-99.25173005221768, 19.349418525845348], [-99.25145446723202, 19.34952108761607], [-99.25130092769362, 19.349606331650058], [-99.2512992667774, 19.349607239634523], [-99.25127269896281, 19.34962153915379], [-99.25088646663261, 19.349830296362505], [-99.25055951432347, 19.350023462369453], [-99.24990238638883, 19.350467636320523], [-99.24968426741799, 19.350641937987024], [-99.24918066713452, 19.35110812638229], [-99.24916504712682, 19.351120645892994], [-99.24901073871986, 19.351227349150196], [-99.24868109072, 19.35148645738106], [-99.24866481356392, 19.35149752204583], [-99.24790099376415, 19.351943361524913], [-99.24789481889799, 19.35194676680282], [-99.24737199486208, 19.352218726820546], [-99.24702056707058, 19.352405960038013], [-99.24701106964815, 19.352410585817417], [-99.24646377901185, 19.35265306575341], [-99.24646153661095, 19.352654036976784], [-99.24597894622119, 19.352858297394178], [-99.24597037351673, 19.352861614038268], [-99.24571886108365, 19.3529500105986], [-99.24545053349196, 19.35309930173574], [-99.24517794522893, 19.353268152330738], [-99.2451578465782, 19.35327852533412], [-99.24480498344973, 19.35342723084226], [-99.2445513275722, 19.353536282175003], [-99.24453805099766, 19.353541247191895], [-99.24420736099592, 19.353647127699254], [-99.24420544910566, 19.35364772563685], [-99.24371005513323, 19.35379899270067], [-99.24341642319769, 19.354010518593096], [-99.2432796466713, 19.354114925307616], [-99.24327593267786, 19.354117665965745], [-99.24302025288137, 19.354300006341372], [-99.24301018245565, 19.354306568000677], [-99.24276481210235, 19.354452198016975], [-99.24273526374394, 19.354465539281783], [-99.24256968881836, 19.35451923034741], [-99.24213687033235, 19.35466186017908], [-99.24207181866443, 19.35468851019655], [-99.24197961402866, 19.354726276201692], [-99.24182790789241, 19.354826511179645], [-99.24150581157535, 19.355044195408276], [-99.24150128971381, 19.355047129061212], [-99.24134386888097, 19.355145108993003], [-99.24130222296692, 19.355162763360692], [-99.24116949358398, 19.355196233958313], [-99.24116702976607, 19.355196833022372], [-99.24100329067376, 19.355235173923926], [-99.24087018328477, 19.355313116839735], [-99.240755437011, 19.355453950139765], [-99.24072213168155, 19.35553564565574], [-99.2406705511497, 19.355711861765247], [-99.24059537512652, 19.35597955246012], [-99.24057399482254, 19.356138588443642], [-99.24056263494097, 19.356176908738373], [-99.24054003717833, 19.3562104447804], [-99.24050815027826, 19.35623630454208], [-99.2404161500222, 19.356291014399638], [-99.24036889052644, 19.356308959084025], [-99.24031800214144, 19.356310033853468], [-99.23910793943742, 19.356128329754277], [-99.23849638213612, 19.35605971148006], [-99.23849393980068, 19.356059417159557], [-99.23791586356057, 19.355984942897898], [-99.23748433856727, 19.356245159367443], [-99.23725448046817, 19.356383769083678], [-99.23708840854293, 19.356483910219485], [-99.23708669941077, 19.356484924824535], [-99.23701956395698, 19.356524156052632], [-99.23672593688853, 19.356702281382567], [-99.23672567367683, 19.35670244067213], [-99.2364398654398, 19.3568749880329], [-99.23614394375254, 19.35705694160079], [-99.23614349035607, 19.35705721922773], [-99.23589952057267, 19.357205989542013], [-99.2355823122249, 19.357399418177714], [-99.23513386476118, 19.35767289698343], [-99.23512939867625, 19.35767551179581], [-99.23500602083655, 19.357744810267818], [-99.23421183241992, 19.358190919798357], [-99.23420678451427, 19.35819362551662], [-99.23317614262504, 19.358720160469872], [-99.23311255913724, 19.358752802457683], [-99.23274850463724, 19.35893971290588], [-99.23274121378888, 19.35894320419359], [-99.23193337330675, 19.35930292410217], [-99.23193085486808, 19.35930401737162], [-99.23122105730555, 19.359604279792972], [-99.23064933769813, 19.36002271841421], [-99.2306418340753, 19.360027851296987], [-99.23044208429809, 19.360155371240626], [-99.23041128256882, 19.360170251654104], [-99.23037761661821, 19.360177674020772], [-99.23013952630524, 19.36020193508884], [-99.2300823729631, 19.36019674325327], [-99.22993555402907, 19.360153974757186], [-99.22946554954484, 19.360023660761964], [-99.22945937732209, 19.36002180432234], [-99.22932934023657, 19.359979591088734], [-99.22920342738183, 19.35996409831218], [-99.22889402619279, 19.3600611059729], [-99.22849323229853, 19.360333864670896], [-99.22816708630708, 19.360574135617384], [-99.22816046297154, 19.36057873184937], [-99.22803477159962, 19.360660802479643], [-99.22742622398145, 19.36105808807508], [-99.22740961555378, 19.361067427820153], [-99.2265715050135, 19.36146874875097], [-99.22656626942826, 19.36147113029939], [-99.22596818778584, 19.361729129471044], [-99.22593454888394, 19.361743640369337], [-99.22593330103444, 19.361744171829905], [-99.22532179002658, 19.362001282290056], [-99.22531993903435, 19.362002045735593], [-99.22493390917684, 19.3621581959192], [-99.22493283289516, 19.362158626350123], [-99.22418798006052, 19.36245311111579], [-99.22416846434962, 19.36249068927349], [-99.22409870213274, 19.36273777812783], [-99.22409370448057, 19.362752196195405], [-99.22390185381235, 19.36321635575197], [-99.22387803938793, 19.363254283351104], [-99.22345206963702, 19.363733294151626], [-99.22341557538117, 19.363762570437498], [-99.22309137583541, 19.36394437009396], [-99.22306808626028, 19.363954865004448], [-99.22254882757592, 19.36413638519339], [-99.22068331023074, 19.36478855450493], [-99.22058496614746, 19.364829795875433], [-99.22023234582085, 19.364978957786818], [-99.22009631854765, 19.365036394882615], [-99.22006295790734, 19.365046057343186], [-99.22002812441681, 19.365047757644618], [-99.21982951601598, 19.365034347933232], [-99.21959037873032, 19.365019073032617], [-99.21956759921264, 19.36501585169995], [-99.21881576312488, 19.36484981207666], [-99.21860980534906, 19.364850732482925], [-99.2184737677803, 19.364873618966506], [-99.21822069751974, 19.364944898799042], [-99.21750099360237, 19.36515295009003], [-99.21700467979853, 19.365307093962805], [-99.21667080628733, 19.365448657961114], [-99.21625297978274, 19.365710550615116], [-99.21571005632033, 19.366053554393304], [-99.21569410469938, 19.366062279278093], [-99.21557267418726, 19.366119137347003], [-99.21527465446081, 19.366258679461563], [-99.21526649012978, 19.366262204207988], [-99.21484115029743, 19.366430743945887], [-99.2148402210876, 19.366431108501477], [-99.21433690042969, 19.366626608837677], [-99.21432274255918, 19.366631300734117], [-99.21410294217053, 19.366692060725335], [-99.21408721332095, 19.366695506966717], [-99.21386473376702, 19.366731827359366], [-99.21383463212867, 19.366733674149454], [-99.2135397982227, 19.366722128501333], [-99.21260034446449, 19.36669317740618], [-99.2095180425255, 19.366596816605288], [-99.20901791932006, 19.366596248735007], [-99.20901589169833, 19.36659623277005], [-99.2081413807168, 19.366583452814268], [-99.20813963127297, 19.366583417069894], [-99.20749361875235, 19.366566458738397], [-99.206377975396, 19.366538033688045], [-99.20518729389396, 19.36652857464994], [-99.20518411826883, 19.36652851589339], [-99.20428554771843, 19.366502399592285], [-99.20420542994121, 19.366502777301054], [-99.2042029149115, 19.366502768141824], [-99.20311054376268, 19.366489658203765], [-99.20310821172221, 19.366489612131602], [-99.20200840065779, 19.36645935235337], [-99.2020081619412, 19.366459345595118], [-99.20091206076891, 19.366427440314983], [-99.20090733773183, 19.366427228510677], [-99.20068930484501, 19.36641401481818], [-99.2004913257917, 19.366402015953945], [-99.20032050471859, 19.366391662659556], [-99.20031959473206, 19.3663916047366], [-99.20010888484691, 19.366377550914397], [-99.2001075853794, 19.366377458586904], [-99.19984131751212, 19.36635738035293], [-99.19983721060981, 19.366357013954158], [-99.19875938174008, 19.36624592815914], [-99.19814255872929, 19.366191364184342], [-99.19766603332332, 19.36615500341062], [-99.19766321764823, 19.36615476191929], [-99.19657290709046, 19.366050911761565], [-99.19657069812438, 19.3660506848709], [-99.19603193011014, 19.36599131811542], [-99.19554130237998, 19.36596030748374], [-99.19548722932585, 19.365956889953786], [-99.19548216061702, 19.365956483442805], [-99.19439375427221, 19.365850633458205], [-99.19411464745636, 19.36582350391807], [-99.19365725481623, 19.365778992985998], [-99.19320401943267, 19.36573491258176], [-99.19277243784006, 19.3656929325227], [-99.19212065744269, 19.365629532721787], [-99.19207746267253, 19.365618661510805], [-99.19203992163794, 19.36559565411294], [-99.19201170912132, 19.365562762656964], [-99.19199558675837, 19.365523206792503], [-99.19199313271069, 19.365480858526496], [-99.19200458718726, 19.36543986320288], [-99.19202882893507, 19.36540423372726], [-99.19206348499858, 19.365377457756583], [-99.19210516300286, 19.36536215630468], [-99.19214978322208, 19.36535982718094], [-99.19280156279272, 19.365423226911542], [-99.19323314188398, 19.365465206734015], [-99.19368637991231, 19.36550928740252], [-99.19414376036745, 19.365553797156654], [-99.19442286254848, 19.365580926250647], [-99.19550874875986, 19.365686531171107], [-99.19556028384798, 19.365689788296773], [-99.19605441076656, 19.365721020101347], [-99.19606139242346, 19.365721625029614], [-99.19660253901628, 19.365781253895616], [-99.197690335808, 19.365884864639757], [-99.19816635649993, 19.365921186906412], [-99.19816816582527, 19.36592133595626], [-99.19878697555023, 19.36597607568483], [-99.19878914100325, 19.365976283042343], [-99.19986599935265, 19.36608726883785], [-99.200129561037, 19.36610714301225], [-99.20033916572615, 19.36612112312394], [-99.20050953124257, 19.36613144881005], [-99.2007075094873, 19.3661434476285], [-99.20092318220898, 19.36615651829017], [-99.20201679885304, 19.36618835126118], [-99.2031153229196, 19.366218575649924], [-99.20420526857562, 19.36623165649585], [-99.2042866702053, 19.36623127273484], [-99.20429175212576, 19.366231334593067], [-99.20519127410638, 19.366257478571377], [-99.20638168494011, 19.366266935468115], [-99.20638432342007, 19.366266979556872], [-99.20750134236273, 19.36629543967705], [-99.20814665442018, 19.36631237958773], [-99.20901927537052, 19.36632513193709], [-99.20952065097698, 19.36632570123268], [-99.20952518394255, 19.36632577466004], [-99.2126096487114, 19.366422203161783], [-99.2135496951271, 19.366451172534738], [-99.2135509486491, 19.366451216391525], [-99.21383125461982, 19.366462193144976], [-99.21403081916982, 19.36642961368886], [-99.21423564872377, 19.366372992133307], [-99.21473155447903, 19.36618037194215], [-99.21515228935962, 19.366013656956433], [-99.21544628464686, 19.36587599925601], [-99.21555944208043, 19.3658230149592], [-99.21609490284037, 19.36548472609292], [-99.21609533665868, 19.365484453099], [-99.21652314647092, 19.365216303073556], [-99.21654359911605, 19.36520565048436], [-99.21689493903173, 19.365056680697574], [-99.21690877785284, 19.365051613568838], [-99.21741354739753, 19.36489484357367], [-99.21741635296974, 19.364894002483197], [-99.21813795315916, 19.364685403058743], [-99.2181389341117, 19.364685123127906], [-99.21840024334655, 19.364611522710284], [-99.21841594995725, 19.36460800143757], [-99.218571980566, 19.364581751396333], [-99.21859623799827, 19.364579672055847], [-99.21883115753353, 19.36457862222301], [-99.21886420141036, 19.36458214816041], [-99.21962108811107, 19.36474930325543], [-99.21984897030868, 19.364763859233573], [-99.21984951486859, 19.3647638950092], [-99.22001280269984, 19.36477491995319], [-99.22011609722823, 19.36473130418386], [-99.22046888326206, 19.364582072223335], [-99.22046930316533, 19.364581895367216], [-99.22057198321836, 19.364538835685284], [-99.22058034200487, 19.36453562569544], [-99.22245009114845, 19.363881977162038], [-99.22295720790414, 19.363704701558333], [-99.22324939947201, 19.363540850941583], [-99.2236445339797, 19.36309651560276], [-99.22382485123204, 19.362660261430666], [-99.22389617811587, 19.362407632202025], [-99.22390602803209, 19.362382786986736], [-99.2239554581832, 19.36228760783334], [-99.22398581876433, 19.362248702475583], [-99.22402864777318, 19.36222240418157], [-99.22482244851, 19.36190856762523], [-99.225207012343, 19.361753010498962], [-99.22581697469892, 19.361496551250713], [-99.22584999065204, 19.36148230907998], [-99.226445427969, 19.361225450701692], [-99.22727230783275, 19.36082950764354], [-99.22787287052313, 19.360437435176564], [-99.22799517606092, 19.360357575393024], [-99.22832022337074, 19.360118114021667], [-99.22832457216157, 19.360115034107643], [-99.2287452923813, 19.359828714790968], [-99.22878371940693, 19.359810162660708], [-99.2291337181443, 19.359700426328445], [-99.22914472715976, 19.359696975029646], [-99.22920788564242, 19.359691260045476], [-99.2293803220469, 19.359712477260956], [-99.22940818170373, 19.35971864725216], [-99.22954875733366, 19.3597642815597], [-99.23001658351131, 19.35989399158341], [-99.23001844105502, 19.35989451962041], [-99.23013817122207, 19.359929397142018], [-99.23031198213829, 19.359911686059803], [-99.23047856596125, 19.359805339253814], [-99.23106012236981, 19.35937970140259], [-99.23108919630015, 19.359363232258453], [-99.23181330084444, 19.359056917763773], [-99.23261618874096, 19.35869940330242], [-99.23297665228115, 19.3585143365763], [-99.2330403702611, 19.358481625558152], [-99.23304062629958, 19.35848149443487], [-99.23406884234751, 19.35795619903672], [-99.23486053714659, 19.357511490431705], [-99.23498166303136, 19.357443456866335], [-99.23542790485008, 19.357171323293066], [-99.23574511997126, 19.356977890639673], [-99.23598886232442, 19.356829259096955], [-99.2362850562532, 19.35664713824228], [-99.23628605671742, 19.356646528680702], [-99.2365722345933, 19.356473758262542], [-99.23686674346237, 19.35629509810045], [-99.23686878132989, 19.35629388467257], [-99.23693608270632, 19.35625455650801], [-99.23710130072266, 19.356154930334423], [-99.23733115830242, 19.356016321010678], [-99.23780675047492, 19.35572953138794], [-99.23785279373882, 19.35571152845381], [-99.23790255039994, 19.35570962353588], [-99.23853113940459, 19.355790605524163], [-99.23914425663337, 19.355859398830603], [-99.23914980842474, 19.35586012684338], [-99.24030024358011, 19.356032877451707], [-99.24031323516006, 19.355936241636368], [-99.24031690488098, 19.355918485700954], [-99.24039473494528, 19.35564134603569], [-99.24039512874126, 19.35563997279911], [-99.24044878911288, 19.355456652316985], [-99.24045320089658, 19.355444020485265], [-99.24049654086373, 19.355337711159272], [-99.24051675919428, 19.35530370256512], [-99.2406601098364, 19.355127762120937], [-99.24069810034355, 19.35509531993387], [-99.24087235992715, 19.35499327982623], [-99.24091314066422, 19.354977036619918], [-99.24109737616509, 19.354933896329282], [-99.24120654900588, 19.354906366037095], [-99.241342360534, 19.35482183594126], [-99.24166284492294, 19.35460524125593], [-99.2416640887241, 19.35460441008756], [-99.24182822290568, 19.354495963738387], [-99.24185323202728, 19.354482755973212], [-99.24195862689496, 19.354439587412887], [-99.24202848139213, 19.354410969805553], [-99.24203823615694, 19.35440736996538], [-99.24247633573577, 19.354262999854974], [-99.24247700584692, 19.354262780794272], [-99.24262733131498, 19.354214034696486], [-99.2428535545525, 19.354079768770273], [-99.2431024661716, 19.353902255311386], [-99.2432389732411, 19.35379805436814], [-99.24324213559403, 19.35379570910097], [-99.24355677569676, 19.353569049534347], [-99.2435993818094, 19.353547984244543], [-99.24411701325106, 19.35338992710859], [-99.24443997996897, 19.353286519474505], [-99.24468761281474, 19.353180057582243], [-99.24468858387763, 19.35317964423522], [-99.2450314445495, 19.353035154077276], [-99.24529729448676, 19.352870477516102], [-99.24530312542436, 19.352867052209827], [-99.24558525534871, 19.352710081849153], [-99.24560788645674, 19.352699905852656], [-99.24586684288482, 19.352608893062225], [-99.24634407739177, 19.352406899625983], [-99.24688541077614, 19.35216705917173], [-99.2472328131754, 19.351981970675535], [-99.24723408179773, 19.35198130279855], [-99.24775440911866, 19.351710641639848], [-99.24850663757945, 19.351271568251562], [-99.2488319693373, 19.35101585285261], [-99.24883896380196, 19.351010693632965], [-99.248988570431, 19.350907241708793], [-99.2494885732526, 19.350444384003705], [-99.24949630829167, 19.350437729441357], [-99.24972284791758, 19.350256698884266], [-99.24973198471724, 19.350249977968094], [-99.25039743519906, 19.349800178854338], [-99.25040481009577, 19.349795514304084], [-99.25073789759604, 19.34959872368924], [-99.25074269700116, 19.3495960103038], [-99.25113146886392, 19.349385880591466], [-99.25113169345602, 19.349385759455068], [-99.25115753993258, 19.349371848186262], [-99.25131986200319, 19.349281728191656], [-99.25133983682208, 19.34927253543784], [-99.25163000707062, 19.349164545647106], [-99.25163854497112, 19.34916166132234], [-99.25184152182302, 19.34909990385038], [-99.25225576261032, 19.34890561867039], [-99.25244408756778, 19.348817295360494], [-99.2531216848936, 19.348442672408304], [-99.25334150373556, 19.348251377549648], [-99.25360015625375, 19.34800088334733], [-99.25403860962778, 19.347330558540033], [-99.25407942958307, 19.347264177850263], [-99.25409972937031, 19.347103416870578], [-99.25408188876489, 19.346750510286512], [-99.25408172535171, 19.346744443941983], [-99.25408101375638, 19.34653197231573], [-99.2539366657917, 19.346281887964402], [-99.25393450914687, 19.346278003551852], [-99.25385091425635, 19.346121337163677], [-99.25383204666707, 19.346086953109868], [-99.253821331924, 19.346080322516507], [-99.25378737607348, 19.34606485612627], [-99.25375575228828, 19.346058384312986], [-99.25373724880211, 19.346057100347153], [-99.25373446669356, 19.346058289044237], [-99.25371334750241, 19.34607620091147], [-99.25369908812694, 19.34609899510164], [-99.25367881291912, 19.346153245764867], [-99.25364480468771, 19.346249570327185], [-99.25362974556124, 19.346306512082588], [-99.25362801586999, 19.346312473244296], [-99.25361574228225, 19.346351291643693], [-99.25358026425458, 19.346463498591966], [-99.25356088344773, 19.34650171346439], [-99.25353001005925, 19.346532373244575], [-99.25349066619093, 19.34655247673477], [-99.2534467031003, 19.34656005606123], [-99.25340242421065, 19.34655436930484], [-99.2533621638582, 19.346535973126112], [-99.25332986301333, 19.346506668274902], [-99.25330868350838, 19.346469323319024], [-99.25330069853524, 19.346427593847064], [-99.2533066897091, 19.346385564632286], [-99.2533421676917, 19.346273358419356], [-99.25335350479203, 19.346237502093974], [-99.25336911735351, 19.346178468057722], [-99.25337222128057, 19.34616839893489], [-99.25340838493129, 19.346065969867563], [-99.2534092015162, 19.34606372258643], [-99.25343456433522, 19.34599585922282], [-99.25344636308776, 19.345971969344983], [-99.25347898628661, 19.345919819960855], [-99.25350662754481, 19.345887946556697], [-99.2535605905104, 19.34584217887023], [-99.25359712642559, 19.345819650815464], [-99.25365297944637, 19.34579578679031], [-99.2536867354014, 19.345785911139416], [-99.25372201242263, 19.34578420159476], [-99.25378651967173, 19.345788677789884], [-99.25380620676209, 19.345791361972804], [-99.25384555177706, 19.34579941393892], [-99.253783462621, 19.34573485784991], [-99.25375859465008, 19.345723712055328], [-99.2537072332955, 19.345710129929945], [-99.25366299501371, 19.34570773937649], [-99.2532153746512, 19.34572672436296], [-99.25246759922449, 19.34575984399722], [-99.25128982205563, 19.34581750968569], [-99.25128338994611, 19.34581768680454], [-99.25123824158972, 19.34581796415029], [-99.2511497018199, 19.345823348446874], [-99.25107439962132, 19.345841892004024], [-99.25102076642465, 19.345860533155715], [-99.25098072265632, 19.345893896145608], [-99.25095095521858, 19.34593456820486], [-99.2509355169438, 19.345980402383628], [-99.25093870807363, 19.34601187580551], [-99.25093597813112, 19.3460542087783], [-99.25091960002091, 19.346093669086333], [-99.25089117693886, 19.346126394076524], [-99.25085349113223, 19.34614918039411], [-99.25081023155457, 19.346159797551135], [-99.25076563276376, 19.34615720626387], [-99.25072406041046, 19.346141660186028], [-99.25068958389393, 19.346114681079232], [-99.2506655780179, 19.346078909851148], [-99.25065439264053, 19.34603784804323], [-99.25064838994571, 19.345978643744687], [-99.25065451561566, 19.3459243783865], [-99.25065912996762, 19.345910678042486], [-99.2506854155127, 19.345832640146437], [-99.2507041575961, 19.345796580080584], [-99.25075610383891, 19.34572560465788], [-99.25077918156465, 19.34570106736418], [-99.2508523957492, 19.345640068062934], [-99.25089750129145, 19.34561465380761], [-99.25098270875422, 19.34558503848226], [-99.25099595077262, 19.34558111695418], [-99.25109113677046, 19.34555767691005], [-99.2511178696198, 19.345553610341547], [-99.25122407885196, 19.345547151531015], [-99.25123228561037, 19.3455468770156], [-99.25127832327865, 19.345546594208592], [-99.25245323501443, 19.345489068824826], [-99.25245393599579, 19.345489036140545], [-99.2532022017848, 19.345455894801276], [-99.25320248391702, 19.345455882570175], [-99.25365749312249, 19.345436584198776], [-99.25367198563818, 19.345436668211704], [-99.25373884313389, 19.345440281064736], [-99.2537690536211, 19.34544503497678], [-99.25384693374326, 19.34546562979191], [-99.25386958477671, 19.34547363501467], [-99.25393090903789, 19.345501120463883], [-99.253975402646, 19.34553230433281], [-99.25409105188318, 19.345652548385726], [-99.25411564452169, 19.345687958627895], [-99.25412750550974, 19.345728849241898], [-99.25412547380233, 19.345771217572118], [-99.25410974826683, 19.345810916310867], [-99.25408186822034, 19.345844059465907], [-99.25404456275365, 19.34586740274963], [-99.25401341614327, 19.34587554267535], [-99.25401940762717, 19.3458792503751], [-99.25404720024332, 19.34590174060869], [-99.25406807461134, 19.34593018635095], [-99.25410461578831, 19.34599677835496], [-99.25410535803817, 19.34599815000304], [-99.25414950332234, 19.346080883121825], [-99.2541717157765, 19.34604393008458], [-99.25418618179252, 19.346024172747057], [-99.25453358941179, 19.345629647799463], [-99.25454767137865, 19.345615788233673], [-99.25582893361545, 19.34452208463347], [-99.25584009110787, 19.34451348369528], [-99.25617222096622, 19.34428278024542], [-99.25727479790217, 19.343288758702165], [-99.25845988356576, 19.342193916605986], [-99.25848433306066, 19.34217579176568], [-99.25948138303231, 19.341590041861224], [-99.25949307781366, 19.341583871037063], [-99.26289745819426, 19.339980820376585], [-99.26403414028162, 19.33935898029526], [-99.26407586526872, 19.339343811489197], [-99.26412048618533, 19.339341624273583], [-99.26416363523552, 19.339352632747715], [-99.26420108869864, 19.339375759327744], [-99.26422918037308, 19.339408740227263], [-99.26424516044797, 19.339448347050745], [-99.26424746467464, 19.339490702809695], [-99.26423586748903, 19.339531661427923], [-99.26421150409548, 19.339567213588175], [-99.26417675934837, 19.33959387919297], [-99.2630362194415, 19.340217830042054]]]]}}, {"type": "Feature", "properties": {"CVEGEO": "090100001", "CVE_ENT": "09", "CVE_MUN": "010", "CVE_LOC": "0001", "CVEVIAL": "04669", "CVESEG": "00002", "NOMVIAL": "Arquitecto Carlos Lazo", "TIPOVIAL": "Calle", "SENTIDO": "Un sentido", "TIPOSEN": 1, "AMBITO": "Urbana", "MINUTES": 1.97789742868, "LENGTH": 0.18630523399384671, "VELOCIDAD": 3.0, "T_VIAL2024": "V\u00edas de acceso controlado - Viaductos", "NOMENCLATU": "Carlos Lazo", "NOTA2024": null, "NombreMate": "Carlos Lazo", "ID": 16, "TIPO_VIA": "V\u00edas de acceso controlado - Viaductos", "NOMBRE": "Carlos Lazo"}, "geometry": {"type": "MultiPolygon", "coordinates": [[[[-99.26100181986476, 19.36082698254599], [-99.2609478743262, 19.360910142020945], [-99.26093409501061, 19.361011111383643], [-99.26093625972669, 19.361131662181332], [-99.26095181467029, 19.36118906658773], [-99.26096219271778, 19.361200028112055], [-99.2610321791341, 19.361259476558068], [-99.26110454445795, 19.361313209841512], [-99.26121431271922, 19.36134481476832], [-99.2613791734201, 19.361341112703414], [-99.26165822070809, 19.361295949978217], [-99.26170290394023, 19.361295448616794], [-99.26174556346109, 19.36130807692818], [-99.2617820234681, 19.361332598767895], [-99.26180871500532, 19.361366613771946], [-99.26182302531623, 19.361406792319396], [-99.26182355359978, 19.361449201457106], [-99.26181024813351, 19.361489689883424], [-99.26178441134059, 19.361524294306452], [-99.26174857230274, 19.361549627399633], [-99.26170623919755, 19.36156320937864], [-99.26141694863918, 19.36161002993549], [-99.2613963180283, 19.36161192095995], [-99.26119815847353, 19.361616370771312], [-99.26115331736744, 19.361610570984933], [-99.260996087437, 19.361565300696213], [-99.26094954277886, 19.361542346559144], [-99.2608524419283, 19.361470246410043], [-99.2608451984732, 19.36146449149636], [-99.26076589895251, 19.361397132171284], [-99.26075491229673, 19.361386725488966], [-99.26071596214516, 19.361345585412305], [-99.26069630480339, 19.36131900230418], [-99.26068387350647, 19.361288744508315], [-99.26065541346605, 19.361183714126188], [-99.26065093291712, 19.361152259773846], [-99.26064830374025, 19.361005829446995], [-99.26064946625907, 19.360986106659887], [-99.26066852592626, 19.36084644672785], [-99.26068854645551, 19.36079278826116], [-99.2607619469135, 19.360679638428113], [-99.26076917450739, 19.3606695446152], [-99.26093266404465, 19.360461974820524], [-99.26096468916504, 19.360432396005052], [-99.26100477729099, 19.36041365756869], [-99.26104900432371, 19.360407593756243], [-99.26109304102292, 19.36041479813444], [-99.26113257677952, 19.36043456549004], [-99.26116374156413, 19.36046496086048], [-99.26118348475039, 19.36050300893994], [-99.26118987373141, 19.360544985321216], [-99.26118228309933, 19.360586781065127], [-99.2611614558683, 19.360624304911532], [-99.26100181986476, 19.36082698254599]]]]}}, {"type": "Feature", "properties": {"CVEGEO": "090100001", "CVE_ENT": "09", "CVE_MUN": "010", "CVE_LOC": "0001", "CVEVIAL": "00368", "CVESEG": "00008", "NOMVIAL": "Diego Rivera", "TIPOVIAL": "Calle", "SENTIDO": "Dos sentidos", "TIPOSEN": 2, "AMBITO": "Urbana", "MINUTES": 1.10205260249, "LENGTH": 0.11805775590957567, "VELOCIDAD": 3.0, "T_VIAL2024": "V\u00edas primarias  - Avenidas primarias", "NOMENCLATU": "Av Altavista", "NOTA2024": null, "NombreMate": "Av Altavista", "ID": 5, "TIPO_VIA": "V\u00edas primarias  - Avenidas primarias", "NOMBRE": "Av Altavista"}, "geometry": {"type": "MultiPolygon", "coordinates": [[[[-99.19805154169367, 19.348869758807627], [-99.19794124780103, 19.34892656474054], [-99.19789437217395, 19.349025450763254], [-99.19777421860765, 19.349498426430777], [-99.19775707814084, 19.34953759420969], [-99.19772802497688, 19.349569817482646], [-99.19768990304019, 19.349591942006423], [-99.19764644397615, 19.349601802074154], [-99.19760190186997, 19.349598432511442], [-99.19756063682358, 19.34958216315523], [-99.1975266881546, 19.349554586566818], [-99.19750337899697, 19.349518402139573], [-99.19749299100884, 19.349477151861684], [-99.19749654102964, 19.349434873600014], [-99.19761982116324, 19.348949593629417], [-99.19762841858375, 19.34892574661868], [-99.19770053868906, 19.34877360683198], [-99.1977261089934, 19.348737003842988], [-99.19776266589648, 19.34871008127581], [-99.19793785578945, 19.348619851263216], [-99.19798578638445, 19.348604801181207], [-99.19820659631137, 19.34857488141715], [-99.19825127416195, 19.348575529545325], [-99.19829355432262, 19.348589250542208], [-99.1983292981249, 19.348614701303905], [-99.19835500671937, 19.34864939053713], [-99.19836816356627, 19.34868992262263], [-99.19836748077326, 19.348732330000256], [-99.19835302516653, 19.348772461540367], [-99.19832621175331, 19.348806388885308], [-99.19828966521435, 19.348830790985577], [-99.1982469629829, 19.348843279189012], [-99.19805154169367, 19.348869758807627]]]]}}, {"type": "Feature", "properties": {"CVEGEO": "090100001", "CVE_ENT": "09", "CVE_MUN": "010", "CVE_LOC": "0001", "CVEVIAL": "00324", "CVESEG": "00009", "NOMVIAL": "Avenida de los Leones", "TIPOVIAL": "Avenida", "SENTIDO": "Dos sentidos", "TIPOSEN": 2, "AMBITO": "Urbana", "MINUTES": 2.35619754636, "LENGTH": 1.046507113151383, "VELOCIDAD": 3.0, "T_VIAL2024": "V\u00edas primarias  - Avenidas primarias", "NOMENCLATU": "Calzada de los Leones", "NOTA2024": null, "NombreMate": "Calzada de los Leones", "ID": 17, "TIPO_VIA": "V\u00edas primarias  - Avenidas primarias", "NOMBRE": "Calzada de los Leones"}, "geometry": {"type": "MultiPolygon", "coordinates": [[[[-99.19554330706704, 19.36403081915164], [-99.19554483137368, 19.364022144514195], [-99.19570446217429, 19.36326580453124], [-99.19571255617912, 19.3632405448119], [-99.19595464652555, 19.36268594564085], [-99.19595732728422, 19.362680186357625], [-99.196248587605, 19.362091806418515], [-99.1962494822041, 19.36209003275677], [-99.19658274471432, 19.361441414319373], [-99.19689537383604, 19.360799538718044], [-99.19689588533005, 19.360798500091832], [-99.19737534817793, 19.35983554557291], [-99.19779172383006, 19.358923188149202], [-99.1979774536882, 19.358493317272632], [-99.19834658050478, 19.357640074957516], [-99.19891234582497, 19.356239398881453], [-99.19884633101535, 19.356177218011258], [-99.19880707480972, 19.356140315202914], [-99.1987806359937, 19.356106123227583], [-99.19876662331006, 19.356065850235865], [-99.19876640840967, 19.356023438431727], [-99.1987800123181, 19.35598303937822], [-99.19880610338151, 19.355948607613435], [-99.19884212762146, 19.35592351355386], [-99.19888455873735, 19.355910213576262], [-99.19892924328418, 19.35591000957217], [-99.19897180723754, 19.355922921510775], [-99.1990080841496, 19.3559476854843], [-99.19904739086327, 19.355984635731783], [-99.19917963603264, 19.356109200198706], [-99.19920434358244, 19.35614038344756], [-99.19921866991525, 19.35617695448959], [-99.19922142819847, 19.356215883697704], [-99.19921238992148, 19.356253946086944], [-99.19861270013688, 19.357738616379045], [-99.19861146081921, 19.357741579822566], [-99.19824173418525, 19.358596211783027], [-99.19805548643242, 19.3590272829305], [-99.19805439954567, 19.35902972997007], [-99.197636540575, 19.359945340829192], [-99.19763461409099, 19.359949379705274], [-99.19715441245393, 19.36091382108072], [-99.19684141695204, 19.36155645099756], [-99.19684014804388, 19.361558986976767], [-99.19650669210354, 19.36220798387046], [-99.19621728389077, 19.362792624206566], [-99.19598181324533, 19.363332060482332], [-99.19582583905975, 19.364071081159356], [-99.19572459374874, 19.36479035066665], [-99.19571182003844, 19.364830993308928], [-99.19568643849038, 19.36486590043636], [-99.19565093362354, 19.364891655091622], [-99.1956087809043, 19.364905736224912], [-99.19556410654253, 19.36490676547371], [-99.19552128358637, 19.36489464208765], [-99.19548450385385, 19.36487055279079], [-99.19545736760524, 19.364836855615838], [-99.19544253112296, 19.364796849081742], [-99.19544144669727, 19.364754449309896], [-99.19554330706704, 19.36403081915164]]]]}}, {"type": "Feature", "properties": {"CVEGEO": "090100001", "CVE_ENT": "09", "CVE_MUN": "010", "CVE_LOC": "0001", "CVEVIAL": "01351", "CVESEG": "00004", "NOMVIAL": "5 de Mayo", "TIPOVIAL": "Avenida", "SENTIDO": "Dos sentidos", "TIPOSEN": 2, "AMBITO": "Urbana", "MINUTES": 4.05969156924, "LENGTH": 2.8327646991603306, "VELOCIDAD": 3.0, "T_VIAL2024": "V\u00edas primarias  - Avenidas primarias", "NOMENCLATU": "5 de Mayo", "NOTA2024": null, "NombreMate": "5 Mayo", "ID": 1, "TIPO_VIA": "V\u00edas primarias  - Avenidas primarias", "NOMBRE": "5 de Mayo"}, "geometry": {"type": "MultiPolygon", "coordinates": [[[[-99.2156454217076, 19.360793468338528], [-99.21596193622943, 19.360470079032797], [-99.21596521231737, 19.36046684099603], [-99.21609159818418, 19.360345993531293], [-99.21611290027226, 19.36032563650753], [-99.21622519539231, 19.3602179925776], [-99.21625932362309, 19.36019383701116], [-99.21647554383777, 19.360084066989774], [-99.21651775919032, 19.360070159435693], [-99.21656243646319, 19.360069313989083], [-99.21660520234393, 19.360081613407857], [-99.21664187061887, 19.36010585374182], [-99.21666885194546, 19.360139662182682], [-99.21668350520076, 19.36017972932936], [-99.21668439601399, 19.360222133133444], [-99.21667143717578, 19.36026272281546], [-99.21664589717884, 19.3602975251719], [-99.21661027605231, 19.360323133501154], [-99.21641303771833, 19.3604232669179], [-99.21631581145728, 19.360516466229555], [-99.21631565674882, 19.360516614302156], [-99.21629432028467, 19.360537004193183], [-99.21616961506167, 19.3606562448052], [-99.21583241398574, 19.36100077035948], [-99.21577958953945, 19.36103483200993], [-99.21381538571859, 19.361760648509982], [-99.21377640651875, 19.361812706979954], [-99.21377570506043, 19.361813635496855], [-99.21367682696811, 19.361943361869475], [-99.2136476757124, 19.36197172731947], [-99.21361112765872, 19.361990880504028], [-99.21350650389286, 19.362028010018083], [-99.21328193784207, 19.362119776880018], [-99.21315376732952, 19.362208532861764], [-99.2129919247586, 19.3623338134587], [-99.21285249028941, 19.362461325466693], [-99.21284790105918, 19.362465522131235], [-99.21283030692346, 19.36247922175978], [-99.21250416446712, 19.3626943282452], [-99.21224998470998, 19.362916264756517], [-99.2120798381339, 19.363094895489123], [-99.21182813100076, 19.36350587678814], [-99.21182484808241, 19.36351205136335], [-99.21141969086713, 19.36427403557771], [-99.21139356484422, 19.364308444292156], [-99.21135751425905, 19.36433350655957], [-99.2113150679971, 19.36434676910597], [-99.21127857755738, 19.36434690350907], [-99.2112152306362, 19.364516069465207], [-99.2112144559393, 19.364518087459377], [-99.21117762928164, 19.36461170408597], [-99.2111662862073, 19.36463405085451], [-99.21109788672004, 19.36474221134391], [-99.21107071184328, 19.36477343008813], [-99.21103503364711, 19.364795637928793], [-99.21078667355889, 19.364903897871528], [-99.21075066176911, 19.364914405818975], [-99.21056075596427, 19.364944602976774], [-99.21019854978698, 19.365002269865148], [-99.20988035789944, 19.3650840205108], [-99.20846630733428, 19.3654709441972], [-99.20834433254369, 19.36550431494312], [-99.20830009463526, 19.365509546189383], [-99.20753731709978, 19.3654858343242], [-99.20641769143313, 19.36547892660947], [-99.2064137267014, 19.365478849888635], [-99.20452536441506, 19.365417399603714], [-99.20452291546484, 19.365417299924395], [-99.20429314917942, 19.365406072254775], [-99.20321158418542, 19.365398205594097], [-99.20213821309937, 19.36539152646532], [-99.20213803802437, 19.365391525273544], [-99.20104082692562, 19.365383414738222], [-99.20103158237858, 19.365383061971404], [-99.19993902768945, 19.365307667795783], [-99.19964326137608, 19.365297011366966], [-99.19963506365156, 19.365296491565942], [-99.19884298987074, 19.365224497686455], [-99.19776567914846, 19.365151434571203], [-99.19775814762173, 19.365150733001727], [-99.19666880536401, 19.36502152137773], [-99.19556748448048, 19.364907154964627], [-99.19552436937954, 19.364896003209445], [-99.1954869954428, 19.364872752307086], [-99.19545902109581, 19.364839678222296], [-99.1954431846604, 19.364800018481652], [-99.19544103630952, 19.364757655260153], [-99.19545278632842, 19.36471673536566], [-99.19547728453438, 19.364681264320172], [-99.1955121328681, 19.364654714272348], [-99.19555392013403, 19.364639684121148], [-99.19559855591113, 19.364637645119213], [-99.19670096526401, 19.364752124577997], [-99.19670314382604, 19.364752366884034], [-99.19778981665888, 19.36488126190734], [-99.19886507018566, 19.364954185504732], [-99.19886850696918, 19.364954458194205], [-99.19965820513706, 19.365026236172923], [-99.1999523366126, 19.365036833698017], [-99.19995727664922, 19.36503709306913], [-99.20104768095169, 19.365112338891763], [-99.20214017441063, 19.3651204145574], [-99.20321353569844, 19.365127093641004], [-99.20321369472175, 19.36512709471409], [-99.20429846458059, 19.36513498469255], [-99.20430471482211, 19.365135160042424], [-99.20453637980444, 19.365146480499604], [-99.20642153224742, 19.36520782636546], [-99.2075410476695, 19.365214733405494], [-99.20754479576492, 19.365214803210993], [-99.20828689126664, 19.365237872212028], [-99.20838717521073, 19.365210435802425], [-99.20980234203999, 19.364823206732787], [-99.20980458853938, 19.364822610831226], [-99.21013067834227, 19.3647388310405], [-99.21014437056402, 19.364735989337394], [-99.21051351029861, 19.364677218570726], [-99.21068471680242, 19.36464999482157], [-99.21087567889857, 19.364566754657226], [-99.21091460061812, 19.36450520766021], [-99.21094644171748, 19.364424265095288], [-99.21101061811152, 19.364252884805868], [-99.2112659936479, 19.363529437072977], [-99.21126800826121, 19.363524102729198], [-99.21149828712417, 19.362952282034957], [-99.21152277847797, 19.36291299416934], [-99.21172132767492, 19.36269082121463], [-99.21173675790226, 19.36267602616699], [-99.2124044720452, 19.362127290711467], [-99.21241840021487, 19.362117194265284], [-99.21281392337711, 19.36186537811854], [-99.21283399432858, 19.3618547161781], [-99.21317245845904, 19.361707524306627], [-99.21318013663671, 19.36170443927218], [-99.21366279391412, 19.361526091686482], [-99.2136719116722, 19.36152272300956], [-99.2156454217076, 19.360793468338528]], [[-99.21174137791695, 19.36310803403845], [-99.21178129113746, 19.363042864778848], [-99.21175641020635, 19.36307070609482], [-99.21174137791695, 19.36310803403845]]]]}}, {"type": "Feature", "properties": {"CVEGEO": "090100001", "CVE_ENT": "09", "CVE_MUN": "010", "CVE_LOC": "0001", "CVEVIAL": "04858", "CVESEG": "00001", "NOMVIAL": "San Jer\u00f3nimo", "TIPOVIAL": "Avenida", "SENTIDO": "Un sentido", "TIPOSEN": 1, "AMBITO": "Urbana", "MINUTES": 3.36796732688, "LENGTH": 1.6191958273993254, "VELOCIDAD": 3.0, "T_VIAL2024": "V\u00edas primarias - Ejes viales", "NOMENCLATU": "San Jeronimo", "NOTA2024": null, "NombreMate": "San Jer\u00f3nimo Eje 10 Sur", "ID": 24, "TIPO_VIA": "V\u00edas primarias - Ejes viales", "NOMBRE": "San Jeronimo"}, "geometry": {"type": "MultiPolygon", "coordinates": [[[[-99.19316931273616, 19.336873726716984], [-99.19335252701482, 19.33672491877965], [-99.19337678763726, 19.33670901620753], [-99.19421623771005, 19.336272725882395], [-99.19425830191692, 19.336258427694947], [-99.19430296193838, 19.336257168226073], [-99.1943458461507, 19.33626907076099], [-99.19438275675716, 19.336292970199175], [-99.19441008069428, 19.336326527101544], [-99.19442514330223, 19.336366456689397], [-99.19442647014, 19.33640885037958], [-99.19441393131721, 19.336449558382718], [-99.19438875421241, 19.336484595913305], [-99.19435340333216, 19.33651053324926], [-99.19352695204623, 19.336940067905232], [-99.1933347733407, 19.337096156916207], [-99.19328944607886, 19.33712099130804], [-99.19322841197123, 19.33714143304634], [-99.19318447086988, 19.337149114298455], [-99.19314017985647, 19.337143530176974], [-99.193099874454, 19.337125227295786], [-99.19306750004266, 19.337095997272137], [-99.19304622565602, 19.337058701349193], [-99.19303813377365, 19.33701699031585], [-99.19304401647578, 19.33697494714046], [-99.19306329791252, 19.33693668730081], [-99.19309409067593, 19.33690595593285], [-99.19313338055517, 19.336885761232203], [-99.19316931273616, 19.336873726716984]]], [[[-99.20856590352267, 19.331584172297152], [-99.20857392422009, 19.33158113705067], [-99.2091044481076, 19.331397814548733], [-99.2093311101098, 19.331308839262075], [-99.20933337673148, 19.331307970994196], [-99.20951420144581, 19.331240405317878], [-99.20951435795318, 19.331240346939342], [-99.21000554742602, 19.331057445231735], [-99.21001085826295, 19.33105558210789], [-99.21045798361463, 19.33090821880246], [-99.21050196311178, 19.330900747253885], [-99.21054622228345, 19.330906542555528], [-99.21058642874354, 19.330925037424112], [-99.21061864681008, 19.330954421456752], [-99.21063972275475, 19.330991818344415], [-99.21064759351161, 19.33103356742325], [-99.21064148862644, 19.331075582004296], [-99.21062200567798, 19.331113749406416], [-99.21059105178648, 19.331144333534635], [-99.21055165693397, 19.331164340596576], [-99.2101072058542, 19.33131082255185], [-99.20961872998453, 19.33149271385058], [-99.20943912049978, 19.331559825470652], [-99.20921074987332, 19.331649471492515], [-99.20920502657471, 19.331651582544353], [-99.20867567512855, 19.33183449996317], [-99.20808762511447, 19.332076838795214], [-99.2080661105686, 19.332106408529846], [-99.20806579517962, 19.33210684021126], [-99.20790932412221, 19.33232012233358], [-99.20788259400427, 19.332347547648965], [-99.20784899225488, 19.33236700428494], [-99.2076428730944, 19.33245192307373], [-99.2076305843533, 19.3324563595886], [-99.20733508481229, 19.332548499915863], [-99.20732066353969, 19.33255221545221], [-99.2070908030482, 19.332599335160072], [-99.20707808280345, 19.33260137678943], [-99.20588463124606, 19.3327406340914], [-99.20553082455547, 19.332836657536077], [-99.20549683588436, 19.332841787599758], [-99.20546254133981, 19.332839049581683], [-99.20510306736857, 19.33276820498787], [-99.20499160391093, 19.332791744356047], [-99.20491884802539, 19.332807110560104], [-99.20491838030405, 19.332807208562603], [-99.20452752601415, 19.33288845220291], [-99.20451053428938, 19.332890977677092], [-99.2042452340306, 19.332914989078006], [-99.20424466337442, 19.332915066233802], [-99.20410957200826, 19.332935775129688], [-99.20269329914045, 19.33315330969639], [-99.20269099529366, 19.333153645258434], [-99.20195236882293, 19.333255377165425], [-99.20092258067778, 19.333396901993567], [-99.20090503744183, 19.333398272349182], [-99.20080042235872, 19.33340030161755], [-99.20077127043206, 19.333398022750195], [-99.20034593079907, 19.333322562709565], [-99.20024335156334, 19.333313928130337], [-99.19994761698004, 19.333360287968816], [-99.19990293902327, 19.33336056709583], [-99.19986035690182, 19.333347726683442], [-99.19982403885892, 19.33332302364338], [-99.19979753996108, 19.33328887608586], [-99.19978345410208, 19.33324862661636], [-99.19978316009568, 19.33320621513636], [-99.19979668671095, 19.333165793177162], [-99.19982270986007, 19.333131317519076], [-99.19985868221241, 19.333106162875175], [-99.19990108254652, 19.333092791552634], [-99.20021467153455, 19.33304363281764], [-99.20025055237015, 19.33304235117989], [-99.20037801328738, 19.333053080173933], [-99.20039163481167, 19.333054857573554], [-99.20080928705784, 19.333128953815528], [-99.20089038627422, 19.333127380695426], [-99.20191138119243, 19.33298706432647], [-99.20264883160019, 19.332885494414082], [-99.20406397385256, 19.332668133525654], [-99.20420044432346, 19.33264721321436], [-99.20420307403424, 19.332646833910616], [-99.20420824362694, 19.3326461349538], [-99.20421482622831, 19.332645392476397], [-99.20447485033871, 19.332621858613493], [-99.20485705448401, 19.3325424130074], [-99.20492957770072, 19.332527095945373], [-99.20505410444257, 19.33250079781081], [-99.20634903963209, 19.331891136814793], [-99.20638902079101, 19.331878863974335], [-99.20643103393986, 19.331878168623085], [-99.2072073071665, 19.331974677447885], [-99.20745783445, 19.3319681455436], [-99.20770690558909, 19.33190261155152], [-99.20794558355772, 19.33183980963037], [-99.20856590352267, 19.331584172297152]], [[-99.20565276126771, 19.33252158159408], [-99.20581686408474, 19.332477043842953], [-99.20583869760016, 19.332472834077766], [-99.20703682875708, 19.332333030816002], [-99.20725306424917, 19.33228870413875], [-99.20740704476499, 19.332240691227977], [-99.20720387061307, 19.332245988475716], [-99.20718140636065, 19.33224489179284], [-99.20643702058402, 19.33215234744641], [-99.20565276126771, 19.33252158159408]]]]}}, {"type": "Feature", "properties": {"CVEGEO": "090100001", "CVE_ENT": "09", "CVE_MUN": "010", "CVE_LOC": "0001", "CVEVIAL": "06004", "CVESEG": "00003", "NOMVIAL": "Centenario Oriente", "TIPOVIAL": "Avenida", "SENTIDO": "Un sentido", "TIPOSEN": 1, "AMBITO": "Urbana", "MINUTES": 0.71710245222, "LENGTH": 0.40516376055688574, "VELOCIDAD": 3.0, "T_VIAL2024": "V\u00edas primarias  - Avenidas primarias", "NOMENCLATU": "Av Centenario", "NOTA2024": null, "NombreMate": "Av Centenario", "ID": 6, "TIPO_VIA": "V\u00edas primarias  - Avenidas primarias", "NOMBRE": "Av Centenario"}, "geometry": {"type": "MultiPolygon", "coordinates": [[[[-99.25097371397122, 19.34619779719286], [-99.25099526769463, 19.346260461405553], [-99.25100911408411, 19.34628060176766], [-99.25102904330807, 19.34630806057693], [-99.25105553086027, 19.3463313899261], [-99.25110951845174, 19.34635400516637], [-99.25137480917044, 19.346420739267472], [-99.25184937712882, 19.346517216706207], [-99.2519282781083, 19.346523340022344], [-99.25213351150434, 19.34651541480999], [-99.25217789140895, 19.346520341240687], [-99.25221849537736, 19.346538043920244], [-99.25225134881707, 19.346566789990625], [-99.25227323580546, 19.34660376559097], [-99.25228201388636, 19.346645351296083], [-99.25227682379048, 19.346687476409368], [-99.25225817355053, 19.346726017430235], [-99.25222788877508, 19.346757201691446], [-99.25218893394798, 19.346777976655435], [-99.25214512224441, 19.346786308719807], [-99.25193115602056, 19.346794571154245], [-99.25191371288373, 19.346794232349524], [-99.25181687831142, 19.346786717251995], [-99.25179860710529, 19.346784162007364], [-99.25131163304088, 19.346685162478632], [-99.25130495750246, 19.34668364523231], [-99.2510255198792, 19.34661335245851], [-99.25100444379345, 19.346606335757755], [-99.25091828986022, 19.34657024612156], [-99.25087880991708, 19.346545596812657], [-99.25082322318097, 19.34649663783053], [-99.25080275668515, 19.34647417337629], [-99.25077288276762, 19.346433012530134], [-99.25077088884849, 19.346430190192912], [-99.25074575692362, 19.346393634297055], [-99.25072959618112, 19.34636162352292], [-99.25069906034307, 19.346272844741698], [-99.25069418017178, 19.346254325269474], [-99.25065590787074, 19.346048414322045], [-99.25065512380465, 19.346006008646047], [-99.25066818355164, 19.345965448470473], [-99.25069380872402, 19.345930704105314], [-99.25072949094773, 19.34590517656661], [-99.25077173740083, 19.345891364663036], [-99.2508164127142, 19.345890620396887], [-99.25085914376726, 19.34590301662184], [-99.25089574775548, 19.345927339911622], [-99.25092264162909, 19.34596120933766], [-99.25093719282562, 19.346001309529203], [-99.25097371397122, 19.34619779719286]]], [[[-99.25330812322107, 19.346367723206942], [-99.25328120151997, 19.346345857782488], [-99.25326077934393, 19.34631837439557], [-99.25319056194193, 19.346193394115904], [-99.25317582943045, 19.346152584162127], [-99.25315673976657, 19.346047232380958], [-99.25315467380405, 19.34602384516321], [-99.253154957498, 19.345934668639043], [-99.25316667612239, 19.34588129927355], [-99.25322058917052, 19.345762890665316], [-99.25324360091174, 19.345728063237328], [-99.25332728840127, 19.345636088292487], [-99.25336037424007, 19.34560933144291], [-99.25347232182764, 19.34554376074809], [-99.2535095287917, 19.34552839660638], [-99.25363292488431, 19.345496257433275], [-99.25366642559905, 19.345491486514106], [-99.25370016768414, 19.34549433929828], [-99.25385660204407, 19.345525634054663], [-99.2538978402954, 19.345540491389677], [-99.25405626977143, 19.34562615754941], [-99.25409504941656, 19.345656886455778], [-99.2541483848255, 19.345717310587826], [-99.25416847731415, 19.345747342393288], [-99.25420534537575, 19.345822809989983], [-99.25421679712518, 19.3458583811579], [-99.25423304155233, 19.345954571262784], [-99.25423359505879, 19.3459581544344], [-99.2542494914634, 19.346071598286354], [-99.2542496119401, 19.34607248018481], [-99.25426062833347, 19.346155248943216], [-99.2542946050654, 19.346273198345628], [-99.2543589775604, 19.346453577966134], [-99.25436651633689, 19.346495382143722], [-99.25436007647914, 19.346537351530056], [-99.25434028835535, 19.346575377867925], [-99.25430908895855, 19.346605738870664], [-99.2542695323027, 19.34662546258697], [-99.25422549047465, 19.346632618318033], [-99.25418127460513, 19.34662650560931], [-99.25414121286144, 19.346607722816596], [-99.2541092267726, 19.346578108534278], [-99.2540884473602, 19.34654056161943], [-99.25402270686341, 19.34635634784052], [-99.25402021380334, 19.34634860905204], [-99.25398244816107, 19.346217505774362], [-99.25397851771841, 19.346198743691968], [-99.25396629403092, 19.34610690306547], [-99.25395071111508, 19.345995695044326], [-99.25393789950361, 19.34591983132745], [-99.25391730483278, 19.345877674641653], [-99.25389259078513, 19.3458496758499], [-99.25377585553, 19.345786554608146], [-99.25367512966722, 19.34576640436364], [-99.25360487496397, 19.34578470257734], [-99.25352908235728, 19.345829096358074], [-99.25347408790832, 19.345889536918424], [-99.25344049658302, 19.34596331342288], [-99.25344033896968, 19.346012884809113], [-99.25345342375628, 19.346085096277108], [-99.25349574106953, 19.34616041686219], [-99.25355762643943, 19.34619918834714], [-99.2535906084659, 19.346227801369334], [-99.25361266108203, 19.346264688170304], [-99.2536216256189, 19.346306238017146], [-99.25361662455569, 19.346348383723367], [-99.2535981474212, 19.346386999772633], [-99.2535680028792, 19.346418306153453], [-99.25352914168643, 19.346439238374327], [-99.2534853678524, 19.34644774743944], [-99.25344096627445, 19.346443000420216], [-99.25340028329852, 19.346425461988915], [-99.25330812322107, 19.346367723206942]]]]}}, {"type": "Feature", "properties": {"CVEGEO": "090100001", "CVE_ENT": "09", "CVE_MUN": "010", "CVE_LOC": "0001", "CVEVIAL": "03732", "CVESEG": "00001", "NOMVIAL": "Paseo del Pedregal", "TIPOVIAL": "Avenida", "SENTIDO": "Dos sentidos", "TIPOSEN": 2, "AMBITO": "Urbana", "MINUTES": 0.88026140895, "LENGTH": 3.183533177030181, "VELOCIDAD": 3.0, "T_VIAL2024": "V\u00edas primarias  - Avenidas primarias", "NOMENCLATU": "Paseo del Pedregal", "NOTA2024": null, "NombreMate": "Paseo del Pedregal", "ID": 20, "TIPO_VIA": "V\u00edas primarias  - Avenidas primarias", "NOMBRE": "Paseo del Pedregal"}, "geometry": {"type": "MultiPolygon", "coordinates": [[[[-99.20571511289486, 19.3067967767214], [-99.20577273136485, 19.307061865993962], [-99.20577807704109, 19.30708642884415], [-99.20577908101062, 19.307091533516637], [-99.20578303674594, 19.307114025903058], [-99.20579566515251, 19.30718534648208], [-99.20579542174679, 19.307231627732214], [-99.20577147203497, 19.30735908765176], [-99.20575674364744, 19.30739933892272], [-99.20571910051764, 19.307465992479734], [-99.2056988161328, 19.307501925795155], [-99.20568919722929, 19.307516626777947], [-99.20567281492677, 19.30753842514544], [-99.20497756927321, 19.308468409643112], [-99.20494558234078, 19.308511563209798], [-99.20494526045928, 19.30851199566285], [-99.20455924456537, 19.309028469008425], [-99.20455889001556, 19.30902894123609], [-99.20453019952309, 19.309066981903786], [-99.20452886505598, 19.309068721919644], [-99.20449444358876, 19.309112863411414], [-99.20391943864894, 19.309856425394038], [-99.20389314885284, 19.30989087584957], [-99.20386368713366, 19.309941266225866], [-99.20350547909733, 19.310555690637344], [-99.20317093000509, 19.31134949806194], [-99.20315748895767, 19.31143959830517], [-99.2031366932398, 19.311588946132144], [-99.2031356748481, 19.311595150280812], [-99.20313276923555, 19.311610505157038], [-99.20290472880744, 19.312921310596405], [-99.20290463572168, 19.312921839160694], [-99.20289523443212, 19.31297458086666], [-99.20289161296616, 19.312997077408962], [-99.20264439370065, 19.31474339786394], [-99.20263405007037, 19.314816260330474], [-99.20263192338135, 19.314831508289878], [-99.20240432071428, 19.316559189748528], [-99.20238577942706, 19.316698896328592], [-99.20238538081871, 19.316701668771245], [-99.20237514818139, 19.31676774329045], [-99.20237510776194, 19.316768002546397], [-99.20237036584278, 19.316798216199793], [-99.2022489746919, 19.317570068811897], [-99.20224782925993, 19.317576340045505], [-99.20205636744741, 19.318495801098], [-99.2020538290188, 19.31850807263743], [-99.20204382228629, 19.318557477430534], [-99.20204345542442, 19.318559226554587], [-99.20202908148883, 19.31862547999632], [-99.20202902814864, 19.318625724714078], [-99.20201281480524, 19.318699765361895], [-99.20176733385135, 19.31982176789679], [-99.20160500374928, 19.320614594490443], [-99.20159459686441, 19.32066545062028], [-99.20159454657353, 19.32066569517966], [-99.20158495183198, 19.32071212645114], [-99.20158064082649, 19.320727900283014], [-99.20150564966565, 19.320947124910298], [-99.20113849729425, 19.32202088427891], [-99.20113301276123, 19.322034413521525], [-99.20064458385575, 19.323070303758755], [-99.20064443706721, 19.32307061403041], [-99.20017184698469, 19.324066192457746], [-99.20010647893662, 19.324207868491648], [-99.20009906124568, 19.324221724437923], [-99.19981381175741, 19.324686494221407], [-99.19981193956913, 19.32468945718641], [-99.19960653460448, 19.325005337879762], [-99.19947635955755, 19.32521244596305], [-99.19936791758892, 19.32538794013375], [-99.19932663757707, 19.32548829557548], [-99.19928699224953, 19.325597403981686], [-99.19928635096575, 19.325599130939406], [-99.19923255059761, 19.32574095138528], [-99.19923190518718, 19.325742618380797], [-99.19914714109417, 19.325957198991333], [-99.19907203953873, 19.326171867070602], [-99.1990697819165, 19.32617784784646], [-99.1990110419094, 19.326322678214638], [-99.19901041543801, 19.326324195586025], [-99.19894220472395, 19.32648652901831], [-99.19888647751021, 19.326623340678072], [-99.19887935511822, 19.32663812377857], [-99.19862566558876, 19.32709076396974], [-99.19862442086155, 19.327092936803602], [-99.19838780374316, 19.327497151347778], [-99.19830692042312, 19.3276750558765], [-99.19826354048432, 19.32798678126409], [-99.19830550458066, 19.328167401953372], [-99.19835098097099, 19.328340364608945], [-99.19844812341086, 19.328497754936198], [-99.19860381109103, 19.328679589891895], [-99.19861846056068, 19.32869636876276], [-99.19861858199961, 19.328696508042576], [-99.19869797177229, 19.328787684820217], [-99.20017129460221, 19.33028311320308], [-99.2001972677397, 19.330320175373632], [-99.20028669845239, 19.330509215257138], [-99.20029786379753, 19.330546031616763], [-99.20033137354352, 19.33077419247507], [-99.20033274148153, 19.330792794660994], [-99.20033295221981, 19.331025363542924], [-99.20033187687979, 19.33104208529984], [-99.20025857713935, 19.33160585545456], [-99.2001503490019, 19.332435936315278], [-99.2001400721769, 19.332523555534596], [-99.20007901427925, 19.33310841668184], [-99.20006657090447, 19.333238773312953], [-99.20005562772461, 19.33327989386661], [-99.20003183412932, 19.333315791751605], [-99.19999751919693, 19.333342953028538], [-99.19995604191385, 19.333358718957612], [-99.19991146237298, 19.333361546256455], [-99.19986814434061, 19.33335115816862], [-99.1998303280967, 19.333328571554738], [-99.19980171536328, 19.333295997354234], [-99.19978510695228, 19.33325662416159], [-99.19978212860323, 19.33321430610261], [-99.19979462640707, 19.333083381649658], [-99.19979473984658, 19.333082246424816], [-99.19985594322013, 19.332496001514773], [-99.19985612409958, 19.33249436963124], [-99.19986659358588, 19.33240510911639], [-99.19986679798362, 19.332403458530425], [-99.19997512610396, 19.331572621899614], [-99.20004734086424, 19.3310172040546], [-99.20004714657267, 19.330802373502664], [-99.20001781132024, 19.33060263357411], [-99.19994646883114, 19.330451828331036], [-99.19848639544047, 19.32896984607626], [-99.19848062335274, 19.328963615559513], [-99.19839850872025, 19.328869309223098], [-99.19838348365884, 19.32885210013985], [-99.19838261598707, 19.328851096601966], [-99.1982196163405, 19.32866072135289], [-99.19820722066102, 19.328643749664963], [-99.19809419149932, 19.32846061919778], [-99.19807885107673, 19.328424917511793], [-99.19802793061427, 19.328231247925096], [-99.19802703154132, 19.328227616454836], [-99.19797923166658, 19.328021876044758], [-99.19797711035848, 19.32797492553465], [-99.19802638074326, 19.327620876187808], [-99.19803684085792, 19.32758491265708], [-99.1981284111733, 19.327383502584638], [-99.19813469910588, 19.32737137322406], [-99.19837414675848, 19.326962324342954], [-99.19862319597082, 19.32651796477641], [-99.19867610225016, 19.326388079089554], [-99.19867665446247, 19.32638674442696], [-99.19874482718197, 19.326224502042933], [-99.19880205630699, 19.32608339749856], [-99.1988769610722, 19.325869292921983], [-99.1988787746241, 19.325864421520226], [-99.19896416624137, 19.325648253225978], [-99.19901732307159, 19.3255081297829], [-99.1990575882874, 19.325397315873605], [-99.19905956462627, 19.325392211328378], [-99.19910600486615, 19.325279311345078], [-99.1991158510743, 19.32526003010575], [-99.19923029110014, 19.325074829600354], [-99.19923083383007, 19.325073958752267], [-99.19936183358482, 19.324865539056244], [-99.19936295030793, 19.32486379240536], [-99.19956796487668, 19.324548512802856], [-99.19984817071989, 19.324091961991595], [-99.19991055123876, 19.323956761466327], [-99.19991116266748, 19.323955455071047], [-99.20038398976332, 19.322959380675474], [-99.20086922298408, 19.32193027155465], [-99.20123401897959, 19.32086340866658], [-99.2013063629714, 19.320651923643357], [-99.20131427726555, 19.32061362477714], [-99.20132466064892, 19.320562883917205], [-99.20148717093619, 19.319769183902217], [-99.20148753153049, 19.31976748106853], [-99.20173320290182, 19.31864461695126], [-99.20174939720513, 19.318570663817734], [-99.20176355520515, 19.318505406195374], [-99.20177343779325, 19.318456614733538], [-99.20177354517543, 19.31845609015352], [-99.20177615519688, 19.318443472616455], [-99.20177618998198, 19.318443305014597], [-99.2019670204733, 19.317526883295024], [-99.20208790820868, 19.316758240028], [-99.20209262665638, 19.316728176254898], [-99.20210262495004, 19.316663615664908], [-99.2021209578709, 19.316525481342833], [-99.20234861940664, 19.314797375644666], [-99.20234875113151, 19.31479640426161], [-99.20235096730158, 19.31478051493624], [-99.20235101117196, 19.314780203177452], [-99.20236136655527, 19.31470725887417], [-99.20260875702972, 19.312959750275706], [-99.20260912356171, 19.3129573270952], [-99.20261311226066, 19.3129325495664], [-99.20261347508, 19.312930410374275], [-99.20262301977769, 19.312876864656822], [-99.20285118011553, 19.31156538287992], [-99.20285152146943, 19.311563503094312], [-99.20285401985653, 19.311550300343967], [-99.20287446895355, 19.311403443644735], [-99.20287464828706, 19.311402200084174], [-99.20289059574058, 19.311295299709766], [-99.20289940309155, 19.311263950090886], [-99.20324366433954, 19.310447101140603], [-99.20325130598131, 19.310431812588526], [-99.20361388108701, 19.309809899117457], [-99.20361396527211, 19.309809754923815], [-99.20364764056758, 19.309752157929122], [-99.20365685465335, 19.30973841534299], [-99.2036884518754, 19.309697010052904], [-99.20368898357982, 19.30969631791594], [-99.20426442472147, 19.30895219321201], [-99.20426476304517, 19.30895175753636], [-99.20429867965193, 19.308908263547163], [-99.20432653240515, 19.308871333705323], [-99.2047122105434, 19.30835531324143], [-99.20474420243521, 19.30831215306664], [-99.20474453422788, 19.308311707355035], [-99.20544004991906, 19.307381363410123], [-99.20544025627476, 19.307381088107793], [-99.20545143727776, 19.30736621064231], [-99.2054674138649, 19.307337908565554], [-99.20549433856988, 19.307290233931248], [-99.20550995337746, 19.30720713297405], [-99.20550141293589, 19.307158899239983], [-99.20550138689221, 19.307158751655138], [-99.20549786869586, 19.307138746929812], [-99.205493072893, 19.307116710521182], [-99.20543544212332, 19.306851562614206], [-99.20541354627088, 19.306750760342563], [-99.20541147873139, 19.306708393285103], [-99.20542330189373, 19.306667493224857], [-99.20544785841548, 19.306632063742306], [-99.20548274452902, 19.30660557291768], [-99.20552454534065, 19.30659061385274], [-99.20556916910338, 19.306588650841743], [-99.20561224774268, 19.306599876037346], [-99.2056495644301, 19.30662319064156], [-99.20567746635248, 19.306656312462867], [-99.20569322227307, 19.306695999311344], [-99.20571511289486, 19.3067967767214]]]]}}, {"type": "Feature", "properties": {"CVEGEO": "090100001", "CVE_ENT": "09", "CVE_MUN": "010", "CVE_LOC": "0001", "CVEVIAL": "00001", "CVESEG": "00001", "NOMVIAL": "Interior (Avenida R\u00edo Mixcoac)", "TIPOVIAL": "Circuito", "SENTIDO": "Dos sentidos", "TIPOSEN": 2, "AMBITO": "Urbana", "MINUTES": 9.84279735102, "LENGTH": 0.993244102205946, "VELOCIDAD": 3.0, "T_VIAL2024": "V\u00edas de acceso controlado - anular", "NOMENCLATU": "R\u00edo Mixcoac", "NOTA2024": null, "NombreMate": "R\u00edo Mixcoac", "ID": 25, "TIPO_VIA": "V\u00edas de acceso controlado - anular", "NOMBRE": "R\u00edo Mixcoac"}, "geometry": {"type": "MultiPolygon", "coordinates": [[[[-99.17782443757662, 19.365414590142663], [-99.17782425302444, 19.365414411822776], [-99.17775913908338, 19.36535138058866], [-99.17771509113642, 19.36530884283648], [-99.17765140219127, 19.36524746583226], [-99.1776511897854, 19.365247260701874], [-99.17763994160272, 19.36523637472562], [-99.17763856265132, 19.365235021508717], [-99.17709018263643, 19.364689341072754], [-99.1770890131203, 19.364688163311158], [-99.17665889330654, 19.364249795896686], [-99.17661890118006, 19.36420903681972], [-99.1765916932647, 19.36418336776416], [-99.17595866587845, 19.363586121871673], [-99.17561599166613, 19.363262814731414], [-99.17500419348059, 19.36268558816408], [-99.17470141028089, 19.36239983495362], [-99.17469988577403, 19.362398374199756], [-99.17455818544558, 19.36226052407138], [-99.17455754907158, 19.36225990101057], [-99.17440577917631, 19.362110351181485], [-99.1743982681073, 19.362102338411464], [-99.17387066280581, 19.361492529150638], [-99.17359774794402, 19.36117708985914], [-99.17317195478458, 19.360697811224078], [-99.17298899930618, 19.360530505987214], [-99.17277733347622, 19.360376952507565], [-99.17162934984019, 19.35968257767846], [-99.17159588671198, 19.35965446924573], [-99.17157321305356, 19.35961792203426], [-99.17156354831563, 19.35957651354401], [-99.17156783854071, 19.35953429712863], [-99.1715856637615, 19.359495405224145], [-99.17161527911409, 19.359463644837682], [-99.17165378564006, 19.35944212489235], [-99.1716974140573, 19.359432951906083], [-99.17174189372174, 19.359437023792584], [-99.17178287066409, 19.35945394196807], [-99.17293598956441, 19.360151422547858], [-99.17294596472564, 19.360158039658796], [-99.17316895508208, 19.360319808424236], [-99.17318131945045, 19.360329889278677], [-99.17337547918207, 19.360507440154777], [-99.1733855719995, 19.360517676238455], [-99.17381673198136, 19.361002995152287], [-99.17381792157073, 19.361004351990918], [-99.17409142666298, 19.361320473001562], [-99.17461544375638, 19.361926134091348], [-99.17476297387618, 19.362071505985156], [-99.1749035985551, 19.362208309530995], [-99.17520559307027, 19.36249331809743], [-99.17581738428925, 19.363070537446482], [-99.1761600584775, 19.363393844202584], [-99.17679308350326, 19.363991087200343], [-99.17682224488617, 19.3640185992055], [-99.17682607696109, 19.364022356759087], [-99.1768679470326, 19.364065029742406], [-99.17729748594832, 19.364502804570687], [-99.17784459302699, 19.365047217676103], [-99.17785504069538, 19.365057328903884], [-99.1779186756817, 19.36511865383705], [-99.17791878034173, 19.365118754803156], [-99.17796294013714, 19.365161400519597], [-99.17796305915545, 19.365161515593968], [-99.17802814038211, 19.365224515086812], [-99.1785403753187, 19.36571853729908], [-99.17856635110343, 19.36575304856074], [-99.17857981881177, 19.365793488947023], [-99.17857946012221, 19.36583589987401], [-99.1785653101354, 19.36587612986467], [-99.17853875394228, 19.36591024092437], [-99.17850239104494, 19.365934894020356], [-99.17845978090044, 19.365947675931213], [-99.17841509449498, 19.3659473354716], [-99.1783727060557, 19.36593390596808], [-99.17833676486667, 19.36590870199686], [-99.17782443757662, 19.365414590142663]]]]}}, {"type": "Feature", "properties": {"CVEGEO": "090040001", "CVE_ENT": "09", "CVE_MUN": "004", "CVE_LOC": "0001", "CVEVIAL": "01463", "CVESEG": "00018", "NOMVIAL": "M\u00e9xico-Toluca", "TIPOVIAL": "Autopista", "SENTIDO": "Dos sentidos", "TIPOSEN": 2, "AMBITO": "Urbana", "MINUTES": 2.80708837574, "LENGTH": 0.06851719901046724, "VELOCIDAD": 3.0, "T_VIAL2024": "V\u00edas de acceso controlado - radiales", "NOMENCLATU": "Autopista MEX 015D M\u00e9xico - Toluca", "NOTA2024": "La operaci\u00f3n, conservaci\u00f3n, mantenimiento y explotaci\u00f3n es responsabilidad del Gobierno Federal", "NombreMate": "Autopista MEX 015D M\u00e9xico - Toluca", "ID": 4, "TIPO_VIA": "V\u00edas de acceso controlado - radiales", "NOMBRE": "Autopista MEX 015D M\u00e9xico - Toluca"}, "geometry": {"type": "MultiPolygon", "coordinates": [[[[-99.26712559017375, 19.363391022763857], [-99.2670735609491, 19.363450351145204], [-99.26699555227621, 19.363553785670852], [-99.26695454496586, 19.363616643211678], [-99.26692536641129, 19.36364876600153], [-99.2668871570211, 19.36367075892928], [-99.26684365700129, 19.363680469169587], [-99.2667991244461, 19.363676946214206], [-99.26675791852256, 19.363660534915233], [-99.26672407276091, 19.363632841728318], [-99.26670090022178, 19.36359657746031], [-99.26669066919007, 19.36355529191476], [-99.26669438114122, 19.363513026410786], [-99.26671167271337, 19.36347391818972], [-99.26675519414525, 19.363407207059478], [-99.26676048787525, 19.36339966776536], [-99.26684430781168, 19.36328852808416], [-99.26685067127164, 19.36328070911733], [-99.266913470928, 19.36320909943234], [-99.26692969542218, 19.363193389011023], [-99.26717721542914, 19.362989749425022], [-99.26721514488767, 19.362967324506744], [-99.2672585192848, 19.362957121346806], [-99.2673030928414, 19.36296013869923], [-99.26734450239748, 19.362976081205094], [-99.2673786945047, 19.36300338830412], [-99.26740232220325, 19.363039386991936], [-99.26741307264497, 19.36308055347055], [-99.26740989349257, 19.363122858080573], [-99.26739309593339, 19.36316215975147], [-99.26736432422202, 19.36319461135858], [-99.26712559017375, 19.363391022763857]]]]}}, {"type": "Feature", "properties": {"CVEGEO": "090030001", "CVE_ENT": "09", "CVE_MUN": "003", "CVE_LOC": "0001", "CVEVIAL": "02871", "CVESEG": "00014", "NOMVIAL": "Insurgentes Sur", "TIPOVIAL": "Avenida", "SENTIDO": "Dos sentidos", "TIPOSEN": 2, "AMBITO": "Urbana", "MINUTES": 0.95989752545, "LENGTH": 2.9373609970900323, "VELOCIDAD": 3.0, "T_VIAL2024": "V\u00edas primarias  - Avenidas primarias (acceso controlado)", "NOMENCLATU": "Insurgentes Sur", "NOTA2024": null, "NombreMate": "Av. Insurgentes Sur", "ID": 9, "TIPO_VIA": "V\u00edas primarias  - Avenidas primarias (acceso controlado)", "NOMBRE": "Insurgentes Sur"}, "geometry": {"type": "MultiPolygon", "coordinates": [[[[-99.19046248585671, 19.338654971457228], [-99.19048370210572, 19.338741160800943], [-99.19061626245869, 19.339279675073993], [-99.19061984699182, 19.339304077116953], [-99.19062855701786, 19.33947784746551], [-99.1906266508253, 19.33950727364488], [-99.190607341687, 19.339613813992738], [-99.19060030798947, 19.339638449924202], [-99.19043129270418, 19.340066055829563], [-99.18994812755524, 19.34129262345293], [-99.18991378053802, 19.34138521966235], [-99.18956429392387, 19.34234807323744], [-99.18944387092044, 19.342680500267193], [-99.18944297654352, 19.342682895910492], [-99.18941740495099, 19.342749403933748], [-99.1894173026542, 19.342749669134736], [-99.18941032297215, 19.34276770550914], [-99.18929344466784, 19.34307189764302], [-99.18902577291384, 19.343770916867808], [-99.18900702290598, 19.34382028084072], [-99.18891532683423, 19.34412413601568], [-99.18889350556013, 19.344196462540058], [-99.18889186646267, 19.344201520192332], [-99.18886406049032, 19.34428171489825], [-99.1888625636136, 19.344285810307504], [-99.18857150868021, 19.3450428144161], [-99.18857077980799, 19.345044668014715], [-99.18852676271705, 19.34515416226645], [-99.1885267042274, 19.34515430751151], [-99.18843962187898, 19.345370184083784], [-99.18843828054955, 19.345373386707536], [-99.18841659093675, 19.345423315499986], [-99.18800029145454, 19.346514734482188], [-99.18783708559943, 19.346942608126767], [-99.18783607762907, 19.34694516968596], [-99.1877522035121, 19.347151932628133], [-99.18763775306762, 19.34743469485897], [-99.18760915954407, 19.347520949788528], [-99.18704607574936, 19.349239984742518], [-99.18698986869829, 19.34943565905814], [-99.18698842315571, 19.349440355734657], [-99.1867295415628, 19.3502283537273], [-99.18665226145056, 19.350465307052723], [-99.18665000138537, 19.3504716737841], [-99.18660817231124, 19.350580516981594], [-99.18647856020279, 19.35096346029872], [-99.18644920470088, 19.35105896844972], [-99.18644861016762, 19.351060851852427], [-99.18636807667706, 19.35130940066048], [-99.18636660386542, 19.351313690709016], [-99.186345177359, 19.351372747326657], [-99.18634424667319, 19.351375233653084], [-99.18626873125127, 19.351570914800376], [-99.18602631792659, 19.3523504072964], [-99.18602594366027, 19.35235159086804], [-99.18576462448388, 19.3531645012438], [-99.18564377299457, 19.353540384406784], [-99.185403588357, 19.354287538757063], [-99.18531547772497, 19.354561629066698], [-99.18519376767826, 19.35494366043348], [-99.18516015474465, 19.355049447191593], [-99.18483709908568, 19.356077823817095], [-99.18483698256668, 19.35607819281181], [-99.18438909842406, 19.357489255382976], [-99.18417984070648, 19.35815965816012], [-99.18397909653609, 19.358802202083602], [-99.18395477373663, 19.358879782678677], [-99.18395454705758, 19.358880498472637], [-99.1839004472925, 19.35904963847312], [-99.18389932616275, 19.359052986883327], [-99.18350075802618, 19.3601920034054], [-99.1831266303422, 19.361382011073317], [-99.18312467877813, 19.361388503368982], [-99.18312439441681, 19.361389436667988], [-99.18292239601683, 19.362043616967288], [-99.18284324430424, 19.362299479049195], [-99.18284177807618, 19.362303933552013], [-99.18281222451724, 19.362388572156053], [-99.18276798753332, 19.362523811853947], [-99.18276772732041, 19.36252459890193], [-99.18268699765657, 19.362766200233132], [-99.18266699166115, 19.362804124797066], [-99.18263561694621, 19.36283432569231], [-99.18259594468721, 19.362853846640007], [-99.1825518582872, 19.362860776789773], [-99.18250767323993, 19.36285443776863], [-99.18246771469559, 19.36283545008548], [-99.18243589408125, 19.362805672390863], [-99.18241532622054, 19.36276801953783], [-99.18240802443307, 19.362726177253972], [-99.18241470345892, 19.362684241355208], [-99.18249530211709, 19.362443033287853], [-99.18253981263419, 19.362306958045615], [-99.18254064151328, 19.362304506502408], [-99.18256984838501, 19.362220861176134], [-99.18264827770415, 19.361967335696104], [-99.18285012315359, 19.361313654277584], [-99.18285217072483, 19.361306842631404], [-99.18285265353954, 19.3613052724239], [-99.18322765591871, 19.360112488896515], [-99.18322897297793, 19.360108522721195], [-99.18362764995301, 19.358969200577185], [-99.18368109788935, 19.35880209935425], [-99.18370525021223, 19.358725063141183], [-99.18390596104722, 19.358082629369132], [-99.18411530807239, 19.357411944065685], [-99.18411549602976, 19.357411346946908], [-99.18456341848925, 19.356000171082968], [-99.1848864817627, 19.35497177568409], [-99.18488661048828, 19.354971368249583], [-99.18492030344072, 19.354865330212945], [-99.18504211135375, 19.35448299353261], [-99.18504221525589, 19.354482668865938], [-99.1851303785517, 19.354208416154776], [-99.18537056531179, 19.35346125907639], [-99.18549141737414, 19.353085376079925], [-99.18575254690592, 19.352273059864842], [-99.18599607321181, 19.35148999270557], [-99.18599894391626, 19.351481744835482], [-99.1860755561506, 19.35128322239524], [-99.18609575612149, 19.351227546658393], [-99.18617528673194, 19.350982094277875], [-99.18620489202722, 19.35088577394655], [-99.18620602118696, 19.350882276469022], [-99.18633707370124, 19.350495079320662], [-99.1863388768662, 19.350490087621967], [-99.18638044569572, 19.35038192207019], [-99.18645672299236, 19.350148044728318], [-99.186456810742, 19.35014777665753], [-99.18671497011212, 19.349361980997365], [-99.18677116175006, 19.349166361478716], [-99.18677257178086, 19.349161773067877], [-99.1873364781316, 19.34744023570449], [-99.18733662357984, 19.347439794321], [-99.18736661872897, 19.34734931171357], [-99.1873695343273, 19.347341383184805], [-99.18748559136743, 19.347054652844516], [-99.18756900518412, 19.346849025337665], [-99.1877317212184, 19.346422437675407], [-99.18814908545178, 19.34532823189733], [-99.1881513393111, 19.345322703618592], [-99.18817352749238, 19.345271627328337], [-99.18825993163343, 19.345057432889327], [-99.18830354811374, 19.344948935612205], [-99.1885934638775, 19.344194897581893], [-99.18861968446448, 19.3441192756185], [-99.18864073953574, 19.34404948905653], [-99.18873375881668, 19.343741250836842], [-99.18873670250741, 19.343732602644277], [-99.18875714012637, 19.343678795856704], [-99.18875726638315, 19.343678464804263], [-99.18902502913008, 19.342979210943206], [-99.18902508248819, 19.342979071836226], [-99.18914204434093, 19.342674663552128], [-99.18914215748697, 19.34267437012541], [-99.18914914265152, 19.342656319659785], [-99.18917420431558, 19.34259113816474], [-99.1892942066069, 19.342259874011965], [-99.18964389401846, 19.341296471521012], [-99.1896442107932, 19.341295608250938], [-99.18967917506504, 19.34120134840026], [-99.18968011441152, 19.341198891871542], [-99.19016379148698, 19.3399710297605], [-99.19016384766633, 19.339970887385963], [-99.19032814766841, 19.33955521281724], [-99.1903425186118, 19.339475920268224], [-99.1903351706188, 19.339329318231037], [-99.19020557630125, 19.338802849553677], [-99.19018224681696, 19.33870807470266], [-99.19017923520958, 19.33869095877561], [-99.1901788341772, 19.338687219140954], [-99.19017878985447, 19.33868679934788], [-99.19010668150912, 19.337992958161532], [-99.19010705984095, 19.3379631002652], [-99.1901121722554, 19.337923646279854], [-99.19014602810894, 19.33766228978197], [-99.19008485562749, 19.337446671583457], [-99.19008012898094, 19.33740449717457], [-99.19008936309031, 19.337363000444533], [-99.19011165404714, 19.337326243380538], [-99.19014481985198, 19.337297824015966], [-99.19018561400574, 19.337280524231463], [-99.19023004329927, 19.337276037446784], [-99.19027375869383, 19.337284802858594], [-99.19031248103154, 19.337305962449182], [-99.19034241990546, 19.33733744497451], [-99.19036064468905, 19.337376168710456], [-99.19042906393318, 19.337617328532684], [-99.19043290949787, 19.337669124266537], [-99.19039565289833, 19.33795673732994], [-99.19039247144977, 19.337981289821723], [-99.19046248585671, 19.338654971457228]]]]}}, {"type": "Feature", "properties": {"CVEGEO": "090100001", "CVE_ENT": "09", "CVE_MUN": "010", "CVE_LOC": "0001", "CVEVIAL": "00337", "CVESEG": "00006", "NOMVIAL": "Barranca del Muerto", "TIPOVIAL": "Avenida", "SENTIDO": "Dos sentidos", "TIPOSEN": 2, "AMBITO": "Urbana", "MINUTES": 3.35753348684, "LENGTH": 2.59161016691505, "VELOCIDAD": 3.0, "T_VIAL2024": "V\u00edas primarias  - Avenidas primarias", "NOMENCLATU": "Barranca del Muerto", "NOTA2024": null, "NombreMate": "Barranca del Muerto", "ID": 14, "TIPO_VIA": "V\u00edas primarias  - Avenidas primarias", "NOMBRE": "Barranca del Muerto"}, "geometry": {"type": "MultiPolygon", "coordinates": [[[[-99.19504073172669, 19.363588861398775], [-99.19429157936243, 19.363767206321263], [-99.19428567952268, 19.36376848538519], [-99.19370070885444, 19.36388298515223], [-99.1936745875427, 19.363885754419876], [-99.19317758801262, 19.363894764473866], [-99.1931575432006, 19.36389378914638], [-99.19279714286817, 19.363852008895645], [-99.19278556098313, 19.363850205152517], [-99.19252029937373, 19.36379819001954], [-99.19247993088169, 19.36379333098939], [-99.19293275293963, 19.36390351464169], [-99.19310479280774, 19.363936561306577], [-99.19336174717475, 19.363954255371684], [-99.19381851552149, 19.363953782829782], [-99.19426047622713, 19.36394416667442], [-99.194538588821, 19.36393812663973], [-99.19568160454122, 19.36391324625269], [-99.19572589032346, 19.363918918610715], [-99.19576616173494, 19.363937301699718], [-99.19579847673587, 19.363966596058603], [-99.1958196721094, 19.36400393415622], [-99.19582767309903, 19.36404566108352], [-99.19582169650252, 19.3640876923199], [-99.19580232734074, 19.364125913553927], [-99.19577146159565, 19.36415658342117], [-99.19573212062089, 19.36417669973652], [-99.19568815539076, 19.3641842933708], [-99.19454513428792, 19.364209173890774], [-99.19426702048123, 19.364215213955664], [-99.19382350370779, 19.364224863972044], [-99.19382038622516, 19.364224899495486], [-99.19335680567568, 19.364225379086758], [-99.19334631443895, 19.36422502377486], [-99.19307504383485, 19.36420634388462], [-99.19305704667178, 19.364204005394427], [-99.19287249641917, 19.3641685556485], [-99.19286535831263, 19.364167002711472], [-99.19225769776895, 19.364019142454485], [-99.19225514076682, 19.36401849624626], [-99.19170079366695, 19.363873167876996], [-99.19125876698803, 19.36375782916126], [-99.19121385751191, 19.36373759511955], [-99.1910293636129, 19.36361307998971], [-99.19046267856689, 19.36345037653068], [-99.19011703744967, 19.36336243154771], [-99.18911484981417, 19.363149147437685], [-99.18868180310146, 19.363132361757526], [-99.18846602596547, 19.363162248589642], [-99.18843253543696, 19.363163118445154], [-99.18829179496555, 19.363151037813207], [-99.1882848926781, 19.363150284307743], [-99.18819381253702, 19.363138204387127], [-99.18817891269947, 19.363135455305613], [-99.1880791525544, 19.363111765948126], [-99.18806798125784, 19.363108648811696], [-99.18795859162329, 19.36307346824706], [-99.18795050334572, 19.363070605579367], [-99.18779065287067, 19.36300874578175], [-99.18775690159555, 19.362990231875767], [-99.1869263239888, 19.362377225646], [-99.18672590192264, 19.362273912939962], [-99.18656436864468, 19.3621935657469], [-99.18565538228917, 19.361859121897517], [-99.18554507362671, 19.361854816993837], [-99.1853878970559, 19.36186864451785], [-99.18501429996125, 19.361907579922235], [-99.18500549051903, 19.36190823701197], [-99.18483966980929, 19.361915716395607], [-99.18482106496431, 19.3619154038471], [-99.18388119019282, 19.361841295435823], [-99.1837435979818, 19.361851667765873], [-99.18360299159912, 19.361902152995558], [-99.18319395541225, 19.362171364432285], [-99.1827576099558, 19.362458546749092], [-99.18275205249022, 19.36246202521705], [-99.18240231253914, 19.36266999509341], [-99.1823730733791, 19.3626832636269], [-99.18189898826463, 19.362838540259617], [-99.18159345160522, 19.36294845001916], [-99.18157994743302, 19.362952592185568], [-99.1812350568015, 19.363040682309695], [-99.18120965701206, 19.363044882620944], [-99.18098411639342, 19.36306250212756], [-99.18096440198556, 19.36306274633649], [-99.18054769809066, 19.363040565826793], [-99.1802182586915, 19.36306006614451], [-99.18004011169846, 19.363095118589868], [-99.17985998451192, 19.36315854226933], [-99.1796825279411, 19.363261097314737], [-99.17958098074966, 19.363337733675028], [-99.17949761283818, 19.363503086515237], [-99.17933487934692, 19.363860787101984], [-99.17930500115276, 19.363902662991702], [-99.17891355256526, 19.364276060522517], [-99.17848152265718, 19.364691307953603], [-99.17848053412324, 19.364692248816045], [-99.17825066427974, 19.364908898890548], [-99.17824244758809, 19.364916060316094], [-99.17793911382171, 19.365160415269507], [-99.1778343474268, 19.365244810678604], [-99.17779617328308, 19.365266859687793], [-99.17775268845388, 19.365276633712913], [-99.17770814954648, 19.365273176002027], [-99.17766691634966, 19.365256825020694], [-99.17763302506343, 19.36522918132026], [-99.17760979320461, 19.365192950863484], [-99.17759949486474, 19.36515168014424], [-99.17760313810784, 19.36510940903032], [-99.17762036629769, 19.36507027531217], [-99.17764949301163, 19.365038109667413], [-99.17775425911279, 19.364953714571467], [-99.17805333672618, 19.364712788451378], [-99.17827874897695, 19.364500339853414], [-99.1787104776753, 19.364085382422676], [-99.17871085962094, 19.36408501670495], [-99.17908337171473, 19.36372968291796], [-99.17923645134847, 19.363393203369565], [-99.17923874087988, 19.363388427015778], [-99.17933750057367, 19.36319254652053], [-99.1793774444957, 19.36314495589681], [-99.17951172472875, 19.363043616429177], [-99.17952633670328, 19.363033936793787], [-99.17972314669619, 19.362920197146078], [-99.17974775030271, 19.362908885583977], [-99.1799508702826, 19.362837366045568], [-99.17997155604893, 19.36283172407306], [-99.18017022612088, 19.36279263348335], [-99.18019032987553, 19.362790073876905], [-99.1805383593939, 19.36276947317072], [-99.18055524810862, 19.362769422987203], [-99.18097053115201, 19.36279152789427], [-99.18117332270515, 19.3627756855764], [-99.18149885286644, 19.362692540406222], [-99.18179974873038, 19.362584300081867], [-99.18180377687158, 19.36258291625336], [-99.18226446856929, 19.362432026410996], [-99.18259756542616, 19.362233953299786], [-99.1830311742086, 19.361948572314915], [-99.18345463959632, 19.361669864298314], [-99.18348549263654, 19.361654470421577], [-99.18366151201519, 19.36159127004093], [-99.18370074102215, 19.361582926003223], [-99.18387014128668, 19.361570155842788], [-99.18389327571775, 19.3615701956825], [-99.18483542280106, 19.361644483332828], [-99.184987514655, 19.361637623192436], [-99.18535791982575, 19.3615990204417], [-99.18536032725434, 19.361598789113398], [-99.18552821730881, 19.361584019074627], [-99.18554726799442, 19.361583554899], [-99.18569078807516, 19.36158915590737], [-99.18573654621373, 19.361598206648125], [-99.18667514535723, 19.361943545939376], [-99.18668982026881, 19.361949870887695], [-99.18685944014715, 19.36203424035829], [-99.18686130799576, 19.36203518624374], [-99.1870729378464, 19.362144276241136], [-99.18709244835564, 19.362156388420473], [-99.18791672622578, 19.36276474481535], [-99.18805435875436, 19.362818006575175], [-99.18815413986204, 19.36285009695927], [-99.18824087437916, 19.36287069321046], [-99.1883209859228, 19.362881318370793], [-99.1884414660127, 19.36289165993424], [-99.18865371466563, 19.362862261809838], [-99.18868016897493, 19.3628609538379], [-99.18913936855374, 19.362878753258272], [-99.18916479185364, 19.36288192506985], [-99.19018242071553, 19.363098495392332], [-99.19018815497927, 19.36309983447189], [-99.19053884435846, 19.36318906393362], [-99.19054321696719, 19.363190247614035], [-99.19112296370908, 19.36335670124727], [-99.19256173986066, 19.363529887956084], [-99.19257266924086, 19.36353161462477], [-99.19283760796114, 19.363583566453073], [-99.19318219150327, 19.36362351311464], [-99.19365593619112, 19.36361492465594], [-99.19422501593297, 19.363503535309746], [-99.1949741096447, 19.363325204360727], [-99.19497989335296, 19.363323948049928], [-99.19581554313748, 19.363159687604487], [-99.19586018053126, 19.363157688833635], [-99.19590328400153, 19.36316887942856], [-99.19594063428931, 19.36319216397825], [-99.19596857529243, 19.36322526323315], [-99.1959843719486, 19.363264937212286], [-99.19598647796337, 19.36330730235344], [-99.19597468717504, 19.363348211661958], [-99.19595015373913, 19.363383660647308], [-99.19591527915512, 19.363410179311426], [-99.19587347719241, 19.36342517181796], [-99.19504073172669, 19.363588861398775]]]]}}, {"type": "Feature", "properties": {"CVEGEO": "090100001", "CVE_ENT": "09", "CVE_MUN": "010", "CVE_LOC": "0001", "CVEVIAL": "00768", "CVESEG": "00002", "NOMVIAL": "Vito Alessio Robles", "TIPOVIAL": "Avenida", "SENTIDO": "Dos sentidos", "TIPOSEN": 2, "AMBITO": "Urbana", "MINUTES": 5.0894478114, "LENGTH": 0.9660718319491177, "VELOCIDAD": 3.0, "T_VIAL2024": "V\u00edas primarias  - Avenidas primarias", "NOMENCLATU": "Vito Alessio Robles", "NOTA2024": null, "NombreMate": "Vito Alessio Robles", "ID": 13, "TIPO_VIA": "V\u00edas primarias  - Avenidas primarias", "NOMBRE": "Vito Alessio Robles"}, "geometry": {"type": "MultiPolygon", "coordinates": [[[[-99.1861234361944, 19.350689589992616], [-99.18612291078149, 19.350689751949766], [-99.18563658968456, 19.350838672091843], [-99.18563630676924, 19.35083875841672], [-99.18503854705965, 19.351020498313247], [-99.18501878416284, 19.35102506336193], [-99.1837467132788, 19.351229153934383], [-99.1837445510948, 19.351229484661925], [-99.18070495134457, 19.35167172720582], [-99.17995739675844, 19.351785256161985], [-99.17870571300129, 19.35200174385773], [-99.17869813602998, 19.352002855774447], [-99.1775062548315, 19.352146785873586], [-99.17746159157497, 19.352145490963483], [-99.17741953588188, 19.352131159390996], [-99.17738420446457, 19.3521051940333], [-99.17735905581098, 19.352070136565164], [-99.17734655164284, 19.352029418660358], [-99.17734791594657, 19.351987026073765], [-99.17736301516426, 19.351947108486904], [-99.17739037127124, 19.351913573308305], [-99.17742730645848, 19.351889703190245], [-99.17747020525624, 19.35187783470167], [-99.17865828033004, 19.351734364253588], [-99.17990770639325, 19.35151826704509], [-99.17991074604511, 19.351517773425694], [-99.18066028500984, 19.351403943121493], [-99.18066121134694, 19.35140380539791], [-99.1837001872443, 19.350961653679565], [-99.18496112326052, 19.350759349634817], [-99.18554903086621, 19.35058060513675], [-99.18603494700106, 19.350431809028592], [-99.18647145395279, 19.350296369937432], [-99.1865155748243, 19.350289660328816], [-99.18655972068267, 19.350296220194462], [-99.18659957023362, 19.350315407410402], [-99.18663122273162, 19.350345343802093], [-99.18665157980976, 19.350383098991774], [-99.18665864876944, 19.350424977242373], [-99.18665173764178, 19.35046687922054], [-99.18663152292625, 19.35050470326732], [-99.18659998337385, 19.350534746897612], [-99.18656020629562, 19.35055406922675], [-99.1861234361944, 19.350689589992616]]]]}}, {"type": "Feature", "properties": {"CVEGEO": "090100001", "CVE_ENT": "09", "CVE_MUN": "010", "CVE_LOC": "0001", "CVEVIAL": "00093", "CVESEG": "00016", "NOMVIAL": "R\u00edo de Tacubaya", "TIPOVIAL": "Avenida", "SENTIDO": "Dos sentidos", "TIPOSEN": 2, "AMBITO": "Urbana", "MINUTES": 0.95810442918, "LENGTH": 1.0107465850504425, "VELOCIDAD": 3.0, "T_VIAL2024": "V\u00edas primarias  - Avenidas primarias", "NOMENCLATU": "R\u00edo Tacubaya", "NOTA2024": null, "NombreMate": "R\u00edo Tacubaya", "ID": 23, "TIPO_VIA": "V\u00edas primarias  - Avenidas primarias", "NOMBRE": "R\u00edo Tacubaya"}, "geometry": {"type": "MultiPolygon", "coordinates": [[[[-99.20189820863921, 19.396906185969364], [-99.20186761191282, 19.396983601200585], [-99.20186714492611, 19.396984766436034], [-99.20167063462753, 19.397468396432306], [-99.20165214960328, 19.39750029964042], [-99.20157753034078, 19.39759592094394], [-99.20152848219375, 19.397635593133295], [-99.2014261124059, 19.397685962203813], [-99.20139774258499, 19.397696452840755], [-99.19924656005703, 19.398250013439856], [-99.19921090914595, 19.398254728776116], [-99.19917514778102, 19.398250838743767], [-99.19896458840284, 19.398201848310382], [-99.19871475211976, 19.398185382822867], [-99.19789428261704, 19.398152811268652], [-99.19786156691144, 19.398147864408923], [-99.19757662054018, 19.398071800241336], [-99.1973112370679, 19.39802795726649], [-99.19703952032307, 19.398025549303227], [-99.19683995282075, 19.39806035524616], [-99.1965918105411, 19.398141704693025], [-99.19658486417893, 19.398143795342573], [-99.19653899043539, 19.398156389471474], [-99.19580690026524, 19.39853031264287], [-99.19571917967656, 19.398693901710566], [-99.19558947737396, 19.39893770042968], [-99.195589673045, 19.39895364877207], [-99.1955907478779, 19.399001107488534], [-99.19558518665764, 19.399041582991934], [-99.19556717983279, 19.399078652765677], [-99.19553836002349, 19.399108955798354], [-99.19550134023669, 19.39912974459816], [-99.19507713073182, 19.39929203488611], [-99.19507557728983, 19.39929261918693], [-99.19406921453755, 19.399664694301517], [-99.19405233088041, 19.39967094267656], [-99.19404513003303, 19.3996733988777], [-99.19386308941718, 19.399730316789533], [-99.19364522602713, 19.3998163771881], [-99.19360178260216, 19.399826351494784], [-99.19355721716441, 19.39982309914104], [-99.1935158920997, 19.399806938490563], [-99.19348185260073, 19.399779451463772], [-99.19345843069257, 19.399743328687126], [-99.1934479190702, 19.399702106114038], [-99.19345134667526, 19.399659818899476], [-99.19346837797961, 19.39962060640997], [-99.19349734583305, 19.399588307033866], [-99.19353541465854, 19.399566082454374], [-99.19375830353914, 19.399478036906707], [-99.1937684997131, 19.39947443501794], [-99.19395207539311, 19.399417037160088], [-99.19396541552229, 19.399412100189878], [-99.19497106515584, 19.399040288818686], [-99.19530343441129, 19.398913134096716], [-99.19530336833165, 19.398907747448202], [-99.19530705345713, 19.39887553907302], [-99.19531868745804, 19.398845080248158], [-99.195464217906, 19.398571530551084], [-99.19546442371647, 19.398571145221307], [-99.19557251313093, 19.398369571109452], [-99.19559766083759, 19.398336305351027], [-99.19563212785638, 19.39831168050115], [-99.19641696120854, 19.397910818424982], [-99.19644496832501, 19.39789996524035], [-99.19650195322552, 19.39788432067199], [-99.19675685617382, 19.397800754854227], [-99.1967776823892, 19.397795556729662], [-99.19700133700975, 19.39775654983034], [-99.19702849659186, 19.397754322386223], [-99.19732557643403, 19.397756955124194], [-99.19734874648175, 19.39775895822623], [-99.19763280239468, 19.397805886009465], [-99.19764698635335, 19.397808942444378], [-99.19792288864868, 19.39788259238517], [-99.19872865985553, 19.39791458040772], [-99.19873258719284, 19.397914787736113], [-99.19899660839447, 19.397932188078972], [-99.19902073165517, 19.397935762419127], [-99.19920737246485, 19.397979187793986], [-99.20130818066697, 19.397438589887642], [-99.20136759372635, 19.39740935685876], [-99.20141100849902, 19.397353722832293], [-99.2016003186945, 19.396887814774594], [-99.20163826710905, 19.396791798832865], [-99.2016590680127, 19.39675641336022], [-99.20177088871375, 19.396619363224694], [-99.20180344280378, 19.396590301874078], [-99.20184386765638, 19.3965722085738], [-99.20188820621188, 19.396566854418367], [-99.20193211831355, 19.396574763508497], [-99.20197130554862, 19.396595161649046], [-99.20200193200318, 19.39662605213191], [-99.20202099974591, 19.39666441118625], [-99.20202664228678, 19.396706483964348], [-99.20201830728453, 19.396748152090847], [-99.20199681061759, 19.39678533679752], [-99.20189820863921, 19.396906185969364]]]]}}, {"type": "Feature", "properties": {"CVEGEO": "090100001", "CVE_ENT": "09", "CVE_MUN": "010", "CVE_LOC": "0001", "CVEVIAL": "02059", "CVESEG": "00003", "NOMVIAL": "Rosa Trepadora", "TIPOVIAL": "Calle", "SENTIDO": "Dos sentidos", "TIPOSEN": 2, "AMBITO": "Urbana", "MINUTES": 2.78436593654, "LENGTH": 0.24942313280752285, "VELOCIDAD": 3.0, "T_VIAL2024": null, "NOMENCLATU": null, "NOTA2024": null, "NombreMate": "Rosa Trepadora", "ID": 27, "TIPO_VIA": "Sin clasificacion", "NOMBRE": "Rosa Trepadora"}, "geometry": {"type": "MultiPolygon", "coordinates": [[[[-99.19389452587706, 19.372146455939617], [-99.19358513617647, 19.37223277550589], [-99.19352596950765, 19.372237089588225], [-99.192979898665, 19.372167981406342], [-99.19180803860952, 19.3720249320015], [-99.1917586245541, 19.372018903704916], [-99.1916372317667, 19.372004080651244], [-99.19159434552404, 19.371992154441177], [-99.1915574415741, 19.37196823466313], [-99.19153013233651, 19.371934662756125], [-99.19151509102717, 19.371894724977007], [-99.19151378998627, 19.371852330717005], [-99.19152635655846, 19.37181162982202], [-99.19155156063125, 19.371776606376706], [-99.19158693505057, 19.37175068871545], [-99.19162901712431, 19.371736413834824], [-99.19167368757387, 19.371735179056458], [-99.19179505545446, 19.3717499990715], [-99.19184446694038, 19.371756027055348], [-99.19301667182049, 19.37189911856872], [-99.19301733054655, 19.37189920045582], [-99.19353366383473, 19.371964545243518], [-99.19390714325853, 19.371860344547553], [-99.19395621966878, 19.371855097876423], [-99.1940042453068, 19.371866026115416], [-99.19404547888148, 19.37189182283312], [-99.19407499106322, 19.371929404124586], [-99.19409759126115, 19.37197197387886], [-99.19411120882785, 19.372012369130232], [-99.19411100685002, 19.372054780927865], [-99.19409700508832, 19.372095057709583], [-99.19407057412432, 19.372129256900525], [-99.19403430120175, 19.37215403084105], [-99.1939917369702, 19.37216695448063], [-99.1939470479216, 19.372166762760493], [-99.19390460854176, 19.372153474447508], [-99.19389452587706, 19.372146455939617]]]]}}, {"type": "Feature", "properties": {"CVEGEO": "090040001", "CVE_ENT": "09", "CVE_MUN": "004", "CVE_LOC": "0001", "CVEVIAL": "01071", "CVESEG": "00001", "NOMVIAL": "Carlos Lazo", "TIPOVIAL": "Avenida", "SENTIDO": "Dos sentidos", "TIPOSEN": 0, "AMBITO": "Urbana", "MINUTES": 19.9726971653, "LENGTH": 1.446812404323371, "VELOCIDAD": 3.0, "T_VIAL2024": "V\u00edas de acceso controlado - Viaductos", "NOMENCLATU": "Carlos Lazo", "NOTA2024": null, "NombreMate": "Carlos Lazo", "ID": 16, "TIPO_VIA": "V\u00edas de acceso controlado - Viaductos", "NOMBRE": "Carlos Lazo"}, "geometry": {"type": "MultiPolygon", "coordinates": [[[[-99.25299245799704, 19.34640300378584], [-99.25299157587013, 19.346402673871005], [-99.2527010269772, 19.34629294950593], [-99.25256422853936, 19.346259142761337], [-99.25162910276096, 19.346100909973547], [-99.25145121853782, 19.346099470643953], [-99.25144971487435, 19.346099450961077], [-99.25092966093631, 19.346090043095327], [-99.25079239473587, 19.34608749091324], [-99.25074680927126, 19.34608666137207], [-99.25072945516749, 19.34608533810027], [-99.24926652935262, 19.34588801658697], [-99.24922381964122, 19.3458755542692], [-99.24918725748651, 19.345851174363883], [-99.24916042185059, 19.345817263350536], [-99.2491459395897, 19.34577714068008], [-99.24914522832032, 19.345734733842086], [-99.24915835765613, 19.3456941939136], [-99.24918404239763, 19.345659489222676], [-99.24921976833976, 19.345634016901748], [-99.24926203838109, 19.345620270354406], [-99.24930671484363, 19.345619595185436], [-99.25076100383549, 19.345815751814143], [-99.25079789940605, 19.34581642322084], [-99.25093514168903, 19.34581897496801], [-99.25145440531543, 19.345828368547824], [-99.25164355391131, 19.345829899018728], [-99.25166740093502, 19.34583199811235], [-99.25261986225779, 19.34599316428253], [-99.25263078171896, 19.345995433716773], [-99.25278156986545, 19.346032697710598], [-99.2527983819601, 19.346037927275987], [-99.25309672507916, 19.346150595083504], [-99.25349538936858, 19.346298245412488], [-99.25353396198071, 19.346319653095584], [-99.25356367730397, 19.346351327019164], [-99.2535816265944, 19.34639016672371], [-99.25358605284349, 19.34643237031196], [-99.25357652276898, 19.346473806603722], [-99.25355396923153, 19.34651041952413], [-99.25352059992335, 19.346538625141307], [-99.25347968126586, 19.34655566248811], [-99.2534352186693, 19.346559863826702], [-99.25339156445251, 19.346550817899722], [-99.25299245799704, 19.34640300378584]]], [[[-99.26505735257847, 19.362970348346472], [-99.26480050970339, 19.36289027546006], [-99.26422443233764, 19.36272926820969], [-99.26422377097693, 19.362729081716772], [-99.26369972996692, 19.362580001571068], [-99.26369485997999, 19.362578525487383], [-99.26317874938017, 19.36241237482245], [-99.2631710182463, 19.36240964725985], [-99.26277306969509, 19.36225669721407], [-99.26276130619951, 19.36225157551544], [-99.26247225597939, 19.362110345337936], [-99.26246276955237, 19.36210526696336], [-99.26216835809406, 19.361933296491127], [-99.26216634716201, 19.361932099892638], [-99.26191877759172, 19.361782050059887], [-99.26190776209324, 19.361774656027368], [-99.26176519197107, 19.361669026680968], [-99.26176266832172, 19.36166711294036], [-99.26159181874046, 19.361534521794454], [-99.26158771059094, 19.361531208853016], [-99.26133656053871, 19.36132079934634], [-99.2613264849923, 19.36131148110298], [-99.26115525540156, 19.36113671079864], [-99.26113467063195, 19.361109673244847], [-99.2610080990855, 19.36089101429669], [-99.26099608711824, 19.360863445218413], [-99.26090986857905, 19.360580843821833], [-99.26090658459508, 19.36056763841381], [-99.2607701721882, 19.359863025091904], [-99.26045396558126, 19.35835914923667], [-99.2604538724212, 19.358358702250985], [-99.26017346464502, 19.357001303066003], [-99.26017182569207, 19.356991468711765], [-99.26010992514298, 19.356504819027], [-99.26011157516847, 19.35646243582172], [-99.26012694345248, 19.35642261094774], [-99.26015452563227, 19.356389242738167], [-99.26019162176935, 19.3563655975012], [-99.26023460063917, 19.356353989792854], [-99.2602792551792, 19.356355555853842], [-99.26032121430231, 19.356370142387462], [-99.26035637076517, 19.356396321565196], [-99.26038128321082, 19.356431530791365], [-99.2603935130317, 19.356472323546125], [-99.26045478530922, 19.356954027367355], [-99.26073413924824, 19.358306313942993], [-99.26105051456027, 19.359810979966024], [-99.26105092469129, 19.359813011120604], [-99.26118624175, 19.360511960491603], [-99.26126607204854, 19.360773621524203], [-99.26137650342302, 19.360964396989733], [-99.2615308790029, 19.36112196456533], [-99.26177472802598, 19.361326257194214], [-99.26194224009106, 19.361456258090694], [-99.26207821335092, 19.361556999790583], [-99.26231909055413, 19.36170299335654], [-99.26260784991565, 19.361871662274083], [-99.2628862951612, 19.362007710809976], [-99.26327441502926, 19.362156883209597], [-99.2637841967682, 19.36232099641738], [-99.26430545766527, 19.36246928566162], [-99.26488332671195, 19.362630793656585], [-99.26488755319295, 19.362632042772773], [-99.26514935287422, 19.362713660977644], [-99.26515501918438, 19.362715553682524], [-99.26539874898366, 19.36280247491339], [-99.26543760621004, 19.36282342014301], [-99.2654677420743, 19.362854736562415], [-99.2654862066673, 19.362893358707105], [-99.26549119253927, 19.362935505976175], [-99.26548221162827, 19.36297705270246], [-99.26546014303882, 19.363013932001135], [-99.26542714699285, 19.363042533865404], [-99.26538645337402, 19.363060058540686], [-99.265342045564, 19.36306479058595], [-99.26529827051873, 19.36305626679446], [-99.26505735257847, 19.362970348346472]]]]}}, {"type": "Feature", "properties": {"CVEGEO": "090100001", "CVE_ENT": "09", "CVE_MUN": "010", "CVE_LOC": "0001", "CVEVIAL": "00210", "CVESEG": "00066", "NOMVIAL": "Santa Luc\u00eda", "TIPOVIAL": "Avenida", "SENTIDO": "Un sentido", "TIPOSEN": 1, "AMBITO": "Urbana", "MINUTES": 0.43000581918, "LENGTH": 3.919376467246443, "VELOCIDAD": 3.0, "T_VIAL2024": null, "NOMENCLATU": null, "NOTA2024": null, "NombreMate": "Santa Luc\u00eda", "ID": 30, "TIPO_VIA": "Sin clasificacion", "NOMBRE": "Santa Luc\u00eda"}, "geometry": {"type": "MultiPolygon", "coordinates": [[[[-99.23687649280333, 19.36766075032776], [-99.23686106362874, 19.367661202138], [-99.23653896274548, 19.367654102740406], [-99.23653095640726, 19.3676537126837], [-99.23630093737268, 19.367636352497993], [-99.2362751478088, 19.367632123249244], [-99.23588955690832, 19.367533655283477], [-99.23544551569262, 19.36744710703865], [-99.23544124553712, 19.36744620986047], [-99.23423533570428, 19.367174392958653], [-99.23410882431483, 19.367149918567087], [-99.234085505091, 19.36714546375645], [-99.23408412602035, 19.367145193584392], [-99.23360940559236, 19.367049873102115], [-99.23360821519302, 19.36704962904003], [-99.23314594993099, 19.366952892792966], [-99.23299493842302, 19.366926543376977], [-99.2328900491238, 19.366908231546848], [-99.23288542682131, 19.36690734947994], [-99.23275304744276, 19.366879922752602], [-99.23252478637392, 19.366832609843904], [-99.23236848842886, 19.36681323033813], [-99.23226607428313, 19.366815551280165], [-99.23164381645627, 19.366944074788226], [-99.23158236130007, 19.366958790101734], [-99.2315785078919, 19.366959659041395], [-99.23104785331766, 19.36707196687803], [-99.23099670280247, 19.367082792254475], [-99.23089312477985, 19.367108498584674], [-99.23059542395353, 19.36718237927098], [-99.23059210360127, 19.36718316308141], [-99.23035781150487, 19.367235650624448], [-99.22988392743909, 19.367398526463106], [-99.22979566785895, 19.367428860206964], [-99.22977520340403, 19.36743786133985], [-99.22969031279614, 19.36747519528531], [-99.22967855832844, 19.36747977363077], [-99.22907857825855, 19.367684373340072], [-99.229075851272, 19.367685273835793], [-99.22893830605172, 19.367729219428515], [-99.22889767774234, 19.36774311021047], [-99.22882792345005, 19.367766959944834], [-99.22823198283095, 19.367970714744963], [-99.22735631606825, 19.368270133381582], [-99.22701234731521, 19.36839227758059], [-99.22662506136676, 19.368530950878615], [-99.22617070959815, 19.36869883325291], [-99.22616603574896, 19.36870047172015], [-99.22610897358864, 19.36871940873226], [-99.22584947060831, 19.368814182430683], [-99.22565792716945, 19.36888413535591], [-99.22501235035395, 19.36911986789411], [-99.22500568911573, 19.369122122199077], [-99.22480873754157, 19.36918360297379], [-99.22480255635088, 19.36918538652765], [-99.2246258885105, 19.369232247945654], [-99.224596437617, 19.36923698201464], [-99.22449362671232, 19.369243139834946], [-99.22446191336473, 19.36924168351556], [-99.22438860610059, 19.36923047566533], [-99.22436782340972, 19.369225761768888], [-99.22428352034457, 19.36920018024025], [-99.22427636050155, 19.369197806991387], [-99.22393945176535, 19.36907651594537], [-99.22353512568732, 19.368943773681778], [-99.22353305844335, 19.36894307808092], [-99.22340603359795, 19.368899290980707], [-99.22336849892577, 19.368886351080086], [-99.22335573078371, 19.36888127184623], [-99.22333991360038, 19.368874105583995], [-99.22333969605357, 19.368874006806337], [-99.2232074140091, 19.36881381345851], [-99.22308207364317, 19.368766354537843], [-99.22306539204045, 19.368760503747026], [-99.22303821920251, 19.368753811970233], [-99.2229993575871, 19.36878464690028], [-99.22293995782806, 19.36881558181849], [-99.22290759318592, 19.368827835826607], [-99.22284589419802, 19.368843244762086], [-99.2228248116649, 19.36884693123732], [-99.22276557703229, 19.368852974527332], [-99.22275012354955, 19.368853750941877], [-99.22270465482706, 19.368853694460032], [-99.22269176130017, 19.368853124945545], [-99.22263956367625, 19.36884856913326], [-99.22261382090028, 19.368844035249563], [-99.22256524363675, 19.36883101398179], [-99.22254376816103, 19.36882127076798], [-99.22254329416954, 19.36882230541666], [-99.22250012975361, 19.368804494230247], [-99.22246388326657, 19.36878290318954], [-99.22245560108387, 19.368776135154146], [-99.22241362451616, 19.368794332195787], [-99.2222425189502, 19.368883502746872], [-99.22219717436383, 19.36890763627919], [-99.2221666406138, 19.368919718615807], [-99.22167441843568, 19.369053524013296], [-99.22160496870615, 19.369073727040675], [-99.22160006323955, 19.36907506353993], [-99.22104389369484, 19.369216434793135], [-99.22049069524229, 19.369368948032207], [-99.22048761281549, 19.369369762414095], [-99.21990434963338, 19.36951720021046], [-99.21975639434926, 19.369556695191264], [-99.21975484999516, 19.369557098583783], [-99.21931466986442, 19.369669559099258], [-99.21931357957305, 19.36966983327659], [-99.21912749118914, 19.369715883626867], [-99.21874585530033, 19.369818048508318], [-99.21864381268865, 19.369845758875446], [-99.21864189740408, 19.369846265323453], [-99.21820609693995, 19.369958404877654], [-99.21764958429758, 19.370130471485826], [-99.21764612650647, 19.370131494746623], [-99.21707213644846, 19.370293804926074], [-99.21707049257107, 19.370294259607537], [-99.21651552182365, 19.370444339302594], [-99.21651272957055, 19.3704450654462], [-99.21594129928108, 19.37058777577919], [-99.21594108422373, 19.370587829317916], [-99.2153492711633, 19.370734693525325], [-99.21479552768642, 19.370873956454428], [-99.21479165568883, 19.370874875481334], [-99.21424368812444, 19.37099724170335], [-99.21370919163361, 19.371205429457458], [-99.21319497786911, 19.37146327713731], [-99.21318844549681, 19.37146635292173], [-99.21262589794735, 19.371714453147675], [-99.21252586400787, 19.37176812067183], [-99.21252098302742, 19.3717706218591], [-99.21201832609628, 19.372016358431267], [-99.21193932440299, 19.372057243690783], [-99.21193166174524, 19.372060930026493], [-99.21171466516627, 19.37215765115386], [-99.21095401935847, 19.37249756423292], [-99.21095377339635, 19.37249767387518], [-99.21015137302498, 19.37285447266625], [-99.21009514137425, 19.372867215084362], [-99.20958348508782, 19.372882081617448], [-99.2090301392228, 19.372901724128035], [-99.20850812077671, 19.372920256957602], [-99.20816468204548, 19.37293336931493], [-99.20816358192168, 19.372933407287007], [-99.20796426893267, 19.372939556924507], [-99.20739531641175, 19.372959744301628], [-99.20739492422811, 19.372959757704358], [-99.20685123776947, 19.3729776274796], [-99.2068134561368, 19.37297964647094], [-99.20625023116911, 19.37333649236179], [-99.20604059210788, 19.373469321736312], [-99.20562516573737, 19.373732495613663], [-99.2049995978336, 19.374128824945775], [-99.20499700665846, 19.374130428359905], [-99.2046726478143, 19.374326423264], [-99.20393383914674, 19.3748047618003], [-99.20393271055477, 19.37480548504024], [-99.20374577191265, 19.374924054110636], [-99.20344823329945, 19.37511278335147], [-99.20319229316316, 19.37527512414737], [-99.20319044788431, 19.37527627510828], [-99.20229442514741, 19.375825785294793], [-99.20225355759604, 19.37584294873977], [-99.20220910153628, 19.375847287173706], [-99.20216540864716, 19.37583837591939], [-99.2021267559026, 19.37581708727436], [-99.20209692690776, 19.375785505123698], [-99.20207884153147, 19.37574672095315], [-99.20207427008945, 19.375704531231204], [-99.20208366005618, 19.375663065782863], [-99.20210609226679, 19.375626383533223], [-99.20213937089497, 19.37559807519232], [-99.2030344655963, 19.37504913447366], [-99.20328948647422, 19.374887376854808], [-99.20358702634331, 19.37469864693402], [-99.20377340358809, 19.37458043401318], [-99.20451352100022, 19.374101248432712], [-99.2045173040602, 19.37409888165793], [-99.20484226921667, 19.373902520504778], [-99.2054665524956, 19.373507005288264], [-99.20588197208603, 19.37324383586891], [-99.20609160805635, 19.37311100853479], [-99.20668723031828, 19.37273363662464], [-99.20672127553337, 19.372717807290226], [-99.20675850937569, 19.37271103528014], [-99.20683671982052, 19.372706855845465], [-99.20683980635991, 19.372706722669477], [-99.20738483984918, 19.372688808630787], [-99.20795394307763, 19.372668615913643], [-99.20795463859396, 19.372668592844615], [-99.20815374890415, 19.37266244946398], [-99.20849683828129, 19.372649350449077], [-99.20849724069487, 19.372649335623926], [-99.20901945988935, 19.372630795675192], [-99.20957329081332, 19.372611135953417], [-99.20957425914348, 19.372611104699228], [-99.21005689574562, 19.372597081400386], [-99.21083244364762, 19.372252222979487], [-99.21159302986322, 19.37191233664683], [-99.21180632912886, 19.37181726347204], [-99.21188303545229, 19.37177756613685], [-99.21188600923425, 19.371776070000355], [-99.21238769572902, 19.371530807956997], [-99.21249025973279, 19.371475783092997], [-99.21250035622035, 19.37147085818062], [-99.21306474698711, 19.37122194514339], [-99.21358184200625, 19.37096265277299], [-99.21359433799915, 19.370957101992396], [-99.21414570803677, 19.37074234199913], [-99.21416722508243, 19.37073579453604], [-99.21472428128142, 19.370611398776493], [-99.2152763217407, 19.370472564162345], [-99.215276776002, 19.370472450676125], [-99.21586870786308, 19.370325557009377], [-99.21643862980042, 19.37018322339916], [-99.21699138412124, 19.370033743111414], [-99.21756281712554, 19.369872156032844], [-99.21812101499931, 19.369699568396484], [-99.21812788252936, 19.36969762448043], [-99.21856618231978, 19.369584841826573], [-99.21866752712842, 19.369557320956716], [-99.21866804366144, 19.369557181684883], [-99.21905130267432, 19.36945458230421], [-99.21905404060439, 19.369453877131924], [-99.21924095565181, 19.36940762221936], [-99.21967981719251, 19.369295498604593], [-99.21982795549539, 19.369255954774534], [-99.21982986756548, 19.36925545793154], [-99.22041254172159, 19.369108169056563], [-99.22096564497265, 19.368955682084124], [-99.22096853746635, 19.36895491583694], [-99.22152369137115, 19.36881380277488], [-99.22159196162534, 19.368793942861338], [-99.22159449008905, 19.36879323149416], [-99.22207197026317, 19.36866343360237], [-99.22210334621025, 19.368646734537744], [-99.22210446124174, 19.368646147283982], [-99.2222807408025, 19.368554280377136], [-99.22229014540359, 19.368549798960647], [-99.22242012693764, 19.36849345132663], [-99.22245902612357, 19.368482593060588], [-99.22249957290143, 19.368482546154187], [-99.22253849986326, 19.36849331438723], [-99.22257267013099, 19.36851403001586], [-99.22263388013283, 19.368564049607198], [-99.22265719781227, 19.368573671314348], [-99.22265819791144, 19.36857420642199], [-99.22267881595621, 19.368579733144674], [-99.2227114890981, 19.368582584858764], [-99.22274274850227, 19.36858262369024], [-99.22278359109413, 19.368578456810855], [-99.22281782804735, 19.368569906348394], [-99.22282559204685, 19.36856585044802], [-99.22284258438961, 19.36852572893987], [-99.22287205003197, 19.36849271205242], [-99.2229109764523, 19.36847018852703], [-99.2229553978872, 19.368460453023815], [-99.22300078875394, 19.36846449737965], [-99.22314406831553, 19.368499782471446], [-99.22315770576046, 19.36850384205769], [-99.22318281538126, 19.368512648832976], [-99.2231862314807, 19.36851389440502], [-99.22331774854678, 19.368563692063827], [-99.22332657237507, 19.36856736519101], [-99.22346309214247, 19.368629486848846], [-99.22347254626385, 19.368633770209346], [-99.22350356107476, 19.368644462416643], [-99.22362955290002, 19.368687893416478], [-99.2240348349884, 19.36882094952478], [-99.22403879977678, 19.368822313702513], [-99.22437413313425, 19.368943037582966], [-99.22444461791059, 19.368964425990555], [-99.22449157660351, 19.36897160544414], [-99.22456345723859, 19.36896730018157], [-99.22472254977457, 19.36892510064131], [-99.22491307171484, 19.36886562696518], [-99.2255553366644, 19.36863110380686], [-99.2257468759272, 19.36856115242424], [-99.2260084419427, 19.36846562530179], [-99.22601259294478, 19.368464178906354], [-99.22606939034605, 19.3684453297638], [-99.2265221189415, 19.368278047187516], [-99.22652352032127, 19.368277537407536], [-99.22691169075108, 19.368138547442662], [-99.22691205671647, 19.368138416945726], [-99.22725702628576, 19.368015917382834], [-99.22725866635717, 19.36801534581531], [-99.22813515585929, 19.367715645927934], [-99.22873110136648, 19.367511889502623], [-99.22880085563216, 19.367488039782753], [-99.22884290050575, 19.36747366468184], [-99.22884573925852, 19.367472726025913], [-99.2289833405831, 19.367428762518223], [-99.22957597653712, 19.367226667287145], [-99.22965508826688, 19.367191874838138], [-99.22968116057805, 19.367180407136175], [-99.22969258604044, 19.367175940837488], [-99.2297866576499, 19.367143609579163], [-99.23026831462488, 19.366978062185567], [-99.23028413686673, 19.3669735871322], [-99.23052481109362, 19.366919669840026], [-99.23082085391269, 19.366846200632516], [-99.23092694424614, 19.36681987079202], [-99.23093199277352, 19.36681871048877], [-99.23098567848548, 19.36680734857108], [-99.23151439909533, 19.366695450057126], [-99.23157620913922, 19.366680649767844], [-99.2315807774346, 19.36667963135072], [-99.23221865518833, 19.366547881639626], [-99.23224561910337, 19.36654481979689], [-99.23237267023414, 19.36654194052666], [-99.23239458295718, 19.366543044150923], [-99.23256782318495, 19.36656452434917], [-99.23257979630795, 19.366566503797895], [-99.23281397991349, 19.366615044309484], [-99.23294404917753, 19.366641992422778], [-99.23304659899907, 19.36665989582246], [-99.23320007645651, 19.36668667551335], [-99.23320500502989, 19.366687620885266], [-99.23366913044643, 19.366784746406477], [-99.23414256555752, 19.366879808810666], [-99.23416536603, 19.36688416452131], [-99.23416570898661, 19.366884230453298], [-99.23429463815371, 19.366909172579067], [-99.23429911537751, 19.366910109998297], [-99.23550512621705, 19.367181949688284], [-99.2359512438472, 19.367268902643904], [-99.23595962279859, 19.367270787267692], [-99.23633668288765, 19.367367076747115], [-99.23654960439818, 19.367383146533072], [-99.23685996836164, 19.367389987247044], [-99.23711037706602, 19.367369759699866], [-99.23715494882032, 19.367372817950308], [-99.23719634331906, 19.367388798465857], [-99.23723050858777, 19.3674161369656], [-99.2372541002938, 19.367452157371442], [-99.23726480911209, 19.367493333759484], [-99.23726158677978, 19.367535635500296], [-99.2372447487109, 19.367574921804184], [-99.2372159431255, 19.367607347050697], [-99.23717798971308, 19.36762973722606], [-99.23713460362258, 19.36763990061951], [-99.23687649280333, 19.36766075032776]]]]}}, {"type": "Feature", "properties": {"CVEGEO": "090100001", "CVE_ENT": "09", "CVE_MUN": "010", "CVE_LOC": "0001", "CVEVIAL": "04857", "CVESEG": "00001", "NOMVIAL": "Primera Cerrada Popotla", "TIPOVIAL": "Calle", "SENTIDO": "Un sentido", "TIPOSEN": 1, "AMBITO": "Urbana", "MINUTES": 1.9706931456, "LENGTH": 0.09877193096368568, "VELOCIDAD": 3.0, "T_VIAL2024": "V\u00edas primarias - Ejes viales", "NOMENCLATU": "San Jeronimo", "NOTA2024": null, "NombreMate": "San Jer\u00f3nimo Eje 10 Sur", "ID": 24, "TIPO_VIA": "V\u00edas primarias - Ejes viales", "NOMBRE": "San Jeronimo"}, "geometry": {"type": "MultiPolygon", "coordinates": [[[[-99.20957417778199, 19.332065033936143], [-99.20955847187106, 19.33196692274889], [-99.20951809222322, 19.33188738169907], [-99.20943778949695, 19.331820503036774], [-99.2091560285529, 19.331675691339385], [-99.20909231178155, 19.331645445739913], [-99.20905596891164, 19.331620776156857], [-99.20902943542592, 19.331586653023603], [-99.20901530860388, 19.331546416554815], [-99.20901497126908, 19.331504005379372], [-99.20902845643185, 19.3314635709988], [-99.209054444062, 19.33142907140929], [-99.2090903903058, 19.331403883666507], [-99.20913277649737, 19.331390473317576], [-99.20917745358918, 19.331390153057907], [-99.20922004828654, 19.331402954236587], [-99.20928584319826, 19.331434186294654], [-99.20928996471262, 19.3314362229587], [-99.20958788765945, 19.331589341083617], [-99.20961407571637, 19.331606649050602], [-99.20972829575, 19.331701775030062], [-99.20976276191352, 19.331744825979253], [-99.2098250740369, 19.331867569912493], [-99.20983761200371, 19.331906053924445], [-99.2098595662781, 19.3320431957224], [-99.20985999497351, 19.33208104212127], [-99.209848858053, 19.332162345435023], [-99.20983623691475, 19.332203030400198], [-99.20981098937153, 19.33223802177693], [-99.20977558682492, 19.33226389436101], [-99.2097334947254, 19.33227811555895], [-99.20968883334889, 19.33227929329768], [-99.20964597447241, 19.332267312291584], [-99.20960911343016, 19.332243345327527], [-99.20958185844162, 19.332209738463416], [-99.20956687741243, 19.332169781377928], [-99.20956563678213, 19.33212738535213], [-99.20957417778199, 19.332065033936143]]]]}}, {"type": "Feature", "properties": {"CVEGEO": "090100001", "CVE_ENT": "09", "CVE_MUN": "010", "CVE_LOC": "0001", "CVEVIAL": "00128", "CVESEG": "00006", "NOMVIAL": "Escuadr\u00f3n 201", "TIPOVIAL": "Avenida", "SENTIDO": "Dos sentidos", "TIPOSEN": 2, "AMBITO": "Urbana", "MINUTES": 0.8286665045, "LENGTH": 0.8593896799247367, "VELOCIDAD": 3.0, "T_VIAL2024": "V\u00edas primarias - Ejes viales", "NOMENCLATU": "Escuadron 201", "NOTA2024": null, "NombreMate": "Escuadr\u00f3n 201", "ID": 3, "TIPO_VIA": "V\u00edas primarias - Ejes viales", "NOMBRE": "Escuadron 201"}, "geometry": {"type": "MultiPolygon", "coordinates": [[[[-99.20151197332599, 19.38997583141175], [-99.20110882560716, 19.3894253215336], [-99.20102009694584, 19.389313053372224], [-99.20101850050395, 19.389310993195533], [-99.20045815053321, 19.38857339122226], [-99.20039419522996, 19.38848917289493], [-99.20039295656845, 19.388487515744185], [-99.19965234670754, 19.38748077543112], [-99.19964947629605, 19.387476719737972], [-99.19947833904571, 19.387225238781404], [-99.19937495543475, 19.387098117245532], [-99.19936800947359, 19.387088788772726], [-99.1992485447355, 19.386913080352468], [-99.19924002599511, 19.386898699374132], [-99.1991851541784, 19.386791238537096], [-99.19917605209532, 19.38676835109181], [-99.19912398084428, 19.386590161375512], [-99.19908499015713, 19.38646266043071], [-99.19907934229488, 19.386426644846928], [-99.19907741789869, 19.386286369232387], [-99.19907867939271, 19.38626654333052], [-99.19922356064126, 19.38524383392149], [-99.19924574764005, 19.384990059546293], [-99.19925014253585, 19.384835933142337], [-99.19925016416931, 19.384835240032476], [-99.19925209308978, 19.384778356328876], [-99.19918539008538, 19.384549661385364], [-99.19907358293338, 19.38426489110746], [-99.19903186892746, 19.38416014730601], [-99.19902268308871, 19.384115366936282], [-99.19902177840731, 19.384078344307394], [-99.19901617549364, 19.38397394580072], [-99.19901650050326, 19.38395560703758], [-99.19902790986335, 19.38382780904266], [-99.1990314265573, 19.38380729371279], [-99.1990823788521, 19.383607980864163], [-99.19909958011769, 19.383568835840826], [-99.19912868637046, 19.383536650968217], [-99.1991668484859, 19.38351457672115], [-99.19921033089499, 19.383504773876375], [-99.19925487724574, 19.383508202002393], [-99.19929612704122, 19.383524525531033], [-99.19933004247144, 19.383552146604945], [-99.19935330365946, 19.38358836148573], [-99.19936363363345, 19.38362962521288], [-99.19936002121435, 19.383671898607528], [-99.19931165869424, 19.383861082162138], [-99.19930199442098, 19.383969335279144], [-99.19930720547761, 19.38406642919762], [-99.19930735199732, 19.384070181642148], [-99.19930773727158, 19.384085947249137], [-99.19934094904035, 19.38416934159526], [-99.19934118394181, 19.384169935629753], [-99.19945526987037, 19.384460508688104], [-99.1994590831105, 19.384471676862873], [-99.19953323990212, 19.38472592604596], [-99.19953834226571, 19.38476644693815], [-99.19953572570155, 19.384843613172976], [-99.19953123327647, 19.385001169503777], [-99.19953079644117, 19.38500871095827], [-99.19950798033702, 19.385269686218084], [-99.19950719589485, 19.38527653909254], [-99.19936323040604, 19.386292796693475], [-99.19936476637578, 19.386404744395755], [-99.19939859887688, 19.386515377270644], [-99.19939906406502, 19.386516933055294], [-99.19944790480618, 19.3866840669056], [-99.19949333567416, 19.38677303833772], [-99.19960481352979, 19.386936999322028], [-99.1997081793319, 19.38706409873973], [-99.1997150936197, 19.387073380608737], [-99.1998880863092, 19.3873275875509], [-99.20062661038064, 19.388331490642965], [-99.20068991735057, 19.38841485507576], [-99.20124947231368, 19.389151409222528], [-99.20133894302914, 19.389264616104878], [-99.20134196814254, 19.38926859158075], [-99.20174718888487, 19.389821931175057], [-99.2017483721205, 19.389823572467545], [-99.20219103221919, 19.39044736269003], [-99.20220988991099, 19.390485814838758], [-99.20221530284545, 19.390527914775017], [-99.20220674115677, 19.39056954146497], [-99.20218504291307, 19.39060662019644], [-99.20215233208404, 19.39063552144078], [-99.20211181063415, 19.390653416138022], [-99.2020674450919, 19.390658552626736], [-99.20202357827569, 19.39065042811038], [-99.20198450418481, 19.39062983787494], [-99.20195404766909, 19.390598797440198], [-99.20151197332599, 19.38997583141175]]]]}}, {"type": "Feature", "properties": {"CVEGEO": "090100001", "CVE_ENT": "09", "CVE_MUN": "010", "CVE_LOC": "0001", "CVEVIAL": "00429", "CVESEG": "00003", "NOMVIAL": "Luz y Fuerza", "TIPOVIAL": "Calle", "SENTIDO": "Dos sentidos", "TIPOSEN": 2, "AMBITO": "Urbana", "MINUTES": 0.66943243552, "LENGTH": 0.30006776743366015, "VELOCIDAD": 3.0, "T_VIAL2024": "V\u00edas primarias - Ejes viales", "NOMENCLATU": "Alfonso Caso Andrade", "NOTA2024": null, "NombreMate": "Alfonso Caso Andrade", "ID": 2, "TIPO_VIA": "V\u00edas primarias - Ejes viales", "NOMBRE": "Alfonso Caso Andrade"}, "geometry": {"type": "MultiPolygon", "coordinates": [[[[-99.20574825045108, 19.361871674196397], [-99.20574843853572, 19.361871149182022], [-99.20591688177426, 19.361404096438235], [-99.20633328788306, 19.36016314227705], [-99.20637782843151, 19.359863758375823], [-99.20639405011237, 19.35959112672752], [-99.20640351793466, 19.359549677355563], [-99.20642601760545, 19.35951303350546], [-99.20645934669501, 19.359484782128416], [-99.20650024272092, 19.359467688661233], [-99.20654470250211, 19.35946342632797], [-99.20658837401558, 19.359472412354442], [-99.20662698239877, 19.359493767127667], [-99.20665674839935, 19.35952540029782], [-99.20667475831273, 19.359564215394613], [-99.20667924919616, 19.359606412929548], [-99.20666269012506, 19.359884723095362], [-99.2066615144255, 19.35989603327142], [-99.20661445472885, 19.36021235354679], [-99.20660912266926, 19.36023453659678], [-99.20618860282157, 19.361487756614494], [-99.20618764083214, 19.361490520499828], [-99.20601879625758, 19.361958688199486], [-99.20591665955118, 19.36224571552915], [-99.20589591388018, 19.362283280318664], [-99.20586395287052, 19.362312922090826], [-99.2058239050886, 19.362331739297623], [-99.20577969069657, 19.362337889975848], [-99.20573563771708, 19.362330772052786], [-99.20569605837252, 19.362311082281845], [-99.20566482697086, 19.362280748038906], [-99.20564500065916, 19.36224273865585], [-99.20563852016876, 19.362200774759824], [-99.20564601984529, 19.362158964070822], [-99.20574825045108, 19.361871674196397]]]]}}, {"type": "Feature", "properties": {"CVEGEO": "090040001", "CVE_ENT": "09", "CVE_MUN": "004", "CVE_LOC": "0001", "CVEVIAL": "00470", "CVESEG": "00002", "NOMVIAL": "Prolongaci\u00f3n Paseo de la Reforma", "TIPOVIAL": "Calle", "SENTIDO": "Un sentido", "TIPOSEN": 1, "AMBITO": "Urbana", "MINUTES": 16.5146936115, "LENGTH": 1.9459494634315748, "VELOCIDAD": 3.0, "T_VIAL2024": null, "NOMENCLATU": null, "NOTA2024": null, "NombreMate": "Prolongaci\u00f3n Paseo de la Reforma", "ID": 21, "TIPO_VIA": "Sin clasificacion", "NOMBRE": "Prolongaci\u00f3n Paseo de la Reforma"}, "geometry": {"type": "MultiPolygon", "coordinates": [[[[-99.24979961972008, 19.3806835275845], [-99.24928205643563, 19.381678009404915], [-99.24927661545493, 19.38168749283744], [-99.24912614571011, 19.381926562228433], [-99.24910991744073, 19.38194748976397], [-99.24877618770866, 19.382301099579585], [-99.24874152980517, 19.382327877297918], [-99.24869984854756, 19.382343180923236], [-99.2486552239953, 19.382345512426713], [-99.2486120243208, 19.382334643583906], [-99.24857447821826, 19.382311638315162], [-99.24854626096618, 19.382278748540852], [-99.2485301346638, 19.38223919374597], [-99.24852767785836, 19.3821968458328], [-99.24853913102882, 19.38215585011076], [-99.24856337304996, 19.382120219524495], [-99.24888792711974, 19.381776332463925], [-99.24902842492234, 19.381553107219656], [-99.2495551328744, 19.380541057064494], [-99.24936042425378, 19.380432221517765], [-99.24933671849502, 19.380415625251928], [-99.24926552012184, 19.38035406746203], [-99.24925001120083, 19.380338344090248], [-99.2490386982641, 19.38008670514912], [-99.24902239721192, 19.380058377888275], [-99.24904810019747, 19.380187697415597], [-99.24905550245958, 19.38022493949035], [-99.24905681409861, 19.380267333272474], [-99.24904425703464, 19.380308036800024], [-99.24901906043179, 19.380343065725608], [-99.24898369070522, 19.380368991169465], [-99.2489416100927, 19.380383275363826], [-99.24889693774571, 19.38038452006906], [-99.2488540465152, 19.380372603444346], [-99.24881713490244, 19.380348691974447], [-99.24878981607715, 19.380315126285105], [-99.24877476419378, 19.380275192024563], [-99.24876736194166, 19.38023794968002], [-99.24858222415278, 19.379306452395486], [-99.24851850687345, 19.379038700687424], [-99.24851287081704, 19.379015014837503], [-99.24842043972983, 19.378633950988814], [-99.24841750129013, 19.378590119359423], [-99.24842948374224, 19.378547696733136], [-99.24845512924793, 19.378511136317506], [-99.24849174572918, 19.37848427594673], [-99.24853548946435, 19.37846993521648], [-99.24858176857211, 19.378469619506], [-99.24862572502924, 19.378483361956008], [-99.24866274462485, 19.378509719989935], [-99.24892761253655, 19.37877185755219], [-99.2489348596636, 19.378779601630537], [-99.24895913698442, 19.378807631048417], [-99.24914721715325, 19.37902477657474], [-99.2491633271528, 19.37904781754266], [-99.24924911905568, 19.379202816664847], [-99.24926012693246, 19.379229013275005], [-99.24930460064438, 19.379378465030406], [-99.24930989170505, 19.37941999286233], [-99.24929901850761, 19.379718277197814], [-99.24929421428308, 19.379955958828567], [-99.24946633789045, 19.380160929352332], [-99.24951817521867, 19.380205747628484], [-99.249865094305, 19.380399663314652], [-99.24987719952854, 19.380407240377085], [-99.24990506532147, 19.380426678121935], [-99.2501192735245, 19.380450460291996], [-99.25013496004775, 19.38045304970913], [-99.25051143845747, 19.380535943161433], [-99.25051828136696, 19.38053762015648], [-99.25084000760438, 19.380624576345035], [-99.2508843436394, 19.380644938785824], [-99.25091875602102, 19.380678381460335], [-99.2510411859515, 19.380848121164718], [-99.25105498858348, 19.380872147325515], [-99.25111180218869, 19.38100037349804], [-99.25112802918414, 19.381036997920802], [-99.25113785740825, 19.38107102883663], [-99.25116344699876, 19.38124719908845], [-99.25116405015673, 19.381279443386244], [-99.25114405037404, 19.38146582366418], [-99.25113533256828, 19.381500583647053], [-99.25109097315703, 19.381610473402333], [-99.25107996158403, 19.381631894686976], [-99.25100890102112, 19.38174391467828], [-99.25099179034805, 19.38176562996427], [-99.2508895806587, 19.381871380095877], [-99.25085732740328, 19.381896260531306], [-99.250725557638, 19.381970630100533], [-99.2506972390054, 19.381982870527775], [-99.24983322550007, 19.382253004188776], [-99.2491977603367, 19.38250169898796], [-99.24862734091376, 19.382760087989745], [-99.2470451035857, 19.383476796620744], [-99.24700225514866, 19.38348885370589], [-99.24695757768704, 19.38348775537826], [-99.2469154445525, 19.383473609149945], [-99.2468799800379, 19.38344779975529], [-99.24685465565986, 19.383412853602316], [-99.24684195034133, 19.383372191468506], [-99.24684310775882, 19.383329793649565], [-99.2468580146058, 19.383289810339285], [-99.24688521168815, 19.383256155379684], [-99.24692203676312, 19.383232123148076], [-99.2485042722387, 19.38251541561292], [-99.24907818571944, 19.3822554439555], [-99.24908526048664, 19.382252459831108], [-99.24972912011961, 19.382000479852046], [-99.24973888247875, 19.381997048652558], [-99.25059297592743, 19.38173001660656], [-99.2506932385898, 19.381673429369993], [-99.25077154402797, 19.381592411614108], [-99.25082869753172, 19.38150231494623], [-99.25086175352251, 19.381420427026335], [-99.25087809588234, 19.381268133156095], [-99.25085740386976, 19.381125678344443], [-99.25084844522536, 19.381105458557194], [-99.25079724904502, 19.38098991029613], [-99.25071214170943, 19.3808719153014], [-99.25044342614906, 19.380799286800173], [-99.2500781576064, 19.3807188615565], [-99.24983432386702, 19.38069179022553], [-99.24979961972008, 19.3806835275845]], [[-99.24900787968556, 19.379985335708156], [-99.24901340437593, 19.379712033751648], [-99.24901346350137, 19.37970994692739], [-99.24902360402447, 19.379431775374712], [-99.24898925308135, 19.379316340041], [-99.24891721922069, 19.379186197037374], [-99.24881969312199, 19.37907359944894], [-99.24886145469637, 19.379249087893317], [-99.24886248862666, 19.37925382436965], [-99.24900787968556, 19.379985335708156]]], [[[-99.26564404932807, 19.37074626981774], [-99.26564559203105, 19.370742552693724], [-99.26643366665459, 19.368922783588758], [-99.26643638362663, 19.368916909025025], [-99.26696307535214, 19.367847597450165], [-99.26696326937814, 19.367847205163336], [-99.26716298700494, 19.367445082017507], [-99.26721993934855, 19.367330410275674], [-99.26722157253644, 19.36732723017115], [-99.26745785740559, 19.366881987849236], [-99.26748395524757, 19.366847559797844], [-99.2675199854835, 19.366822470740352], [-99.26756242122586, 19.366809176563876], [-99.26760710857678, 19.366808978592054], [-99.26764967323734, 19.366821896203582], [-99.26768594869054, 19.36684666493535], [-99.26771238404567, 19.36688086025585], [-99.267726391623, 19.366921134893502], [-99.26772660025503, 19.36696354648915], [-99.26771298950902, 19.367003943500467], [-99.26747754362121, 19.367447606201683], [-99.2674213861151, 19.367560677922118], [-99.26722176629822, 19.367962605411726], [-99.26669660433343, 19.36902881464945], [-99.26591061761157, 19.37084376927294], [-99.26544836561051, 19.372007565066955], [-99.26542625491801, 19.37204442226382], [-99.26539322535295, 19.37207299112327], [-99.26535251008015, 19.37209047512149], [-99.26530809460091, 19.372095162799184], [-99.2652643266219, 19.372086595292632], [-99.26522549046744, 19.37206561125085], [-99.2651953876963, 19.372034264742165], [-99.26517696497663, 19.371995624186052], [-99.26517202564585, 19.371953471993095], [-99.26518105318999, 19.371911934314817], [-99.26564404932807, 19.37074626981774]]]]}}, {"type": "Feature", "properties": {"CVEGEO": "090100001", "CVE_ENT": "09", "CVE_MUN": "010", "CVE_LOC": "0001", "CVEVIAL": "04134", "CVESEG": "00001", "NOMVIAL": "R\u00edo Mixcoac (Rosa Trepadora)", "TIPOVIAL": "Calle", "SENTIDO": "Un sentido", "TIPOSEN": 1, "AMBITO": "Urbana", "MINUTES": 2.23455572604, "LENGTH": 0.11200238774793973, "VELOCIDAD": 3.0, "T_VIAL2024": null, "NOMENCLATU": null, "NOTA2024": null, "NombreMate": "Rosa Trepadora", "ID": 27, "TIPO_VIA": "Sin clasificacion", "NOMBRE": "R\u00edo Mixcoac (Rosa Trepadora)"}, "geometry": {"type": "MultiPolygon", "coordinates": [[[[-99.19179735302633, 19.37223061471885], [-99.1918279547922, 19.37219313479522], [-99.19193236368871, 19.37206520371569], [-99.19196481986816, 19.372017522444786], [-99.19199548318034, 19.37198529237381], [-99.19205242372189, 19.371941992216573], [-99.19208695921586, 19.371922586998494], [-99.19215173841062, 19.371897056549418], [-99.19219619141765, 19.3718870454785], [-99.19226304216973, 19.371882445937217], [-99.19229710080776, 19.371883974962888], [-99.19236039021162, 19.371894094399202], [-99.19238504053408, 19.37190022336406], [-99.192441180823, 19.37191940344379], [-99.19246308523685, 19.371928937405613], [-99.1925072852651, 19.37195264730822], [-99.19253486601662, 19.371971918598152], [-99.1925779155237, 19.372010348805354], [-99.19259609320228, 19.37203004803473], [-99.1926287633319, 19.372073248213255], [-99.19264494051865, 19.372101003737445], [-99.192668820392, 19.372156453558652], [-99.19267714021224, 19.372183525098748], [-99.19269063062256, 19.372254045520222], [-99.19269163668099, 19.372296447004516], [-99.19267878716798, 19.372337068258645], [-99.19265333987468, 19.372371932988635], [-99.19261778575576, 19.372397628387326], [-99.19257560509874, 19.37241163920536], [-99.19253092684826, 19.37241259396318], [-99.19248812443315, 19.372400399202128], [-99.19245138766071, 19.372376248632957], [-99.19242431258593, 19.372342506286156], [-99.1924095495031, 19.3723024751024], [-99.19239872753138, 19.372245903304755], [-99.19238686516783, 19.372218358419296], [-99.19237208799214, 19.3721988183128], [-99.19235169869992, 19.372180616814994], [-99.19233304209432, 19.372170608982092], [-99.19230031517318, 19.372159427973834], [-99.1922665725378, 19.372154032814816], [-99.19223992890906, 19.372155865980766], [-99.19221524012796, 19.37216559620092], [-99.19219220351265, 19.37218311429759], [-99.19216900969339, 19.3722171883318], [-99.19216195569263, 19.372226639544323], [-99.19205379789437, 19.372359164340786], [-99.19202321820363, 19.372396617280028], [-99.19194025102139, 19.372498311290343], [-99.19190770053035, 19.372527371551744], [-99.1918672808522, 19.37254546342623], [-99.19182294855318, 19.37255081595128], [-99.19177904319767, 19.37254290518317], [-99.1917398625574, 19.372522505484678], [-99.19170924191211, 19.372491613724456], [-99.19169017862336, 19.372453253808054], [-99.19168453873215, 19.37241118067514], [-99.19169287430032, 19.372369512738416], [-99.19171436937465, 19.372332328744147], [-99.19179735302633, 19.37223061471885]]]]}}, {"type": "Feature", "properties": {"CVEGEO": "090100001", "CVE_ENT": "09", "CVE_MUN": "010", "CVE_LOC": "0001", "CVEVIAL": "00925", "CVESEG": "00003", "NOMVIAL": "Avenida de los Artistas", "TIPOVIAL": "Avenida", "SENTIDO": "Dos sentidos", "TIPOSEN": 2, "AMBITO": "Urbana", "MINUTES": 2.53566260532, "LENGTH": 0.14349410942507862, "VELOCIDAD": 3.0, "T_VIAL2024": "V\u00edas primarias  - Avenidas primarias", "NOMENCLATU": "Av Centenario", "NOTA2024": null, "NombreMate": "Av Centenario", "ID": 6, "TIPO_VIA": "V\u00edas primarias  - Avenidas primarias", "NOMBRE": "Av Centenario"}, "geometry": {"type": "MultiPolygon", "coordinates": [[[[-99.25345533222917, 19.34658968584584], [-99.25345477504248, 19.3465901107597], [-99.25342996137636, 19.346608937017535], [-99.25341807120654, 19.34661799480372], [-99.2534096167521, 19.346623962313153], [-99.253402378355, 19.346628688157683], [-99.2533214941844, 19.34668149666258], [-99.25329485916276, 19.346695186081057], [-99.25319310924047, 19.346734889364647], [-99.25315355186719, 19.346744345921334], [-99.2527344644157, 19.34678563175783], [-99.25272237924189, 19.346786332519493], [-99.25241847277555, 19.346791701543005], [-99.25241292957271, 19.346791697339963], [-99.25213643097652, 19.346786393084965], [-99.25209244891691, 19.34677891322476], [-99.25205305462922, 19.346758898786547], [-99.25202210430665, 19.346728308926945], [-99.25200262758212, 19.34669013799939], [-99.25199653096679, 19.346648122444055], [-99.25200441122995, 19.34660637503766], [-99.25202549698675, 19.34656898230565], [-99.25205772421057, 19.346539604505224], [-99.2520979382765, 19.346521117335335], [-99.2521422027579, 19.346515330445133], [-99.25241592934358, 19.346520581530157], [-99.25271100543029, 19.346515368518325], [-99.25310356784286, 19.346476695783178], [-99.25317217125254, 19.346449926426246], [-99.2532405071956, 19.346405310564265], [-99.2532434029406, 19.346403419975626], [-99.25325129209612, 19.34639741011811], [-99.25325151264389, 19.34639724244787], [-99.25327615750707, 19.346378544277332], [-99.25335375061363, 19.34631906745341], [-99.25339247675271, 19.3462979109719], [-99.25343619513512, 19.346289148997467], [-99.25348062631039, 19.346293639211158], [-99.25352142105567, 19.346310942080468], [-99.25355458610406, 19.34633936388352], [-99.25357687503072, 19.346376122500978], [-99.25358610603512, 19.3464176197475], [-99.25358137551281, 19.34645979358551], [-99.25356314651013, 19.34649851574501], [-99.25353320340187, 19.34652999582772], [-99.25345533222917, 19.34658968584584]]]]}}, {"type": "Feature", "properties": {"CVEGEO": "090100001", "CVE_ENT": "09", "CVE_MUN": "010", "CVE_LOC": "0001", "CVEVIAL": "05899", "CVESEG": "00001", "NOMVIAL": "Vasco de Quiroga", "TIPOVIAL": "V\u00edas primarias", "SENTIDO": "Dos sentidos", "TIPOSEN": 2, "AMBITO": "Urbana", "MINUTES": 0.93864972902, "LENGTH": 5.426822560842331, "VELOCIDAD": 3.0, "T_VIAL2024": "V\u00edas primarias  - Avenidas primarias", "NOMENCLATU": "Av Vasco de Quiroga", "NOTA2024": null, "NombreMate": "Av. Vasco de Quiroga", "ID": 12, "TIPO_VIA": "V\u00edas primarias  - Avenidas primarias", "NOMBRE": "Av Vasco de Quiroga"}, "geometry": {"type": "MultiPolygon", "coordinates": [[[[-99.26648623608148, 19.36596151407951], [-99.26647636807785, 19.365963620624882], [-99.26647014405091, 19.36596573970039], [-99.26638197037389, 19.365995683411857], [-99.266380428106, 19.365996197734027], [-99.26619830286012, 19.366055824484242], [-99.26618702791654, 19.36605951471989], [-99.265518870155, 19.366278198009496], [-99.26524832626441, 19.36640431587739], [-99.26495807985043, 19.366608590366894], [-99.26452209830245, 19.367011249481145], [-99.26452195197656, 19.36701138442973], [-99.26446943254498, 19.36705975111822], [-99.26443112859265, 19.3670952959345], [-99.26430013592392, 19.367224526569974], [-99.26425094957018, 19.367275040413645], [-99.26424931979314, 19.367276686448992], [-99.2637548505689, 19.367767821836452], [-99.26373183426834, 19.367791562554284], [-99.26372999933409, 19.36779341992772], [-99.26368768129787, 19.367835457192914], [-99.26314454871942, 19.36840463057707], [-99.26309958529117, 19.36845280386953], [-99.26309640264249, 19.36845610244566], [-99.26307571540967, 19.36847684551765], [-99.26306764666523, 19.368484321501455], [-99.26266181170158, 19.368831727178502], [-99.26261199453918, 19.368874797847436], [-99.2626114409225, 19.368875273981796], [-99.26259614052944, 19.368888363980584], [-99.26238104561266, 19.36914313454278], [-99.26237941099423, 19.369145035168394], [-99.26214017805796, 19.369418116397995], [-99.2613274348605, 19.370467242378066], [-99.2612376299668, 19.370592278844384], [-99.26111062322558, 19.370780762440905], [-99.26097746340494, 19.370980435931653], [-99.26097415887781, 19.37098516874905], [-99.26085601942506, 19.37114690940222], [-99.26085103180354, 19.371153326139304], [-99.2600242512252, 19.37215399744374], [-99.2600199643015, 19.372158940940185], [-99.25939923552131, 19.37284123624509], [-99.25927619584922, 19.372976479818632], [-99.25927164166426, 19.372981251758617], [-99.25922266685792, 19.37303018093592], [-99.2576672054128, 19.374589068943788], [-99.25765659455769, 19.374598665078064], [-99.257484394904, 19.374739124828434], [-99.25746469410063, 19.374752609794097], [-99.25554764333317, 19.37584245627905], [-99.25541032246018, 19.375920520995447], [-99.25540392314295, 19.3759239497743], [-99.25530789611918, 19.375972353147457], [-99.25411961149533, 19.37657161872686], [-99.25327790012622, 19.37704153663442], [-99.25305645644809, 19.377165185430613], [-99.25299249139148, 19.377200826013155], [-99.25267384460108, 19.377378780105317], [-99.25265029714123, 19.377389318115757], [-99.25221637624745, 19.377539348568845], [-99.252206024096, 19.37754250974721], [-99.25141672899655, 19.37775242326609], [-99.25032998244043, 19.378151470322077], [-99.25030650966208, 19.378160067208505], [-99.25030370920821, 19.37816106103621], [-99.25024130017164, 19.378182504998403], [-99.2491902597139, 19.378543489667702], [-99.24918933542845, 19.37854380370957], [-99.24900561586117, 19.37860555035709], [-99.24894330422283, 19.378626492174675], [-99.24894023505382, 19.378627486601534], [-99.2486042575021, 19.378732318613576], [-99.24859748397195, 19.378734257064337], [-99.24814545713524, 19.37885211066016], [-99.2474748033852, 19.379041716337678], [-99.24747013136349, 19.379042955622534], [-99.2468579894084, 19.379194742863085], [-99.24674986829615, 19.379223303400067], [-99.24663385356327, 19.379269718118593], [-99.24620164289358, 19.379453633276416], [-99.24619101306334, 19.37945767897568], [-99.24606370998833, 19.37950059275186], [-99.24615205432272, 19.379513159140167], [-99.24619467150093, 19.379525929954244], [-99.24623104437029, 19.379550573489613], [-99.24625761250442, 19.37958467746987], [-99.24627177522629, 19.37962490356446], [-99.24627214618182, 19.379667314165967], [-99.24625868904889, 19.37970775782943], [-99.2462327210969, 19.379742275644574], [-99.24619678424642, 19.379767488762653], [-99.24615439624971, 19.379780929143315], [-99.24610970634741, 19.379781281145476], [-99.2458540859466, 19.37974492074143], [-99.2458080293821, 19.379730465143055], [-99.24576972655069, 19.379702215462935], [-99.24574359491655, 19.379663429739086], [-99.24572240980964, 19.379615644318132], [-99.245534153105, 19.379679104974443], [-99.24479174645025, 19.379942891866047], [-99.24478504701634, 19.379945093950248], [-99.24418706633774, 19.380126004213192], [-99.24332838954997, 19.38038549530234], [-99.24194762663504, 19.380914524789212], [-99.24184422180508, 19.380954937019457], [-99.24150615608178, 19.381124819584077], [-99.24126729945603, 19.381244832704937], [-99.24126690250257, 19.38124503139613], [-99.24087904219556, 19.38143843201725], [-99.24087515194554, 19.38144030048983], [-99.24027256725843, 19.381718838130375], [-99.24019728234236, 19.381756427504033], [-99.24018790490229, 19.3817607033473], [-99.23922155423418, 19.382160903264705], [-99.239219183276, 19.382161861088097], [-99.23918516495078, 19.38217526121311], [-99.23854459593642, 19.382454605977774], [-99.23853298755913, 19.382459093859516], [-99.23739261673947, 19.382845524240835], [-99.23737932723621, 19.38284934735343], [-99.23626794611202, 19.38311383724841], [-99.23626772765878, 19.383113889062198], [-99.23621122725343, 19.38312724519983], [-99.23556145307496, 19.383285383357297], [-99.23509248587875, 19.38340561678394], [-99.23508331819112, 19.383407662011276], [-99.23384025798057, 19.383644231961647], [-99.23382496542808, 19.383646333385332], [-99.23363121109226, 19.383662869069457], [-99.23324102180973, 19.383723119085555], [-99.23323908266559, 19.38372340554983], [-99.23285675223212, 19.383777335692308], [-99.2328550961218, 19.383777559897617], [-99.23220111555845, 19.383862390106486], [-99.23219644274992, 19.383862921969126], [-99.23176408963747, 19.38390528877158], [-99.23129788116313, 19.384004014872925], [-99.23129378308492, 19.38400482306731], [-99.2308169023752, 19.38409197327145], [-99.23064582643016, 19.38412323139231], [-99.2303614758488, 19.38421513973664], [-99.23036055084015, 19.384215435375822], [-99.23021831938945, 19.38426038061964], [-99.22992236757672, 19.38435703966822], [-99.22992192826891, 19.384357182390072], [-99.22942476766859, 19.384517842363127], [-99.22942160501272, 19.384518825522317], [-99.22909655080598, 19.384615909162417], [-99.22897091605289, 19.384653732504336], [-99.2289706913655, 19.384653799954634], [-99.22874108158825, 19.384722530099438], [-99.2284274762472, 19.384816371274802], [-99.22812168275556, 19.384907909875768], [-99.22812052456909, 19.384908251451915], [-99.2276241981429, 19.38505243915107], [-99.22722210238933, 19.38520832123214], [-99.22721829794169, 19.38520973620202], [-99.22689411899351, 19.385325258097286], [-99.22576908019755, 19.385737875568438], [-99.22456168910067, 19.386186515118947], [-99.22435416527152, 19.386265769438527], [-99.22320960607077, 19.386713252603094], [-99.22253392771438, 19.387001714006995], [-99.22252727116411, 19.387004365984556], [-99.22212455576688, 19.38715356449578], [-99.22207624044717, 19.387173583004444], [-99.22203298754275, 19.387184264436986], [-99.22198837328746, 19.387181739467405], [-99.2219467648458, 19.387166255257767], [-99.2219122351496, 19.387139327513626], [-99.22188816420824, 19.38710359211492], [-99.22187690824892, 19.387062547095876], [-99.22187956907433, 19.387020210231384], [-99.22189588621404, 19.386980725748266], [-99.22192426242503, 19.386947958659597], [-99.22196192004397, 19.38692511643161], [-99.22201281857144, 19.386904027627217], [-99.22201802758816, 19.386901984513838], [-99.22242000462342, 19.38675305959848], [-99.22309447118428, 19.386465115614122], [-99.22309866397009, 19.386463401525212], [-99.22424587372174, 19.386014882217992], [-99.22424695785767, 19.38601446327627], [-99.2244556476025, 19.385934763709336], [-99.2244568963485, 19.385934293269713], [-99.22566520528807, 19.38548531278607], [-99.22566579352305, 19.38548509562969], [-99.22679176350121, 19.38507213674218], [-99.2267930423845, 19.38507167436553], [-99.22711594862847, 19.384956606031892], [-99.22752215750947, 19.38479912942969], [-99.22753436553161, 19.384794999391747], [-99.22803631422425, 19.384649178406416], [-99.22834153654988, 19.38455781079931], [-99.22865514478892, 19.38446396877419], [-99.228884635382, 19.38439527431831], [-99.22901031356338, 19.384357437909024], [-99.22901062551448, 19.384357344366524], [-99.22933424793285, 19.384260688377303], [-99.22982961278359, 19.384100608741043], [-99.23012602175648, 19.384003800401775], [-99.23012737825185, 19.38400336456853], [-99.23026982586836, 19.38395835102581], [-99.23056306365106, 19.383863570153203], [-99.230582112083, 19.383858776038437], [-99.23076287934514, 19.383825747179152], [-99.2312377017031, 19.383738973153726], [-99.23171000821219, 19.383638955707973], [-99.23172644742745, 19.383636418523526], [-99.23216475649205, 19.38359346811026], [-99.23281557547737, 19.383509048009827], [-99.233196107331, 19.38345537157564], [-99.2335903780035, 19.3833944913437], [-99.2336005249428, 19.38339327653059], [-99.23379166912422, 19.383376963616197], [-99.23502252173763, 19.38314271694406], [-99.23548782385818, 19.383023423177452], [-99.23548959466713, 19.383022980713708], [-99.23614073350329, 19.382864510458695], [-99.2361416917937, 19.38286428058409], [-99.23619856243226, 19.38285083692906], [-99.23730308991995, 19.38258797814508], [-99.23843100446074, 19.382205768829493], [-99.23906829416552, 19.38192785420686], [-99.23907317754734, 19.381925828444395], [-99.23910846740581, 19.381911927455395], [-99.24006886516752, 19.381514192982298], [-99.24014150775346, 19.38147792292373], [-99.24014546765531, 19.381476019717866], [-99.2407480870521, 19.38119746614563], [-99.24113381821707, 19.381005127266317], [-99.24137246657025, 19.380885218842508], [-99.24171661377174, 19.380712280317795], [-99.24172906572394, 19.38070673420085], [-99.2418392954093, 19.380663654724536], [-99.2418402130149, 19.380663299637387], [-99.24322643235752, 19.380132179681162], [-99.24323656771007, 19.380128712162517], [-99.2441003151378, 19.379867688804786], [-99.24469489486196, 19.379687807492203], [-99.24543511298991, 19.379424798265635], [-99.24543738674262, 19.379424011143495], [-99.24575393405364, 19.37931730407345], [-99.2457539340891, 19.379317304067186], [-99.24575393412078, 19.379317304050826], [-99.24608998591027, 19.379204021510247], [-99.24651843624, 19.379021706507793], [-99.24652138984939, 19.37902048744349], [-99.24664729034777, 19.378970117678275], [-99.24666447623663, 19.378964435966235], [-99.24678247570688, 19.37893326603751], [-99.24678466939359, 19.378932704368548], [-99.24739556254228, 19.378781226813395], [-99.24806535690112, 19.378591864126815], [-99.24806829890196, 19.378591064824274], [-99.24851838852852, 19.378473716329133], [-99.24884946362216, 19.37837041400542], [-99.24891024476152, 19.37834998656523], [-99.24909350087243, 19.3782883956958], [-99.25014405112736, 19.37792757947269], [-99.25020504529877, 19.377906621668288], [-99.2502269504336, 19.377898598982732], [-99.25132003449062, 19.377497224911206], [-99.25133303524548, 19.37749311973774], [-99.25212369390977, 19.37728284364325], [-99.25254021981037, 19.377138827645737], [-99.25284766250014, 19.376967130758114], [-99.25284778620203, 19.37696706175376], [-99.25291164129692, 19.376931482526476], [-99.25313303196738, 19.376807863391072], [-99.25397742247623, 19.376336449978304], [-99.25398282106568, 19.37633358347783], [-99.25517384979467, 19.375732934286003], [-99.25526667055412, 19.375686147080064], [-99.25540083703925, 19.37560987562049], [-99.25730742900758, 19.374525975640225], [-99.2574648193295, 19.374397595676257], [-99.25901531248881, 19.372843688810725], [-99.25901546692768, 19.372843534273073], [-99.25906218221098, 19.37279686257387], [-99.25918300497756, 19.372664055984245], [-99.25980152944038, 19.371984184634762], [-99.26062363534987, 19.370989172851903], [-99.26073767608953, 19.37083304391179], [-99.26086941535237, 19.37063550098501], [-99.26086977527825, 19.37063496406863], [-99.26099809162454, 19.370444537374972], [-99.26100040053261, 19.37044121911221], [-99.26109282107706, 19.37031254110159], [-99.26109576619625, 19.37030859377807], [-99.2619125434745, 19.369254262330642], [-99.26191779100564, 19.369247895395887], [-99.26215892151063, 19.368972648548873], [-99.26238044373889, 19.368710265520594], [-99.26239627377386, 19.368694342501527], [-99.26241989130554, 19.368674136933894], [-99.26246969343325, 19.3686310793074], [-99.2624702168598, 19.368630629009186], [-99.26287212407811, 19.368286585947594], [-99.26288731253656, 19.368271356511446], [-99.26293123412022, 19.368224299504362], [-99.26293228214006, 19.368223189031788], [-99.2634772209163, 19.367652123624005], [-99.26347981576616, 19.36764947618925], [-99.26352252317886, 19.36760705218525], [-99.26354554222273, 19.367583308668976], [-99.26354738274378, 19.36758144574773], [-99.26404195942845, 19.36709020425042], [-99.26409131007128, 19.367039521749877], [-99.26409327484714, 19.367037544100505], [-99.26422677569829, 19.36690583918472], [-99.26422985385076, 19.366902893991952], [-99.26426991495235, 19.366865718641343], [-99.26427030433348, 19.366865358681554], [-99.26432294560021, 19.36681687984617], [-99.26476570743183, 19.366407959108937], [-99.26478024213198, 19.366396223443747], [-99.26508861086204, 19.366179194682612], [-99.26511071943668, 19.366166407292344], [-99.26540092026636, 19.36603112611929], [-99.26541732542009, 19.36602464727973], [-99.2660938975665, 19.365803210090032], [-99.26610515375815, 19.365799525993243], [-99.26628649980077, 19.36574015436328], [-99.26637374030187, 19.365710527611135], [-99.26638820136336, 19.36570560409827], [-99.26640508707827, 19.365700946487323], [-99.26642460505691, 19.36569677994071], [-99.26642672013766, 19.36569634438097], [-99.26657592077238, 19.36566674088748], [-99.26662055463913, 19.36566466302499], [-99.26666368051703, 19.365675777161147], [-99.26670107695367, 19.365698995369204], [-99.26672908332952, 19.365732044893576], [-99.26674495818334, 19.365771690621273], [-99.26674714756614, 19.365814051755557], [-99.26673543715555, 19.36585498169404], [-99.26671097323919, 19.365890473926836], [-99.26667615051133, 19.365917054222535], [-99.26663437766533, 19.365932120711854], [-99.26648623608148, 19.36596151407951]]]]}}, {"type": "Feature", "properties": {"CVEGEO": "090100001", "CVE_ENT": "09", "CVE_MUN": "010", "CVE_LOC": "0001", "CVEVIAL": "07010", "CVESEG": "00009", "NOMVIAL": "Avenida Lomas de Plateros", "TIPOVIAL": "Calle", "SENTIDO": "Un sentido", "TIPOSEN": 1, "AMBITO": "Urbana", "MINUTES": 0.24468137085, "LENGTH": 1.54784573882217, "VELOCIDAD": 3.0, "T_VIAL2024": "V\u00edas primarias  - Avenidas primarias", "NOMENCLATU": "Av Lomas de Plateros", "NOTA2024": null, "NombreMate": "Av. Lomas de Plateros", "ID": 10, "TIPO_VIA": "V\u00edas primarias  - Avenidas primarias", "NOMBRE": "Av Lomas de Plateros"}, "geometry": {"type": "MultiPolygon", "coordinates": [[[[-99.19564955561144, 19.36570529239445], [-99.19567772785757, 19.36571068489866], [-99.19571665946958, 19.365731506864886], [-99.1957469060898, 19.365762727664087], [-99.19576550696752, 19.365801291191723], [-99.19577064131249, 19.365843422584746], [-99.19574557616987, 19.366410412671158], [-99.19576270912889, 19.366728017264652], [-99.19576242564611, 19.36674594011619], [-99.19571845292735, 19.367258937332963], [-99.1957045418364, 19.367421228267897], [-99.19569767175702, 19.367501375600888], [-99.1956975193176, 19.367503028717067], [-99.1956025815306, 19.368464754294504], [-99.19556767151346, 19.368818736175886], [-99.19551094853465, 19.369407556809648], [-99.19545156110208, 19.370076294723226], [-99.1954494040896, 19.370090957496807], [-99.19538039086373, 19.370425472746245], [-99.19538011320331, 19.370426784246263], [-99.19537656351795, 19.37044313272251], [-99.19537520823748, 19.370448764700882], [-99.19530365468904, 19.370719406692128], [-99.19530150393255, 19.37072667733187], [-99.19521793832475, 19.370981653389325], [-99.19519955964974, 19.37101776112866], [-99.19493948273593, 19.371379742659293], [-99.19493112593469, 19.371390240494087], [-99.19467904307649, 19.371676851286562], [-99.19466564969564, 19.371690133699126], [-99.19433976830847, 19.37197225681749], [-99.19430244704348, 19.37199558612058], [-99.19425935617448, 19.37200682836965], [-99.19421471374486, 19.3720048830925], [-99.19417947944024, 19.37199229501672], [-99.19403437833465, 19.3720979505232], [-99.19399510336964, 19.37211818600754], [-99.19395116179302, 19.37212591290584], [-99.19390685492209, 19.372120374853647], [-99.19386651983216, 19.372102113955254], [-99.19383410480941, 19.37207291771833], [-99.19381278286278, 19.372035644078792], [-99.1938046411274, 19.371993941644263], [-99.19381047656341, 19.37195189254143], [-99.19382971794761, 19.37191361282827], [-99.1938604817927, 19.371882849586125], [-99.19409893125574, 19.371709222386595], [-99.19437491572813, 19.371479376244682], [-99.19453760518597, 19.37126493578936], [-99.1946987531449, 19.371031983583798], [-99.19478337838436, 19.3708542674748], [-99.1948299899881, 19.370662967265318], [-99.19485507329867, 19.370530405065733], [-99.19485615974709, 19.37052524182039], [-99.19487520703142, 19.37044306541577], [-99.19500353150688, 19.369362581160903], [-99.19500368060693, 19.36936137435825], [-99.19502138090421, 19.369223456375884], [-99.19506541856495, 19.368771503136127], [-99.19506566599362, 19.36876918184423], [-99.19511200524487, 19.36836887475751], [-99.1951599588224, 19.367780227535935], [-99.19516067875382, 19.367773547556403], [-99.19521335195432, 19.367381104201804], [-99.19522946296378, 19.367207948294272], [-99.19522951032113, 19.36720744981623], [-99.19530244539922, 19.36645526823803], [-99.19530292986693, 19.366451010164997], [-99.19531125039249, 19.366387322444176], [-99.19533016146588, 19.36614960819157], [-99.19535421402549, 19.365812472547653], [-99.19535432095157, 19.365811080208342], [-99.19544062209852, 19.364761849955404], [-99.19545102662207, 19.364720603276698], [-99.19547435158573, 19.364684426829257], [-99.19550831377475, 19.364656861811557], [-99.19554958873495, 19.364640606474797], [-99.1955941361929, 19.36463725200111], [-99.19563759554326, 19.36464712674892], [-99.19567571269127, 19.364669264111182], [-99.19570475646974, 19.364701497132938], [-99.19572188386977, 19.364740670626194], [-99.19572541833482, 19.364782950019983], [-99.19564955561144, 19.36570529239445]]]]}}, {"type": "Feature", "properties": {"CVEGEO": "090100001", "CVE_ENT": "09", "CVE_MUN": "010", "CVE_LOC": "0001", "CVEVIAL": "01934", "CVESEG": "00001", "NOMVIAL": "Constituyentes", "TIPOVIAL": "Avenida", "SENTIDO": "Dos sentidos", "TIPOSEN": 2, "AMBITO": "Urbana", "MINUTES": 7.19275341608, "LENGTH": 3.3208699820723706, "VELOCIDAD": 3.0, "T_VIAL2024": null, "NOMENCLATU": null, "NOTA2024": null, "NombreMate": "Constituyentes", "ID": 7, "TIPO_VIA": "Sin clasificacion", "NOMBRE": "Constituyentes"}, "geometry": {"type": "MultiPolygon", "coordinates": [[[[-99.21212649054488, 19.399970178499892], [-99.21259092455045, 19.399654659275285], [-99.21259909508059, 19.399649501827316], [-99.21295040474763, 19.399443901589887], [-99.21295621655426, 19.399440677131757], [-99.21379699600537, 19.39899908857628], [-99.21380466987449, 19.398995340869007], [-99.21441870820722, 19.39871739078822], [-99.21442996625804, 19.398712845488728], [-99.21480585698072, 19.398578815069477], [-99.21481012653389, 19.39857736563021], [-99.21583023626958, 19.398248285471897], [-99.21583339926312, 19.398247303947862], [-99.21624567211327, 19.398124393857387], [-99.21685618627312, 19.397906648580253], [-99.21685719382938, 19.397906293323253], [-99.21702819384801, 19.397846693594214], [-99.21702906770282, 19.3978463920824], [-99.21802359646638, 19.397506713027997], [-99.2180254747339, 19.397506085499437], [-99.21826907541245, 19.397426504698075], [-99.21826982684676, 19.39742626142892], [-99.21946680054538, 19.397042268877627], [-99.22201317472881, 19.396199582712967], [-99.22201385353839, 19.39619935987942], [-99.2223980623719, 19.396074260062427], [-99.22240028106461, 19.396073556857544], [-99.22353462025104, 19.395723797895087], [-99.22355410673977, 19.395719197512765], [-99.22419495592148, 19.395612616745908], [-99.2241977348316, 19.395612181323134], [-99.22496865429227, 19.395498781761304], [-99.22499626411664, 19.39549729064755], [-99.22516444469599, 19.395503691630232], [-99.22516600781938, 19.395503759260404], [-99.22571762707568, 19.395530498155857], [-99.22572171384955, 19.395530752028908], [-99.22581318420548, 19.39553768500166], [-99.22604745476427, 19.395555441576075], [-99.22605583202385, 19.39555631315237], [-99.22666538298263, 19.395637059515067], [-99.22698442286803, 19.39566739000857], [-99.22733010524321, 19.395660559233246], [-99.22767603743154, 19.395597664662603], [-99.22767651003328, 19.395597579520025], [-99.22815411836989, 19.395512324588466], [-99.2292156475174, 19.395284664189088], [-99.2297379821222, 19.39517137588838], [-99.22994076651807, 19.395126096234794], [-99.23044126572294, 19.39495646730891], [-99.23080284123711, 19.39482351056096], [-99.23081923899575, 19.39481853643559], [-99.23103165800688, 19.39476725736369], [-99.2310479381697, 19.394764269508592], [-99.23125662878832, 19.39473777907004], [-99.23127364528577, 19.394736594519348], [-99.23151756510326, 19.394733475168174], [-99.23153300501659, 19.394734070825304], [-99.23195022211742, 19.39477169244103], [-99.2322526328127, 19.394797283507938], [-99.23254560091335, 19.394770195951033], [-99.23278991528895, 19.39468813820629], [-99.2354255321455, 19.3936185025131], [-99.23543114242895, 19.393616357736885], [-99.23575714329434, 19.393499278314472], [-99.23576803149352, 19.39349583567074], [-99.23599984089894, 19.39343223661925], [-99.23602449558771, 19.393427654486974], [-99.23624352489252, 19.393405674069385], [-99.23626193732996, 19.393404960426377], [-99.23648801795535, 19.39341004993416], [-99.23649902960283, 19.39341070222458], [-99.23710511735433, 19.39346896994706], [-99.23737069415597, 19.393463384968708], [-99.2375698772072, 19.39343520004373], [-99.23778560043563, 19.393366427619807], [-99.2379500923492, 19.393282443741946], [-99.23870370536486, 19.392729067909272], [-99.23879522971838, 19.39260851424564], [-99.23886745952737, 19.39243841669068], [-99.23889019247618, 19.392279093817518], [-99.23887309125554, 19.39170496987469], [-99.23885403361044, 19.391065059234233], [-99.23885977553648, 19.39102299865797], [-99.23887893334621, 19.390984680409737], [-99.23890963173308, 19.390953855342964], [-99.23894886572437, 19.39093354082514], [-99.23899279482917, 19.39092572537868], [-99.23903711897029, 19.39093117403207], [-99.239077499402, 19.3909493534343], [-99.23910998341302, 19.390978484062472], [-99.23913139124267, 19.391015714412575], [-99.2391396273379, 19.391057400122655], [-99.23915868607064, 19.391697309821602], [-99.23917611765259, 19.392282490387473], [-99.23917488302516, 19.392304508693616], [-99.23914819284239, 19.39249156793048], [-99.23913913201287, 19.392524044196474], [-99.23905376321237, 19.39272508418199], [-99.23903716941814, 19.392753657575096], [-99.23892341847798, 19.392903487837998], [-99.23889493602614, 19.392931458136406], [-99.23811560575038, 19.393503718563668], [-99.23809586741976, 19.393515885721538], [-99.23791028839172, 19.3936106359912], [-99.23788809581156, 19.393619760536875], [-99.23764891419665, 19.39369601149448], [-99.23762448888296, 19.39370158702672], [-99.23740392944758, 19.393732796772607], [-99.23738602503103, 19.393734245999475], [-99.23710264398929, 19.393740205399116], [-99.23708507973234, 19.393739548301976], [-99.23647572275432, 19.39368096632031], [-99.23626439140763, 19.393676208853016], [-99.2360670841692, 19.39369600938434], [-99.23585290569501, 19.3937547712325], [-99.23553510465874, 19.39386890580678], [-99.23289806479883, 19.39493911925938], [-99.23288955661886, 19.394942270800072], [-99.23262448716537, 19.39503129955094], [-99.23259067441005, 19.39503842935262], [-99.23226707398032, 19.395068349154933], [-99.23224053055786, 19.395068452248864], [-99.23192443017382, 19.39504170272914], [-99.23192360556773, 19.395041630660852], [-99.23151367856039, 19.395004666429873], [-99.23128604091185, 19.39500757756201], [-99.23109405249924, 19.395031947885617], [-99.23089803884112, 19.395079266625793], [-99.23054272863821, 19.3952099195454], [-99.23053916114324, 19.39521117974922], [-99.23002933117819, 19.395383971080072], [-99.2300140026505, 19.395388265332763], [-99.22980298196396, 19.395435384075924], [-99.22980209141045, 19.395435580075297], [-99.22927914161052, 19.39554900182049], [-99.22927880393293, 19.395549074649775], [-99.22821457276532, 19.395777314559794], [-99.22820949062161, 19.39577831277277], [-99.2277295672881, 19.395863980954807], [-99.2273720230597, 19.395928986727288], [-99.22734811471213, 19.395931379105114], [-99.22698174294469, 19.39593861871772], [-99.22696452766498, 19.395937972856117], [-99.226634138736, 19.395906563442775], [-99.22662862868273, 19.39590593681562], [-99.22602050321304, 19.39582537930759], [-99.22579043465453, 19.39580794122595], [-99.22570100581747, 19.395801162991745], [-99.22515221232587, 19.395774561078795], [-99.22499869456905, 19.395768718174015], [-99.22424289412766, 19.395879893767837], [-99.2236133451796, 19.395984595201153], [-99.22248968925932, 19.396331060150963], [-99.22210692591352, 19.39645568933695], [-99.21956024393141, 19.39729847753527], [-99.21955895493979, 19.397298897564436], [-99.21836171011368, 19.39768297717682], [-99.21811942590216, 19.397762127924604], [-99.21712627007639, 19.39810133812944], [-99.2169562107235, 19.398160610015967], [-99.21634251311848, 19.398379490740275], [-99.21633507097809, 19.398381925176487], [-99.21592062864227, 19.398505482081408], [-99.21490423987996, 19.39883336194937], [-99.21453620300285, 19.39896459197844], [-99.21393158696698, 19.399238277062608], [-99.21309752989593, 19.39967633512966], [-99.21275326445031, 19.399877812923105], [-99.21229071609703, 19.400192051308103], [-99.21228645097665, 19.400194839302934], [-99.21100485009359, 19.40100046993976], [-99.21096418487497, 19.40101807379716], [-99.21091977694219, 19.40102289229097], [-99.21087597326324, 19.40101445375226], [-99.21083706165703, 19.400993584205793], [-99.21080685106811, 19.40096232651228], [-99.21078829871863, 19.40092374039736], [-99.21078322063508, 19.40088160294255], [-99.21079211388556, 19.400840038856686], [-99.21081410792718, 19.4008031167203], [-99.21084704982441, 19.400774450725258], [-99.21212649054488, 19.399970178499892]]]]}}, {"type": "Feature", "properties": {"CVEGEO": "090100001", "CVE_ENT": "09", "CVE_MUN": "010", "CVE_LOC": "0001", "CVEVIAL": "01035", "CVESEG": "00001", "NOMVIAL": "Paseo de la Reforma", "TIPOVIAL": "Calle", "SENTIDO": "Dos sentidos", "TIPOSEN": 2, "AMBITO": "Urbana", "MINUTES": 4.43737872116, "LENGTH": 0.8998360909561397, "VELOCIDAD": 3.0, "T_VIAL2024": null, "NOMENCLATU": null, "NOTA2024": null, "NombreMate": "Prolongaci\u00f3n Paseo de la Reforma", "ID": 21, "TIPO_VIA": "Sin clasificacion", "NOMBRE": "Paseo de la Reforma"}, "geometry": {"type": "MultiPolygon", "coordinates": [[[[-99.24297773169805, 19.387084275235875], [-99.24273838199785, 19.387159317995266], [-99.24219448894046, 19.387464170927643], [-99.24148275055167, 19.388081788808147], [-99.2414665319784, 19.388093940603447], [-99.24121873191791, 19.38825342060087], [-99.24120848724857, 19.388259431646926], [-99.24053946689169, 19.388615887363933], [-99.2402920900168, 19.388763828352783], [-99.24002745168875, 19.38896301837874], [-99.23978777710559, 19.389217883597883], [-99.23964283297164, 19.389442508372674], [-99.23955321753154, 19.38963769004196], [-99.23926847726881, 19.39044842319657], [-99.23916301648667, 19.39075421677596], [-99.23913932560302, 19.391070830888722], [-99.23912922481823, 19.39111214564472], [-99.23910616434145, 19.391148476399614], [-99.23907240148783, 19.391176266841768], [-99.2390312412021, 19.39119279664427], [-99.23898671254693, 19.391196447751323], [-99.23894317430754, 19.391186862766205], [-99.23890488831955, 19.39116497993606], [-99.23887560228715, 19.39113294130901], [-99.2388581829299, 19.391093883053877], [-99.23885433536871, 19.391051628468375], [-99.23887927451364, 19.390718339836063], [-99.23888600143424, 19.390685777910846], [-99.23899706239352, 19.390363747668093], [-99.2389973054153, 19.390363049417754], [-99.23928418504845, 19.38954622872194], [-99.23928874707536, 19.389534943647664], [-99.23938486797232, 19.3893255938752], [-99.2393940024815, 19.389308950702713], [-99.23955082289136, 19.389065921423445], [-99.23956606639014, 19.389046453073252], [-99.23982246668612, 19.388773802441044], [-99.23984027756713, 19.388757854174692], [-99.24012060671936, 19.388546854037475], [-99.24013321587209, 19.388538375705203], [-99.24039020571645, 19.38838468587831], [-99.24039643300722, 19.388381167915192], [-99.24106335742077, 19.388025829113225], [-99.24129759501386, 19.387875077795012], [-99.24201265021318, 19.38725458225996], [-99.24203640185787, 19.387237901281967], [-99.24260632137418, 19.38691846063888], [-99.24263415629206, 19.38690646435954], [-99.24290044583779, 19.386822975231524], [-99.24292566408951, 19.386817413406025], [-99.24317852369653, 19.386784182907554], [-99.24322320858967, 19.3867850084622], [-99.24326543762125, 19.38679889715858], [-99.24330107712768, 19.38682448947721], [-99.24332663846866, 19.38685928026826], [-99.2433396195186, 19.386899863971284], [-99.24333874959328, 19.38694226797344], [-99.2433241138367, 19.38698234147548], [-99.24329714489046, 19.38701616180091], [-99.24326048266, 19.387040418376017], [-99.24321771590333, 19.387052736793635], [-99.24297773169805, 19.387084275235875]]], [[[-99.24399389048014, 19.385583654684524], [-99.2440546413393, 19.38564201008617], [-99.24407851395554, 19.385672520279154], [-99.24409252461805, 19.385708119617522], [-99.24409557229365, 19.385746010530596], [-99.2440753921595, 19.386042740024447], [-99.24415106455253, 19.386336388152316], [-99.24427457971778, 19.386600923024936], [-99.24436062511181, 19.38677419937302], [-99.24450662983753, 19.386926985389884], [-99.24485161571585, 19.387246873523665], [-99.2448783024239, 19.3872808948869], [-99.24489260428862, 19.38732107680634], [-99.24489312133569, 19.387363485998787], [-99.24487980294256, 19.38740397115721], [-99.24485395279774, 19.387438569309584], [-99.24481810128997, 19.38746389374315], [-99.24477575781746, 19.387477465521265], [-99.24473106726255, 19.387477956140675], [-99.24468840425847, 19.387465317575924], [-99.24465194496592, 19.38744078698045], [-99.24430387330632, 19.3871180371983], [-99.2442978893845, 19.387112143146165], [-99.24413466945946, 19.386941342117062], [-99.2441112673114, 19.38690806466342], [-99.24401542813484, 19.38671506522436], [-99.24401404553814, 19.386712194779637], [-99.24388471505583, 19.38643520417233], [-99.24387655791432, 19.38641249095589], [-99.24379266795431, 19.386086952256893], [-99.24378887575628, 19.38604602061766], [-99.24380633768182, 19.385789266464247], [-99.24379015273485, 19.385773719679307], [-99.24378916911502, 19.385772765491804], [-99.24374122473047, 19.385725795293645], [-99.24371553397401, 19.38569109056552], [-99.24370240175337, 19.38565055070661], [-99.2437031135333, 19.38560814404358], [-99.24371759962945, 19.38556802163603], [-99.24374444203352, 19.385534110941883], [-99.24378101322097, 19.38550973137154], [-99.24382373335257, 19.385497269362624], [-99.24386842069272, 19.38549794478057], [-99.24391070094357, 19.385511691510835], [-99.24394643542787, 19.385537163930525], [-99.24399389048014, 19.385583654684524]]]]}}, {"type": "Feature", "properties": {"CVEGEO": "090030001", "CVE_ENT": "09", "CVE_MUN": "003", "CVE_LOC": "0001", "CVEVIAL": "00016", "CVESEG": "00014", "NOMVIAL": "Universidad", "TIPOVIAL": "Avenida", "SENTIDO": "Un sentido", "TIPOSEN": 1, "AMBITO": "Urbana", "MINUTES": 0.7535829866, "LENGTH": 1.9497896788628222, "VELOCIDAD": 3.0, "T_VIAL2024": null, "NOMENCLATU": null, "NOTA2024": null, "NombreMate": "Av. Universidad", "ID": 11, "TIPO_VIA": "Sin clasificacion", "NOMBRE": "Universidad"}, "geometry": {"type": "MultiPolygon", "coordinates": [[[[-99.18083058295547, 19.346712522160935], [-99.1808402440021, 19.346719384047546], [-99.18085958780718, 19.346735938799316], [-99.18088210674142, 19.3467590784979], [-99.18089876924289, 19.346779921551043], [-99.18093554934501, 19.346836550328405], [-99.18095311739515, 19.346877123795533], [-99.180974957376, 19.34696669494778], [-99.1809760582976, 19.34702289608093], [-99.18096289895759, 19.347087755458773], [-99.18095758675157, 19.347106551478394], [-99.18095663901131, 19.347109144497853], [-99.18093833044945, 19.347159457546717], [-99.18092755980832, 19.347182088780166], [-99.18091064024547, 19.347210398501087], [-99.18090150719797, 19.34722377963484], [-99.18087816704514, 19.3472539294341], [-99.18086098068316, 19.347272357126403], [-99.1808483805873, 19.347283617666687], [-99.1808382002747, 19.347291895506828], [-99.18081898022857, 19.347306095124164], [-99.180808028921, 19.347313429401346], [-99.18079784841741, 19.34731958935978], [-99.18079277716475, 19.34732251895201], [-99.18077727796229, 19.347331058741872], [-99.18076747397835, 19.34733598763136], [-99.18075380369949, 19.347342227440446], [-99.18074387714566, 19.347346326319798], [-99.18072510677665, 19.347353286441532], [-99.18071281048321, 19.347357244486044], [-99.18069153074117, 19.347363084956072], [-99.18068020303146, 19.34736572336766], [-99.18067274202409, 19.347367157348927], [-99.18026733359422, 19.34929459052709], [-99.18026019733973, 19.349317642577738], [-99.18022323595221, 19.34940689277072], [-99.18019278467207, 19.349480491984753], [-99.18018367471643, 19.349498487998837], [-99.18005534477814, 19.349710428036175], [-99.18004526474203, 19.349724856801874], [-99.17989769513987, 19.349909327115856], [-99.17988894484047, 19.349919244801242], [-99.1797118144232, 19.35010157478885], [-99.17970656884027, 19.350106696721905], [-99.17934743858852, 19.350439356936693], [-99.17934227599702, 19.350443908482035], [-99.17854627609566, 19.351111739226777], [-99.17854485999695, 19.351112911641966], [-99.17842061936662, 19.351214414462344], [-99.17776918220727, 19.35183420510795], [-99.17771813023698, 19.35189626329114], [-99.17761346578179, 19.35207747602312], [-99.17761211725038, 19.352079758289], [-99.17740819716307, 19.35241719807292], [-99.17740748591552, 19.352418361603142], [-99.17734915615202, 19.352512701767864], [-99.17732556989769, 19.352541255390292], [-99.17723891021848, 19.352621275332677], [-99.17723032008955, 19.352628589888813], [-99.17713387520254, 19.35270426678648], [-99.17612462801183, 19.353512888163287], [-99.17588387540239, 19.353716963756206], [-99.17553697230397, 19.354072231710276], [-99.17533826167447, 19.35432072608688], [-99.17505997877387, 19.35471224338614], [-99.17504956150078, 19.354725155186824], [-99.17431103101853, 19.355534865833494], [-99.17430939700124, 19.355536626306325], [-99.17366952496202, 19.356214102701298], [-99.17310870462742, 19.356832177967327], [-99.17290102573934, 19.357145443928697], [-99.17285882035041, 19.35723511298369], [-99.17254639644736, 19.357955669632613], [-99.17192489080288, 19.35941611748402], [-99.17184139265076, 19.359612323928175], [-99.17183856347887, 19.359618979491234], [-99.1718332660101, 19.35962999603068], [-99.17178031566654, 19.35972823950628], [-99.17176851947525, 19.359750122951205], [-99.17141483153286, 19.36040623483998], [-99.17138850504713, 19.360440505341952], [-99.17135230907947, 19.360465377183417], [-99.17130978674649, 19.360478415730633], [-99.17126510043883, 19.360478344676864], [-99.17122262437395, 19.360465170977285], [-99.17118651641347, 19.360440184168173], [-99.17116031105935, 19.360405830137086], [-99.17114657347112, 19.360365471700558], [-99.17114664837125, 19.36032305942642], [-99.17116052841764, 19.360282744923662], [-99.17151421584045, 19.359626635886567], [-99.17152600607801, 19.35960476355004], [-99.17157604647618, 19.35951191942521], [-99.17157649685096, 19.35951085993265], [-99.1716600266677, 19.35931457979977], [-99.17228170919256, 19.357853721848322], [-99.17228206178989, 19.357852901029545], [-99.17259547245314, 19.35713007125286], [-99.17259714662084, 19.357126367469935], [-99.17264434660879, 19.35702608728499], [-99.1726538653635, 19.35700918531029], [-99.17287262508955, 19.35667920557851], [-99.17288528761512, 19.356662938308684], [-99.17345400738911, 19.35603615808362], [-99.17345588237845, 19.356034132752], [-99.1740958776735, 19.355356526797415], [-99.17482798208104, 19.354553862768256], [-99.17510369191018, 19.35416596629203], [-99.17510832534515, 19.354159823871676], [-99.1753136858988, 19.35390301398004], [-99.17532269922212, 19.353892822666918], [-99.17567895855723, 19.35352797334682], [-99.1756885759256, 19.353519011947995], [-99.17593584613826, 19.353309411876126], [-99.17593885456391, 19.35330693248209], [-99.17695018439777, 19.352496643200016], [-99.17695131034668, 19.35249575042906], [-99.17704386972277, 19.352423122420756], [-99.1771125657428, 19.352359689864755], [-99.17716077505735, 19.352281718279613], [-99.17736365703729, 19.351945997159635], [-99.17747321398784, 19.35175631420291], [-99.17748588067778, 19.351738051615047], [-99.1775493807381, 19.35166086180792], [-99.17756084097913, 19.35164854866069], [-99.17822223142045, 19.351019289008235], [-99.1782301701288, 19.35101228838908], [-99.17835780796462, 19.350908010201138], [-99.17915046322102, 19.350242986211235], [-99.17950437742408, 19.34991515796047], [-99.17967433148927, 19.349740215216446], [-99.17981224924006, 19.34956781056128], [-99.17993077072084, 19.34937206992146], [-99.17995737545083, 19.349307767874002], [-99.17998971343975, 19.349229682035432], [-99.18039684060962, 19.34729409279427], [-99.1803822243213, 19.347280973893202], [-99.1803455549143, 19.34722891376951], [-99.1803309501917, 19.347202150569633], [-99.18030581979325, 19.347140010714902], [-99.18029981975087, 19.34712119801624], [-99.18028530000487, 19.347059968389527], [-99.18028236086612, 19.347042051192147], [-99.18027653061341, 19.3469789903334], [-99.18027666088167, 19.34695395552897], [-99.18028334131908, 19.34688906589532], [-99.1802930457498, 19.34685151035766], [-99.18031352621617, 19.346818083445115], [-99.18037299638158, 19.346746813392535], [-99.18041192054785, 19.34671448416688], [-99.18047217043431, 19.346680454745186], [-99.18049722041698, 19.346669269843982], [-99.18052846973819, 19.34665868991518], [-99.1805535819681, 19.34665255991051], [-99.18055505688635, 19.346652332816056], [-99.1805650610049, 19.34662601044952], [-99.1805924700536, 19.346592514882495], [-99.18062944233526, 19.34656869823076], [-99.18067235874909, 19.346556891829596], [-99.18071701834619, 19.346558251369185], [-99.18075904954438, 19.34657264376853], [-99.18079433804516, 19.346598660202314], [-99.18081942956684, 19.346633754005396], [-99.18083186797271, 19.346674489956325], [-99.18083058295547, 19.346712522160935]], [[-99.18059949205526, 19.347101631855413], [-99.18061242393937, 19.347102063889928], [-99.18061341247618, 19.34710193902394], [-99.18061779645917, 19.34710109643691], [-99.18062722611165, 19.34709850836072], [-99.18063489803396, 19.347095663584444], [-99.18063868400598, 19.347093935475257], [-99.18064681442341, 19.347089455759335], [-99.18064883424039, 19.347088233621246], [-99.1806561958002, 19.34708279496371], [-99.18066635193746, 19.347069675728502], [-99.18067263835319, 19.347059157358704], [-99.18068435129926, 19.347026969610354], [-99.18068985634496, 19.346999836730742], [-99.1806801209439, 19.346959909169694], [-99.1806628958319, 19.34693338832756], [-99.18065864608037, 19.34692902142042], [-99.18065009933926, 19.346922950978872], [-99.18063801496525, 19.346917429549624], [-99.18063712407378, 19.34691716851059], [-99.1806361508408, 19.34691699847711], [-99.1806227412859, 19.346916574336415], [-99.18061216768623, 19.346918202364044], [-99.18060627884468, 19.346920196120575], [-99.1805805778666, 19.346934712163513], [-99.18056353119414, 19.346955141219556], [-99.18056222677117, 19.34696781178809], [-99.18056606236992, 19.347009297402455], [-99.18057620028284, 19.347052048576998], [-99.18059188504681, 19.347090832088483], [-99.18059949205526, 19.347101631855413]]]]}}, {"type": "Feature", "properties": {"CVEGEO": "090100001", "CVE_ENT": "09", "CVE_MUN": "010", "CVE_LOC": "0001", "CVEVIAL": "04747", "CVESEG": "00002", "NOMVIAL": "Alfonso Caso Andrade (Luz y Fuerza)", "TIPOVIAL": "Calle", "SENTIDO": "Un sentido", "TIPOSEN": 1, "AMBITO": "Urbana", "MINUTES": 3.24697656156, "LENGTH": 0.6422090913738376, "VELOCIDAD": 3.0, "T_VIAL2024": null, "NOMENCLATU": null, "NOTA2024": null, "NombreMate": "Alfonso Caso Andrade", "ID": 2, "TIPO_VIA": "Sin clasificacion", "NOMBRE": "Alfonso Caso Andrade (Luz y Fuerza)"}, "geometry": {"type": "MultiPolygon", "coordinates": [[[[-99.20575691833601, 19.362518742434766], [-99.20563166118679, 19.36284468173203], [-99.20551027118019, 19.363551605181662], [-99.20550918516045, 19.363557190081302], [-99.20512424364381, 19.36532805267193], [-99.20512411586344, 19.365328634060127], [-99.204879118494, 19.366431252048883], [-99.20486317064349, 19.36647087158126], [-99.20483510329544, 19.366503874797015], [-99.20479766387518, 19.36652703110676], [-99.20475451721809, 19.366538073805078], [-99.20470988682851, 19.366535921953222], [-99.20466814145024, 19.366520786189838], [-99.20463336741958, 19.366494148112047], [-99.20460896866318, 19.366458615245207], [-99.20459733349726, 19.366417665798352], [-99.20459960084399, 19.36637530819117], [-99.20484453545528, 19.365272981116703], [-99.20494688465533, 19.364802147255002], [-99.2049236283047, 19.364830799251965], [-99.20477588673137, 19.365033151352954], [-99.20466472252072, 19.365327640287276], [-99.20464325516942, 19.365364838221677], [-99.20461072701332, 19.365393919553785], [-99.20457032213554, 19.365412037595377], [-99.2045259956535, 19.365417418822503], [-99.20448208656215, 19.365409536481856], [-99.20444289299894, 19.36538916215354], [-99.20441225150859, 19.365358290222776], [-99.20439316149314, 19.365319942654075], [-99.20438749160982, 19.365277873178435], [-99.20439579685629, 19.365236199850564], [-99.20451330755806, 19.364924899529047], [-99.2045303705309, 19.364893409783875], [-99.20469088074337, 19.364673569753016], [-99.204695130526, 19.36466805164079], [-99.20484178661427, 19.364487370347536], [-99.20490428873491, 19.36427394537391], [-99.20496861731922, 19.363922488528498], [-99.2049830589511, 19.363882352106373], [-99.2050098618706, 19.36384841561504], [-99.20504640241819, 19.363824000990103], [-99.2050891037539, 19.363811498100574], [-99.20513378598201, 19.36381213081361], [-99.20516022815998, 19.363820700982338], [-99.2052288119967, 19.36350519155806], [-99.20535188999035, 19.362788445110816], [-99.20535867686195, 19.36276380016282], [-99.20549259711363, 19.362415319565656], [-99.20550244996271, 19.3623950463574], [-99.20565701011462, 19.362135616736882], [-99.20568481955509, 19.362102417991327], [-99.20572207703948, 19.362079000290258], [-99.20576513554958, 19.36206765591692], [-99.20580978022728, 19.362069495335053], [-99.20585164095077, 19.36208433848991], [-99.20588662010866, 19.36211073243318], [-99.2059112936997, 19.362146093546468], [-99.20592324649695, 19.362186960442127], [-99.2059213084685, 19.36222933278624], [-99.20590566931175, 19.36226906287821], [-99.20575691833601, 19.362518742434766]]]]}}, {"type": "Feature", "properties": {"CVEGEO": "090100001", "CVE_ENT": "09", "CVE_MUN": "010", "CVE_LOC": "0001", "CVEVIAL": "01340", "CVESEG": "00002", "NOMVIAL": "Prolongaci\u00f3n 5 de Mayo", "TIPOVIAL": "Calle", "SENTIDO": "Dos sentidos", "TIPOSEN": 2, "AMBITO": "Urbana", "MINUTES": 2.88689970014, "LENGTH": 1.4644808065202362, "VELOCIDAD": 3.0, "T_VIAL2024": "V\u00edas primarias  - Avenidas primarias", "NOMENCLATU": "5 de Mayo", "NOTA2024": null, "NombreMate": "5 Mayo", "ID": 1, "TIPO_VIA": "V\u00edas primarias  - Avenidas primarias", "NOMBRE": "5 de Mayo"}, "geometry": {"type": "MultiPolygon", "coordinates": [[[[-99.22462546392869, 19.362124603579954], [-99.22339861539663, 19.36189567374023], [-99.2233927510918, 19.361894457429443], [-99.22280647045062, 19.36176054585864], [-99.22277121650502, 19.361747611533005], [-99.22256923570227, 19.361642492666892], [-99.22253821466751, 19.361620704690868], [-99.22236622519883, 19.36146159465131], [-99.22234605275328, 19.36143823383748], [-99.22224575313743, 19.361291313075313], [-99.22223030244812, 19.36126098143168], [-99.22216245201183, 19.361070332250836], [-99.22215864208422, 19.361057611009866], [-99.2220755523585, 19.360717969593477], [-99.22207185142905, 19.360687490580098], [-99.22207160135294, 19.36050946140241], [-99.22207926753738, 19.36046546558659], [-99.2221424988847, 19.360289756148095], [-99.22217107941505, 19.360243329455574], [-99.22230156978854, 19.360104499135005], [-99.22233193250483, 19.360080096524946], [-99.22250063100144, 19.359979066276175], [-99.22252965640394, 19.359965764995778], [-99.22359976431245, 19.359610202567286], [-99.22371299365601, 19.35954051838787], [-99.22377936277564, 19.35944282511047], [-99.22379888196252, 19.359330010922793], [-99.2237826038344, 19.35924837025232], [-99.22374276360213, 19.35917998795353], [-99.22366668536303, 19.359103048257577], [-99.22356542296171, 19.359034601087412], [-99.22342783242308, 19.35898028655297], [-99.22321829408588, 19.358943750286993], [-99.22302117721766, 19.358941782427124], [-99.22301819323691, 19.35894172303582], [-99.2222472193382, 19.358918725290867], [-99.22224638112274, 19.358918697947143], [-99.22221498343852, 19.35891758609964], [-99.22220747630203, 19.358917132112204], [-99.22215281528614, 19.358912451992072], [-99.22215242932317, 19.35891241844441], [-99.22188241123371, 19.358888597749445], [-99.22187141891908, 19.35888721774734], [-99.22153014562323, 19.358831504273947], [-99.22141818782835, 19.358813227047882], [-99.22123718164546, 19.358783671112228], [-99.22090535958326, 19.35875443042925], [-99.22070982258573, 19.358739654595194], [-99.22040369966507, 19.358779874255035], [-99.2203354588193, 19.358791087136858], [-99.21968405161024, 19.358898119890096], [-99.2183589942988, 19.35914426985878], [-99.21810849771312, 19.359196610989557], [-99.21799360933805, 19.359228412355655], [-99.21786956460335, 19.35928714259995], [-99.21765637084538, 19.359423058163333], [-99.21765154534371, 19.35942657436784], [-99.21742332129884, 19.35961941810071], [-99.21742316203128, 19.359619552475618], [-99.21730226311526, 19.359721402311735], [-99.21703385459728, 19.359954357208608], [-99.21664032966481, 19.360302731437468], [-99.21660328594642, 19.36032645204634], [-99.21656033218656, 19.36033814705864], [-99.21651567300725, 19.360336671682443], [-99.21647367997046, 19.36032217033807], [-99.21643846365522, 19.36029606252118], [-99.21641347128245, 19.360260903851454], [-99.21640114927594, 19.360220135908964], [-99.21640270379082, 19.36017774934662], [-99.21641798264999, 19.360137893256223], [-99.21644549024425, 19.36010446902657], [-99.21683953059215, 19.359755638884298], [-99.21684056624932, 19.3597547310802], [-99.2171102757076, 19.35952064732094], [-99.21711184779723, 19.359519303043566], [-99.21723345828804, 19.35941685385069], [-99.21746548003229, 19.35922080134074], [-99.21747347506597, 19.35921452463835], [-99.21748600382513, 19.3592053952984], [-99.21749334184028, 19.359200390341318], [-99.21771793142152, 19.35905720978267], [-99.21773381443504, 19.359048435803142], [-99.21787756469037, 19.35898037580311], [-99.21790133202772, 19.358971542038535], [-99.21803312176704, 19.358935062345346], [-99.21804240206768, 19.358932811086188], [-99.21829921154071, 19.35887915089013], [-99.21830248617054, 19.35887850471504], [-99.21963071530728, 19.358631765561046], [-99.21963378666506, 19.358631228020787], [-99.22028673145107, 19.358523942643995], [-99.22035735559557, 19.35851233815529], [-99.22036213536086, 19.358511631682557], [-99.22068606491317, 19.358469072509276], [-99.22071698466094, 19.35846821968399], [-99.22092896506737, 19.358484238083424], [-99.22093083384306, 19.358484391024298], [-99.2212691236949, 19.358514201660757], [-99.22128013596917, 19.358515583818267], [-99.2214666121033, 19.35854603293081], [-99.22157856749956, 19.35856430976682], [-99.2219143726436, 19.358619130564588], [-99.22217867294685, 19.358642446843614], [-99.22222939360512, 19.35864678958857], [-99.22225661231059, 19.358647753451265], [-99.22302567412557, 19.358670694175352], [-99.22323355136085, 19.358672769453904], [-99.2232578563606, 19.35867499323166], [-99.22349442583766, 19.358716242797897], [-99.22352346766638, 19.35872440588135], [-99.22368999904741, 19.358790144941047], [-99.22371800352792, 19.358804890605207], [-99.22384396267866, 19.35889003121025], [-99.22386525485457, 19.35890768372967], [-99.22396326438516, 19.359006802926626], [-99.22398410869233, 19.359033971089637], [-99.22404366917324, 19.35913620121566], [-99.22405901495472, 19.359176593535622], [-99.22408424582822, 19.35930313436121], [-99.22408484898328, 19.35935030736189], [-99.22405642883604, 19.35951456766886], [-99.22403552684963, 19.359566061468986], [-99.2239364559537, 19.359711891056822], [-99.22389412482941, 19.359752171112568], [-99.2237408160155, 19.359846521268267], [-99.2237103034804, 19.359860725689895], [-99.22263934966227, 19.36021656937871], [-99.2225013575251, 19.360299210234807], [-99.22240347967146, 19.360403343842457], [-99.22235728769577, 19.360531704275328], [-99.22235748457547, 19.360671689357623], [-99.22243531790237, 19.36098984225846], [-99.2224952121269, 19.36115813495619], [-99.22257707875552, 19.36127805447857], [-99.22272365685896, 19.361413655939337], [-99.22289184455863, 19.361501187493733], [-99.22345666910292, 19.36163019828057], [-99.22468050895063, 19.361858566708396], [-99.22490542231054, 19.36190047006382], [-99.22494738568611, 19.3619150495311], [-99.2249825483306, 19.361941222812117], [-99.22500746828197, 19.361976427888415], [-99.22501970619791, 19.36201721864636], [-99.22501806413723, 19.36205960220498], [-99.22500270282589, 19.362099429765998], [-99.2249751259281, 19.362132802727228], [-99.22493803286018, 19.362156454306017], [-99.22489505455388, 19.362168069316553], [-99.22485039803402, 19.362166510798023], [-99.22462546392869, 19.362124603579954]]]]}}, {"type": "Feature", "properties": {"CVEGEO": "090100001", "CVE_ENT": "09", "CVE_MUN": "010", "CVE_LOC": "0001", "CVEVIAL": "02842", "CVESEG": "00008", "NOMVIAL": "10 Sur (R\u00edo Magdalena)", "TIPOVIAL": "Eje Vial", "SENTIDO": "Un sentido", "TIPOSEN": 1, "AMBITO": "Urbana", "MINUTES": 1.27790330432, "LENGTH": 1.254037428002918, "VELOCIDAD": 3.0, "T_VIAL2024": "V\u00edas primarias - Ejes viales", "NOMENCLATU": "R\u00edo Magdalena", "NOTA2024": null, "NombreMate": "R\u00edo Magdalena", "ID": 24, "TIPO_VIA": "V\u00edas primarias - Ejes viales", "NOMBRE": "R\u00edo Magdalena"}, "geometry": {"type": "MultiPolygon", "coordinates": [[[[-99.19207669908002, 19.338517602643286], [-99.1923734891428, 19.338434546190093], [-99.1926333484659, 19.338293806894704], [-99.19267646581413, 19.338278555945575], [-99.19297326536913, 19.33822294643929], [-99.19301480236533, 19.338221022498512], [-99.1933381618286, 19.338251002782542], [-99.19335160733888, 19.33825286591958], [-99.1937165415305, 19.338320402758796], [-99.19383527045379, 19.33831758614958], [-99.19516888069647, 19.338017181449064], [-99.19565030237207, 19.337892932802475], [-99.19577492613274, 19.33785185213863], [-99.19591497161042, 19.337782999688926], [-99.19618152731033, 19.337589326917943], [-99.19644226526938, 19.337352112200854], [-99.19644802084446, 19.33734715396703], [-99.19663060095476, 19.33719826361722], [-99.19668670539893, 19.337170147313508], [-99.1993400634405, 19.3364953785037], [-99.19934121845648, 19.33649508967363], [-99.2006013992466, 19.33618530043911], [-99.20136522629446, 19.3355294937196], [-99.20140264290923, 19.335506314412694], [-99.20144577389931, 19.3354952452454], [-99.20149039731179, 19.33549736974245], [-99.20153214510644, 19.335512479943635], [-99.20156693072602, 19.335539096760346], [-99.20159134911403, 19.3355746147578], [-99.20160301002444, 19.335615557191375], [-99.20160077199719, 19.335657916332945], [-99.2015848540957, 19.335697545774188], [-99.20155681446728, 19.335730566306157], [-99.20076696384002, 19.336408716885042], [-99.20073892507682, 19.336427510561858], [-99.20070697207247, 19.336439410504404], [-99.19941339922025, 19.336757408666358], [-99.19679204036804, 19.33742404019309], [-99.19663708736515, 19.33755040129524], [-99.19637343474015, 19.337790267968373], [-99.19636142047652, 19.337800045430413], [-99.19607860032545, 19.338005535700784], [-99.19605747863558, 19.338018262635657], [-99.1958971586851, 19.338097082931167], [-99.19587832810375, 19.338104768344007], [-99.19573935752783, 19.338150578267896], [-99.19572997761253, 19.338153331107797], [-99.19524157775645, 19.338279380754017], [-99.19523708389796, 19.33828046649413], [-99.19388671220432, 19.338584646812784], [-99.19385730766128, 19.33858826721256], [-99.19370808787971, 19.338591807158938], [-99.19367719250157, 19.338589344373588], [-99.19330362772911, 19.338520210336497], [-99.1930079549228, 19.338492797038175], [-99.1927546443004, 19.338540258297744], [-99.19250059149353, 19.338677852820364], [-99.1924702036612, 19.33869013665235], [-99.19213870345187, 19.33878290672335], [-99.19210038205784, 19.338788425491575], [-99.19032337027402, 19.33881277589564], [-99.19027914367639, 19.338806746261078], [-99.19023904458908, 19.33878803870094], [-99.19020699819653, 19.338758484445314], [-99.19018614142331, 19.33872097647549], [-99.19017851586995, 19.3386791863369], [-99.19018486796901, 19.3386372047412], [-99.19020457592285, 19.338599141138204], [-99.19023571057322, 19.33856872145481], [-99.19027522424322, 19.338548923376745], [-99.1903192490653, 19.338541684873828], [-99.19207669908002, 19.338517602643286]]]]}}, {"type": "Feature", "properties": {"CVEGEO": "090100001", "CVE_ENT": "09", "CVE_MUN": "010", "CVE_LOC": "0001", "CVEVIAL": "04656", "CVESEG": "00001", "NOMVIAL": "Mina la Mexicana", "TIPOVIAL": "Calle", "SENTIDO": "Dos sentidos", "TIPOSEN": 2, "AMBITO": "Urbana", "MINUTES": 3.39766685442, "LENGTH": 0.1702997710303481, "VELOCIDAD": 3.0, "T_VIAL2024": "V\u00edas de acceso controlado - Viaductos", "NOMENCLATU": "Carlos Lazo", "NOTA2024": null, "NombreMate": "Carlos Lazo", "ID": 16, "TIPO_VIA": "V\u00edas de acceso controlado - Viaductos", "NOMBRE": "Carlos Lazo"}, "geometry": {"type": "MultiPolygon", "coordinates": [[[[-99.26586241174205, 19.36332388996062], [-99.26585150569204, 19.363319252052754], [-99.26557494588818, 19.36318819219862], [-99.26528470602327, 19.3630506520326], [-99.2652483407713, 19.36302600329055], [-99.2652217807775, 19.362991895489916], [-99.2652076259162, 19.36295166734453], [-99.26520726175566, 19.362909256668555], [-99.26522072393209, 19.362868814914645], [-99.26524669466531, 19.36283430080077], [-99.2652826317555, 19.362809092804348], [-99.26532501743282, 19.362795658455042], [-99.26536970270006, 19.362795312797573], [-99.26541231346226, 19.3628080896671], [-99.26570255356822, 19.362945629906665], [-99.26597376420267, 19.363074154792944], [-99.26688600671439, 19.363419361774444], [-99.26692441587517, 19.36344103889997], [-99.26695388727845, 19.363472919938882], [-99.2669715360567, 19.363511884157777], [-99.26697563461754, 19.363554117471008], [-99.26696578175506, 19.36359548578863], [-99.26694294192673, 19.363631939689512], [-99.26690935084899, 19.363659910807673], [-99.2668682966518, 19.363676661130366], [-99.26682379801304, 19.363680551015708], [-99.26678021077969, 19.363671199693627], [-99.26586241174205, 19.36332388996062]]]]}}, {"type": "Feature", "properties": {"CVEGEO": "090100001", "CVE_ENT": "09", "CVE_MUN": "010", "CVE_LOC": "0001", "CVEVIAL": "04863", "CVESEG": "00002", "NOMVIAL": "10 Sur (Avenida San Jer\u00f3nimo)", "TIPOVIAL": "Eje Vial", "SENTIDO": "Un sentido", "TIPOSEN": 1, "AMBITO": "Urbana", "MINUTES": 2.2307624835, "LENGTH": 1.0054624318885683, "VELOCIDAD": 3.0, "T_VIAL2024": "V\u00edas primarias  - Avenidas primarias", "NOMENCLATU": "Paseo del Pedregal", "NOTA2024": null, "NombreMate": "San Jer\u00f3nimo Eje 10 Sur", "ID": 24, "TIPO_VIA": "V\u00edas primarias  - Avenidas primarias", "NOMBRE": "Paseo del Pedregal"}, "geometry": {"type": "MultiPolygon", "coordinates": [[[[-99.19179476630332, 19.336722701588787], [-99.19312895056132, 19.3364774153268], [-99.19425099330402, 19.33625982997435], [-99.19506480376134, 19.33604066690636], [-99.19506584806906, 19.33604038972879], [-99.19615084672311, 19.33575661989977], [-99.1961588364793, 19.33575476349244], [-99.1969037065136, 19.335603133860626], [-99.19690555778863, 19.335602769152697], [-99.19763979254027, 19.33546292678194], [-99.19782576062852, 19.335414120139436], [-99.19799942877097, 19.335359395354793], [-99.19817618514024, 19.335267148780826], [-99.19830225464521, 19.335158721431252], [-99.19830290957468, 19.33515816163537], [-99.19842673959585, 19.33505297375075], [-99.19859801613518, 19.33487795711247], [-99.19906160769229, 19.33424081993984], [-99.19906896559993, 19.33423157845314], [-99.19927174609903, 19.333998317886344], [-99.19947822519546, 19.333760819812934], [-99.19969176438278, 19.333445413785693], [-99.19978762433446, 19.33318700496728], [-99.19978959399658, 19.333181674016224], [-99.19981079459406, 19.333144340511158], [-99.19984311074468, 19.33311505324104], [-99.19988337911883, 19.333096679043095], [-99.1999276579739, 19.33309101650802], [-99.19997161299696, 19.333098619922847], [-99.20001094157384, 19.333118745013955], [-99.20004179395518, 19.333149421801185], [-99.20006115009454, 19.3331876474317], [-99.20006711527176, 19.333229680118258], [-99.20005910556377, 19.333271405410013], [-99.20005710625759, 19.333276816617715], [-99.20005704684748, 19.333276977091245], [-99.199955615391, 19.333550406149918], [-99.19994105216287, 19.333578670637927], [-99.19971390235617, 19.333914180842882], [-99.19970390899742, 19.33392717550547], [-99.19949203146774, 19.33417088339726], [-99.199293139906, 19.334399670839556], [-99.19882716052852, 19.33504009091221], [-99.19881428465368, 19.3350553133586], [-99.19863150588489, 19.33524208364353], [-99.19862210928567, 19.335250838847152], [-99.19849369648959, 19.335359919699787], [-99.19835554364741, 19.33547873955211], [-99.19832845936837, 19.335497071159487], [-99.19812559868822, 19.335602941242797], [-99.19810178997948, 19.335612807008072], [-99.19791230125253, 19.335672517054014], [-99.19790536499383, 19.335674518688936], [-99.19771096358284, 19.335725538632865], [-99.1977010021388, 19.33572779137734], [-99.19696266986915, 19.335868414190546], [-99.19622274611709, 19.336019036956007], [-99.19514223529679, 19.336301633070487], [-99.19432379647576, 19.33652204259844], [-99.19431340402191, 19.336524446042002], [-99.19318540239637, 19.336743186974836], [-99.1931839739888, 19.336743456770133], [-99.19184907209825, 19.336988874996898], [-99.19175207235932, 19.33700670697324], [-99.19170741857464, 19.33700815786097], [-99.1916644779866, 19.336996439245826], [-99.19162745392799, 19.336972698229985], [-99.19159997057557, 19.336939258753937], [-99.19158471818892, 19.33689939411129], [-99.19158318977004, 19.336857006534164], [-99.19159553492092, 19.33681624521438], [-99.19162054520336, 19.33678110015141], [-99.1916557724327, 19.33675501158446], [-99.19169776832472, 19.33674053323955], [-99.19179476630332, 19.336722701588787]]]]}}, {"type": "Feature", "properties": {"CVEGEO": "090100001", "CVE_ENT": "09", "CVE_MUN": "010", "CVE_LOC": "0001", "CVEVIAL": "00418", "CVESEG": "00064", "NOMVIAL": "Calzada de las \u00c1guilas", "TIPOVIAL": "Calzada", "SENTIDO": "Un sentido", "TIPOSEN": 1, "AMBITO": "Urbana", "MINUTES": 0.6356191457, "LENGTH": 8.451562303690247, "VELOCIDAD": 3.0, "T_VIAL2024": "V\u00edas primarias  - Avenidas primarias", "NOMENCLATU": "Calzada de las \u00c1guilas", "NOTA2024": null, "NombreMate": "Calzada de las \u00c1guilas", "ID": 15, "TIPO_VIA": "V\u00edas primarias  - Avenidas primarias", "NOMBRE": "Calzada de las \u00c1guilas"}, "geometry": {"type": "MultiPolygon", "coordinates": [[[[-99.24674131114315, 19.341814771873796], [-99.24692252669037, 19.34167945648666], [-99.2469622808298, 19.34164961923492], [-99.24728946868278, 19.34137220462304], [-99.24728968152976, 19.341372024517064], [-99.24748572815346, 19.341206467454526], [-99.2477579586886, 19.340967942481992], [-99.24775848867804, 19.340967480452754], [-99.24782343688676, 19.340911146150216], [-99.24823786151535, 19.34054855116532], [-99.24823810424812, 19.340548339280463], [-99.24828753221783, 19.3405052927672], [-99.24828930373499, 19.340503775638897], [-99.24846077446077, 19.340359375850827], [-99.24847143259869, 19.3403512320475], [-99.24857716278524, 19.340278081520307], [-99.24860340665236, 19.340263700761678], [-99.2504440963337, 19.33948918189794], [-99.25047936956634, 19.33947925979541], [-99.25051614268283, 19.339478220616126], [-99.25093359195299, 19.33951773975027], [-99.25098043845712, 19.339530067694827], [-99.25117056795536, 19.339615358279364], [-99.25121215132249, 19.339643628953272], [-99.25145574214437, 19.33988245885673], [-99.25146713165974, 19.339895091809122], [-99.2515634416262, 19.34001623115522], [-99.25157036150127, 19.34002575452564], [-99.251831429973, 19.340420044613865], [-99.25190877325599, 19.34051804221378], [-99.25191494762423, 19.340526518751076], [-99.25221378230636, 19.3409720773829], [-99.25257985957175, 19.341420673612586], [-99.25302288584145, 19.34175882294502], [-99.25339358706856, 19.341935902410857], [-99.25371878640438, 19.341990274587385], [-99.25428732454807, 19.34195632807637], [-99.25428811178259, 19.341956283141744], [-99.25469619145824, 19.341934063127628], [-99.25472533811384, 19.34193530970817], [-99.25622732069142, 19.342146923004915], [-99.25633015649369, 19.34215537739712], [-99.25646350136257, 19.34216093247387], [-99.25667401901657, 19.34215230495185], [-99.25680763198608, 19.34211665964265], [-99.2584870334662, 19.341338454416768], [-99.25917885550899, 19.341015522317523], [-99.25925645223231, 19.34092313559404], [-99.25929503335894, 19.340755841113197], [-99.2593227114036, 19.34070051880424], [-99.25979934201185, 19.340130889246826], [-99.25980006301914, 19.340130034663453], [-99.26046549267883, 19.339347815606867], [-99.2604713444802, 19.339341362356386], [-99.26062945449108, 19.33917769193711], [-99.2606325662965, 19.339174571449874], [-99.26079420675433, 19.339017541239755], [-99.260802634553, 19.33900999232935], [-99.26093619421768, 19.338899732980998], [-99.26093732737772, 19.338898807350535], [-99.26107792770726, 19.338785167209053], [-99.26110361703114, 19.33876861215901], [-99.26123233709869, 19.33870383248187], [-99.2612393988959, 19.338700512172217], [-99.26135453828248, 19.338650082225232], [-99.26137130041622, 19.33864392306698], [-99.26165362079222, 19.338559153155064], [-99.261682329571, 19.338553528351742], [-99.26179406878909, 19.338542807891493], [-99.26180144562986, 19.338542282941543], [-99.26225690575018, 19.338521113603008], [-99.26227485633804, 19.338521351652286], [-99.26241368627792, 19.338531501208532], [-99.26243223876472, 19.338534028474996], [-99.26267029798412, 19.3385817687556], [-99.26269741482797, 19.338589957284817], [-99.2629807250603, 19.338706136773318], [-99.26299625667738, 19.338713603274595], [-99.26372307682351, 19.339117633096432], [-99.26417526405405, 19.33935817366531], [-99.26421034455852, 19.33938444013185], [-99.26423515724636, 19.339419711181705], [-99.26424727327489, 19.33946053424326], [-99.26424550663413, 19.339502913273435], [-99.26423003024482, 19.339542699917246], [-99.26420235903583, 19.339575999577725], [-99.26416520165536, 19.339599552647442], [-99.26412219533056, 19.33961105358332], [-99.26407754982888, 19.339609376591007], [-99.26403563537343, 19.339594685826455], [-99.26358226536266, 19.33935351598364], [-99.26357991350173, 19.339352236918273], [-99.2628594487632, 19.338951739844575], [-99.26259727073852, 19.338844226207243], [-99.26238239017906, 19.33880113416319], [-99.26226189122634, 19.338792324748113], [-99.26181910915399, 19.338812904825065], [-99.26172571112751, 19.338821865603187], [-99.26146602471623, 19.3388998394198], [-99.26136264087911, 19.33894512056244], [-99.26125120162533, 19.339001203523978], [-99.26112306140702, 19.339104772872762], [-99.26099444108662, 19.339210954680556], [-99.26083843504448, 19.33936251135869], [-99.26068488762724, 19.339521458941395], [-99.26002263977068, 19.340299938983247], [-99.25956696452153, 19.34084452542099], [-99.25952835402035, 19.34101194844789], [-99.25950051226637, 19.34106746608966], [-99.25938224462753, 19.341208275869143], [-99.25933359998496, 19.341245415783778], [-99.25861288830119, 19.341581833342318], [-99.25861251865298, 19.341582005260033], [-99.25692133910337, 19.34236566845107], [-99.25689733032561, 19.342374352313556], [-99.2567353606537, 19.342417562638147], [-99.2567028805579, 19.342422492742283], [-99.25646961050288, 19.342432052723463], [-99.25645718882163, 19.34243204852526], [-99.25631459825307, 19.34242610828166], [-99.25630853719018, 19.342425733054004], [-99.25619833754136, 19.342416673263145], [-99.25618969377662, 19.34241570996832], [-99.25469790830113, 19.342205533441966], [-99.25430486241913, 19.342226934854658], [-99.2537197353789, 19.3422618718445], [-99.25368599674538, 19.34226008404339], [-99.25332336667867, 19.34219945358277], [-99.25328394271725, 19.342187040062846], [-99.25288098183127, 19.341994550500928], [-99.2528556883878, 19.34197910251365], [-99.25238776832379, 19.341621952175515], [-99.25236435907063, 19.341599324133615], [-99.25198394947297, 19.34113316412578], [-99.25197638180634, 19.341122951560262], [-99.25167692901508, 19.340676470408592], [-99.25159933670913, 19.34057815710891], [-99.25159271887166, 19.340569015069217], [-99.25133178469052, 19.34017492696625], [-99.25124443485707, 19.340065057552405], [-99.25102502880506, 19.339849939503548], [-99.25088070302412, 19.33978519608564], [-99.25052534683445, 19.339751555206185], [-99.24873308272511, 19.340505697828604], [-99.24864520098868, 19.340566499760566], [-99.24847974599993, 19.340705833677447], [-99.24843131860027, 19.340748008843622], [-99.24801678817194, 19.34111069677196], [-99.24801633332429, 19.34111109301085], [-99.2479514228372, 19.341167394652594], [-99.24767849439735, 19.34140653136678], [-99.24767655378282, 19.341408200686374], [-99.24747963526232, 19.3415744942116], [-99.24714935634648, 19.34185452992967], [-99.24714279615415, 19.341859764842788], [-99.247099539649, 19.341892230803342], [-99.24709926042827, 19.34189243983526], [-99.24691337959588, 19.34203123889609], [-99.2469008599651, 19.34204060162725], [-99.24686319664025, 19.34206084256431], [-99.2468096102459, 19.342080165914947], [-99.24680920906965, 19.342080309925766], [-99.24650603519258, 19.342188646697053], [-99.24649818289602, 19.342191207841253], [-99.24644415831588, 19.34220717781726], [-99.24644365873083, 19.342207324545466], [-99.24637897213076, 19.342226199880713], [-99.2451762535492, 19.34257648548981], [-99.24479755543267, 19.34268918701522], [-99.24479574974342, 19.34268971196968], [-99.2444683197272, 19.342782659658884], [-99.24438877727222, 19.34280612767473], [-99.24436953062722, 19.342811806575693], [-99.24328801773284, 19.343133090362223], [-99.24290362173676, 19.34325605365196], [-99.242740332264, 19.343318515273573], [-99.24242624829945, 19.3434872363714], [-99.2424254330179, 19.343487670988353], [-99.2417262440154, 19.343857545437668], [-99.24159977240333, 19.343924700302466], [-99.24159943664984, 19.343924878020495], [-99.24135640626197, 19.344053109693377], [-99.24134941122603, 19.344056564121395], [-99.24103635809941, 19.34420088182737], [-99.2410360976358, 19.344201001591486], [-99.24099314825492, 19.344220699219633], [-99.23985116060564, 19.344814158408525], [-99.23985083330281, 19.34481432837351], [-99.2390379290551, 19.3452367638841], [-99.23873203851805, 19.345404432495762], [-99.23861734641858, 19.345470726906438], [-99.23834668613178, 19.34562713854207], [-99.2383426900399, 19.345629364313606], [-99.23810286693906, 19.345758024476563], [-99.23638079383562, 19.346682117207546], [-99.23637063018792, 19.346687072720208], [-99.23586877993051, 19.3469081428116], [-99.23585478152577, 19.34691347568325], [-99.23544004107316, 19.347047806487545], [-99.235422699944, 19.34705376192221], [-99.23541694435269, 19.347055608116605], [-99.23534770448893, 19.34707627107944], [-99.23523530030444, 19.34711006227586], [-99.2352296273149, 19.34711164581517], [-99.23413896671923, 19.347392936015872], [-99.23413541212247, 19.34739380635722], [-99.23363390848735, 19.34751009458785], [-99.23302587638206, 19.347651936269052], [-99.23302471439936, 19.34765220244461], [-99.2329040428257, 19.347679337909256], [-99.23290042755137, 19.347680104015406], [-99.23242625615717, 19.347774473480467], [-99.23175434494905, 19.34791824878619], [-99.23175328237677, 19.347918472118135], [-99.23168230944395, 19.347933120188546], [-99.2302486810205, 19.34846570744834], [-99.23022483995929, 19.34848139883672], [-99.2302009769099, 19.348494080164944], [-99.22958353597947, 19.348751940316344], [-99.22954767691753, 19.348761851741667], [-99.22951033674026, 19.34876259963103], [-99.2289228898255, 19.34870099586539], [-99.22878737614667, 19.34870266756118], [-99.22878603588175, 19.348702678124003], [-99.22860811915791, 19.348703287761737], [-99.22837567220418, 19.3487222992331], [-99.22553525313397, 19.34932438383912], [-99.22332108809967, 19.34979770903358], [-99.2228476767013, 19.34994229810271], [-99.22237008736059, 19.35009045263449], [-99.22133192932225, 19.350412449911467], [-99.21978552936912, 19.350894693505822], [-99.21834993294001, 19.351377843215403], [-99.21734300267947, 19.351936293983464], [-99.21734234215566, 19.351936658066265], [-99.21665165384496, 19.352315024816672], [-99.2165668725549, 19.352382066905754], [-99.21642272533023, 19.35249607385468], [-99.21628121552246, 19.353232805966325], [-99.21615706514251, 19.354066071558183], [-99.21615655576417, 19.354069222647063], [-99.21604315622342, 19.35471961275263], [-99.21602848832619, 19.35476088265227], [-99.21582277812506, 19.35512986300442], [-99.2158207282148, 19.35513341078489], [-99.21557266849122, 19.355547930490793], [-99.21556957696417, 19.35555285141791], [-99.21450627765563, 19.35716679221187], [-99.21448405772901, 19.357192740348463], [-99.21445582171866, 19.357212736745534], [-99.21340886108321, 19.357778237563238], [-99.21340561246457, 19.357779939601897], [-99.21282776406817, 19.358073458316085], [-99.21253966774229, 19.358219807383612], [-99.21223473046938, 19.358385469441686], [-99.2122234776368, 19.358390969367356], [-99.21193601750683, 19.35851649944746], [-99.21192276702685, 19.358521540409573], [-99.2116359073546, 19.358615170706795], [-99.21163501900239, 19.358615457568096], [-99.21101887584584, 19.358812276477806], [-99.21089754355548, 19.358867889564852], [-99.21044472053393, 19.35911558782317], [-99.20983762349165, 19.359488651736417], [-99.20982907156301, 19.359493513560103], [-99.20946507118433, 19.35968439308795], [-99.20941240927374, 19.359700401278488], [-99.20919212957041, 19.35972458139731], [-99.20917582079225, 19.359725478984764], [-99.20837821956339, 19.35972600932047], [-99.20837792901492, 19.359726009232535], [-99.20756841458082, 19.359724980938477], [-99.20707719897926, 19.359734838882652], [-99.20707305806773, 19.35973486499025], [-99.20663456650583, 19.359731595561396], [-99.20654094287086, 19.359734267821565], [-99.20594379478956, 19.359751277778383], [-99.20509338393651, 19.359775444171053], [-99.20371754328346, 19.35981746889904], [-99.20371653150197, 19.359817496393926], [-99.20320917499092, 19.359829575419926], [-99.203076390011, 19.359832831880524], [-99.20233636926447, 19.35985177003112], [-99.20233569097402, 19.359851785857998], [-99.20157842063362, 19.35986774592057], [-99.20157818578572, 19.359867750686305], [-99.20116888625765, 19.359875736484117], [-99.20073568608466, 19.359891282730214], [-99.2007345939127, 19.359891317952922], [-99.20006324396077, 19.359910527695575], [-99.20006216761207, 19.359910554638056], [-99.19766227807119, 19.35996202048708], [-99.19757695029301, 19.360008827157586], [-99.19753765614553, 19.360023535034117], [-99.19749554784346, 19.360026691527555], [-99.19745430822925, 19.36001802056715], [-99.19741754416836, 19.359998280525325], [-99.19632087543741, 19.359185019336845], [-99.19559258565997, 19.358660228182877], [-99.19503239342566, 19.358256250745615], [-99.19497101520096, 19.35821319480419], [-99.19496920850683, 19.358211906332894], [-99.19488315753924, 19.358149520710466], [-99.19487899357725, 19.358146383731835], [-99.19486973833712, 19.358139140636922], [-99.19486571767423, 19.358135873441892], [-99.19485588245198, 19.358127576686194], [-99.1947929271667, 19.35807573009148], [-99.19479049416081, 19.358073679829175], [-99.194766756168, 19.358053212494934], [-99.19442147389054, 19.3577654062752], [-99.19439292431379, 19.357732778898754], [-99.19437639488824, 19.35769337492813], [-99.19437350362179, 19.357651051501886], [-99.19438453352147, 19.35760995153259], [-99.19440840489472, 19.35757409816936], [-99.19444278104065, 19.35754700098487], [-99.19448429698441, 19.357531312435576], [-99.19452888886364, 19.35752856822262], [-99.19457219172475, 19.35753903696796], [-99.19460996679112, 19.357561693920083], [-99.19495615084381, 19.35785025153912], [-99.19495794116534, 19.357851769318366], [-99.1949813633942, 19.35787196437599], [-99.19504373250275, 19.357923328180256], [-99.19504501111271, 19.357924393911542], [-99.19505350385947, 19.357931558180887], [-99.1950586656485, 19.35793559776243], [-99.19514170584998, 19.357995800582113], [-99.1952029370375, 19.35803875334943], [-99.19520445293891, 19.358039831557548], [-99.1957653360093, 19.358444306911704], [-99.1964943944145, 19.358969651547174], [-99.19649596613037, 19.35897080050549], [-99.19751746251788, 19.35972831574408], [-99.19755101011212, 19.35970991315616], [-99.19758392696674, 19.35969675256435], [-99.1976192549444, 19.359691755165763], [-99.20005517475242, 19.35963951692712], [-99.20072543932059, 19.35962033825062], [-99.20115932318366, 19.359604767472856], [-99.20116178463905, 19.359604699298185], [-99.20157219710242, 19.359596691793417], [-99.20232900960663, 19.359580741391405], [-99.20306877039019, 19.359561809903308], [-99.20306893115921, 19.359561805874655], [-99.20320185029871, 19.3595585461258], [-99.20370886201613, 19.359546475277995], [-99.2050843548579, 19.359504461190934], [-99.20508467546213, 19.359504451738978], [-99.20593523074719, 19.3594802812549], [-99.20653236062914, 19.359463271825366], [-99.20662868707603, 19.359460522420648], [-99.20663410253984, 19.359460465347233], [-99.2070732310272, 19.359463739537635], [-99.20756398088467, 19.359453890942515], [-99.20756719188178, 19.359453860767285], [-99.20837816538048, 19.35945489093114], [-99.20916743855618, 19.359454366162446], [-99.20935159572113, 19.35943415123027], [-99.20968656339791, 19.359258496319068], [-99.21029257611974, 19.35888609892192], [-99.21029888123519, 19.35888244054883], [-99.21075942144229, 19.358630521039565], [-99.21076862943912, 19.358625900221366], [-99.21090271899006, 19.35856443981872], [-99.21091927147592, 19.358558032054464], [-99.2115434570184, 19.35835864416808], [-99.21182311451075, 19.358267364669732], [-99.21209832703147, 19.35814718299935], [-99.2123995293897, 19.357983550061707], [-99.21240308393688, 19.357981682192673], [-99.21269297327889, 19.357834422362018], [-99.21326919118113, 19.35754173198786], [-99.21428319975162, 19.356994030152165], [-99.21532578245456, 19.35541153753662], [-99.21557129878519, 19.35500126899996], [-99.21576513980862, 19.354653579278445], [-99.21587447080185, 19.354026529969858], [-99.21599878591331, 19.353192168383547], [-99.21599969483275, 19.353186836460008], [-99.21615100535347, 19.352399086430342], [-99.21616815462954, 19.352355079092444], [-99.21620008263062, 19.35231925701687], [-99.21638402286601, 19.352173777701466], [-99.21647823258483, 19.352099279998967], [-99.21649825859194, 19.352086022434644], [-99.2171992276388, 19.3517020240036], [-99.21821745695479, 19.351137306921416], [-99.21824178183051, 19.351126584452665], [-99.21969164061855, 19.350638634910954], [-99.21969479146807, 19.350637613562636], [-99.22124288041856, 19.350154843358133], [-99.22124309937465, 19.35015477526143], [-99.22228135651541, 19.349832747310003], [-99.22275925262468, 19.349684497643008], [-99.22275987385545, 19.349684306419146], [-99.22323970364084, 19.349537757068337], [-99.22325207169348, 19.34953455335992], [-99.22547262012928, 19.34905986368061], [-99.22547287402638, 19.349059809633605], [-99.22832275220333, 19.348455719978446], [-99.22834161980353, 19.348452961315402], [-99.22858945934169, 19.348432690915104], [-99.22860120467202, 19.348432191324996], [-99.22878433445135, 19.34843156383093], [-99.22892797376046, 19.348429791896066], [-99.22894551321966, 19.34843060030484], [-99.22950359579005, 19.34848912480497], [-99.2300733696743, 19.34825117173547], [-99.23009967049516, 19.3482338614235], [-99.23012899910518, 19.348219024689705], [-99.23158879785615, 19.34767671542288], [-99.23161050513804, 19.347670486358474], [-99.23169206120811, 19.347653654044393], [-99.23236448907701, 19.347509768200027], [-99.23236658955649, 19.347509334476836], [-99.23283999931218, 19.347415116609177], [-99.23295828672595, 19.347388517274812], [-99.23356583429205, 19.347246788646043], [-99.2335660278745, 19.34724674362273], [-99.23406584437613, 19.3471308466227], [-99.23515187820598, 19.34685074975053], [-99.23526160631259, 19.34681776304782], [-99.23526189300445, 19.34681767717682], [-99.2353283776827, 19.346797836436863], [-99.23534409188649, 19.346792439735456], [-99.2353465602331, 19.346791616226948], [-99.23575539051612, 19.346659199714352], [-99.23624520322788, 19.34644343235306], [-99.23796230460668, 19.345522007926956], [-99.2382001321181, 19.34539441841792], [-99.23846879490418, 19.345239161197277], [-99.23858490148409, 19.3451720492226], [-99.23858776258686, 19.345170438499647], [-99.23889650256876, 19.34500120809672], [-99.23889933934231, 19.344999693813303], [-99.23971369061942, 19.344576506530576], [-99.24085916758504, 19.34398123441636], [-99.24086561963358, 19.343978080971947], [-99.2409117069179, 19.34395694423346], [-99.24122108176061, 19.34381432227545], [-99.24146049664631, 19.343687998327486], [-99.24158689980142, 19.34362087984345], [-99.24158709872322, 19.343620774416028], [-99.24228597815876, 19.343251063901086], [-99.24260786439889, 19.34307815160954], [-99.24262482309028, 19.343070394845615], [-99.24280070612203, 19.343003115947027], [-99.24280847859272, 19.34300038883974], [-99.24319827357844, 19.342875698512547], [-99.24320122719372, 19.34287478751001], [-99.2442843523051, 19.342553024849842], [-99.24428461581843, 19.342552946832647], [-99.24430399557903, 19.342547228655775], [-99.24438427638225, 19.342523542803665], [-99.24438574689022, 19.342523117173386], [-99.24471300822738, 19.342430217385587], [-99.245091221441, 19.342317660188318], [-99.24509205552371, 19.34231741461828], [-99.24629508185865, 19.34196703946435], [-99.2463594824454, 19.341948247590384], [-99.2464092919216, 19.341933523626693], [-99.24670837778916, 19.341826647695456], [-99.24674131114315, 19.341814771873796]]]]}}, {"type": "Feature", "properties": {"CVEGEO": null, "CVE_ENT": null, "CVE_MUN": null, "CVE_LOC": null, "CVEVIAL": null, "CVESEG": null, "NOMVIAL": "SUPERVIAL PONIENTE", "TIPOVIAL": null, "SENTIDO": null, "TIPOSEN": null, "AMBITO": null, "MINUTES": null, "LENGTH": 3.5415908510979084, "VELOCIDAD": null, "T_VIAL2024": null, "NOMENCLATU": null, "NOTA2024": null, "NombreMate": null, "ID": null, "TIPO_VIA": "Sin clasificacion", "NOMBRE": "SUPERVIAL PONIENTE"}, "geometry": {"type": "MultiPolygon", "coordinates": [[[[-99.24734164777685, 19.345524944961554], [-99.24618802844174, 19.345415791135604], [-99.24528116930112, 19.345708125702078], [-99.24414354969306, 19.34633797646987], [-99.24412085163327, 19.346348121722436], [-99.24302396281223, 19.346730697130447], [-99.24299120013443, 19.34673810800075], [-99.24295752010616, 19.346738030085675], [-99.24153861484928, 19.346574769250562], [-99.24148771891238, 19.34655935929813], [-99.2405769457816, 19.346090529439874], [-99.24053155022803, 19.346053670413085], [-99.2398879702685, 19.345254189458387], [-99.23987741821519, 19.34523908592095], [-99.23943468861113, 19.34450285694296], [-99.23942091268084, 19.344471237122985], [-99.23941591673751, 19.34443735037884], [-99.23940086624542, 19.34329404220694], [-99.23940386550038, 19.343264661696804], [-99.23973624148277, 19.341752490935285], [-99.23973805802576, 19.341745231707517], [-99.24032386993295, 19.33966106195452], [-99.24032888656292, 19.339646551067332], [-99.24063778306683, 19.338898243337976], [-99.24055807415952, 19.33734260053653], [-99.23982905790128, 19.33596335081818], [-99.23836828059287, 19.33445482344662], [-99.23835856769587, 19.334443649023925], [-99.23723233724765, 19.3329969008781], [-99.23721523753943, 19.33296817946147], [-99.23720595295694, 19.33293638752176], [-99.23698985411559, 19.331564673085975], [-99.2369920349894, 19.33151375573513], [-99.2374177744246, 19.3297855036012], [-99.23742199718001, 19.329771705679665], [-99.23832841436565, 19.327306012018617], [-99.23832972470464, 19.327302595486607], [-99.23943745932255, 19.32453049654217], [-99.23945964469443, 19.324493682993964], [-99.23949272751706, 19.32446517945561], [-99.23953346941416, 19.324447776047226], [-99.23957788229171, 19.324443176332007], [-99.2396216187179, 19.32445183056097], [-99.23966039747614, 19.32447289159972], [-99.23969042263673, 19.324504297851135], [-99.23970875512684, 19.32454297505732], [-99.23971360042786, 19.324585137227526], [-99.2397044842379, 19.32462665723592], [-99.23859743281629, 19.327397057806547], [-99.23769414731075, 19.32985424354469], [-99.23727635907011, 19.331550230361223], [-99.23748316042932, 19.332862913635616], [-99.23858372372507, 19.334276687209076], [-99.24005286525488, 19.335793850018625], [-99.24007537000098, 19.335824797200583], [-99.24082688830522, 19.337246615058326], [-99.24084188523324, 19.337300821994162], [-99.24092454887719, 19.33891407639769], [-99.2409148744151, 19.338970118000827], [-99.24059775782172, 19.339738342246733], [-99.24001503978273, 19.341811517174225], [-99.23968666393351, 19.34330550070704], [-99.23970105939307, 19.344398905172277], [-99.24012073629339, 19.345096797242622], [-99.24073996248266, 19.345866023771013], [-99.24159998186357, 19.34630872744215], [-99.24295773962892, 19.346464952630946], [-99.24401051591121, 19.346097762907583], [-99.24514967511858, 19.345467059921884], [-99.24517570656728, 19.34545579606937], [-99.24612547786917, 19.345149628379044], [-99.24618556965679, 19.345143096573953], [-99.24737687090398, 19.345255815912115], [-99.24739055685434, 19.34525775022021], [-99.24931447191098, 19.345620849334384], [-99.24935639360987, 19.345635525541145], [-99.24939148560279, 19.345661779845354], [-99.24941631284348, 19.345697042297438], [-99.24942844506484, 19.345737861167407], [-99.24942669467173, 19.345780240822496], [-99.24941123299446, 19.345820032846525], [-99.24938357352183, 19.34585334211588], [-99.24934642375317, 19.345876908082538], [-99.24930342017053, 19.345888423940988], [-99.24925877227297, 19.345886762436155], [-99.24734164777685, 19.345524944961554]]]]}}, {"type": "Feature", "properties": {"CVEGEO": "090100001", "CVE_ENT": "09", "CVE_MUN": "010", "CVE_LOC": "0001", "CVEVIAL": "03568", "CVESEG": "00003", "NOMVIAL": "Molinos", "TIPOVIAL": "Calle", "SENTIDO": "Dos sentidos", "TIPOSEN": 2, "AMBITO": "Urbana", "MINUTES": 0.18735508091, "LENGTH": 0.4070455184858774, "VELOCIDAD": 3.0, "T_VIAL2024": "V\u00edas primarias  - Avenidas primarias", "NOMENCLATU": "Molinos", "NOTA2024": null, "NombreMate": "Molinos", "ID": 19, "TIPO_VIA": "V\u00edas primarias  - Avenidas primarias", "NOMBRE": "Molinos"}, "geometry": {"type": "MultiPolygon", "coordinates": [[[[-99.19423128248748, 19.372681271645305], [-99.19422885952231, 19.372681160450234], [-99.1939272397742, 19.37266488078923], [-99.19392504797318, 19.372664746435145], [-99.19348920239219, 19.372634834131382], [-99.19331858335678, 19.372624072060844], [-99.19315909273989, 19.372614011814477], [-99.1924764758447, 19.372570950489475], [-99.19242400425378, 19.37255783798704], [-99.19239804385731, 19.37253950713903], [-99.19226391972786, 19.37260580056454], [-99.19224701807191, 19.372612876314808], [-99.19213578983808, 19.37265149689216], [-99.19212850244203, 19.372656217631842], [-99.19212805195306, 19.3726565082629], [-99.19209811162752, 19.372675745018316], [-99.19199923610616, 19.372739922609856], [-99.1919573586812, 19.37275850319451], [-99.19170701828982, 19.372825482586272], [-99.1916573717024, 19.372838781626452], [-99.19161872488705, 19.372843878893754], [-99.19150289276457, 19.372843997730513], [-99.19146049973197, 19.372844194739624], [-99.1914596081334, 19.37284419624205], [-99.19135220685615, 19.372844059071898], [-99.19130430791733, 19.372844039237517], [-99.19129593379614, 19.372843802598865], [-99.19075864299288, 19.372813632316582], [-99.19071499350684, 19.372804534874316], [-99.19067644261123, 19.372783081641433], [-99.19064676394143, 19.372751372614008], [-99.19062886265131, 19.37271251169739], [-99.1906244910369, 19.372670302872468], [-99.1906340770121, 19.37262887783413], [-99.19065668222545, 19.372592291551815], [-99.190690093916, 19.372564125341565], [-99.19073104151582, 19.372547136303496], [-99.19077551679551, 19.372542987439395], [-99.19130862331795, 19.37257292277781], [-99.19135239645006, 19.372572940903854], [-99.19145954669634, 19.372573077698984], [-99.19150176640441, 19.372572881495856], [-99.19150231149209, 19.37257287994975], [-99.19159872233429, 19.372572781044695], [-99.19162943732333, 19.372564553290804], [-99.19185729822149, 19.372503588379846], [-99.19193711924147, 19.37245177860643], [-99.19193767820411, 19.372451417637627], [-99.19196767290306, 19.37243214595935], [-99.19198945177939, 19.37241803771659], [-99.19202090137594, 19.372402694419243], [-99.19214017023954, 19.37236128200074], [-99.19235967040696, 19.37225278977885], [-99.19240396168071, 19.3722390328417], [-99.19245056162981, 19.37223953869584], [-99.19249450975434, 19.372254253493693], [-99.19253112783562, 19.37228161086512], [-99.19255271197842, 19.372304043284085], [-99.19317803843902, 19.372343490483562], [-99.19333752873251, 19.372353550712052], [-99.19350856267295, 19.37236433895589], [-99.19350939282546, 19.372364393624242], [-99.1939445573282, 19.372394259193953], [-99.19424386915304, 19.37241041429162], [-99.19453380713266, 19.372421378831145], [-99.19457763315951, 19.37242967615205], [-99.1946166125074, 19.37245042021108], [-99.19464692961165, 19.37248158043928], [-99.19466561682214, 19.372520106661238], [-99.19467084489779, 19.372562227665636], [-99.19466210206812, 19.37260382035631], [-99.19464024413259, 19.37264081334913], [-99.19460741069271, 19.372669585508145], [-99.19456681571509, 19.37268732040912], [-99.19452243292565, 19.37269228203267], [-99.19423128248748, 19.372681271645305]]]]}}, {"type": "Feature", "properties": {"CVEGEO": "090100001", "CVE_ENT": "09", "CVE_MUN": "010", "CVE_LOC": "0001", "CVEVIAL": "04851", "CVESEG": "00005", "NOMVIAL": "10 Sur (Canoa)", "TIPOVIAL": "Eje Vial", "SENTIDO": "Dos sentidos", "TIPOSEN": 2, "AMBITO": "Urbana", "MINUTES": 0.86670083799, "LENGTH": 0.5406095335546592, "VELOCIDAD": 3.0, "T_VIAL2024": "V\u00edas primarias - Ejes viales", "NOMENCLATU": "Canoa", "NOTA2024": null, "NombreMate": "Canoa", "ID": 24, "TIPO_VIA": "V\u00edas primarias - Ejes viales", "NOMBRE": "Canoa"}, "geometry": {"type": "MultiPolygon", "coordinates": [[[[-99.20144961272219, 19.335483837143443], [-99.20195233375226, 19.33480850903157], [-99.2020831236911, 19.334624118144767], [-99.20211563692824, 19.33459156785468], [-99.20233023698658, 19.33443805795878], [-99.2023367444459, 19.334433668199566], [-99.20244689810056, 19.334363676098256], [-99.20277846958331, 19.334133738726248], [-99.20278153081311, 19.334131673874193], [-99.20376642032838, 19.333485673733534], [-99.20377680216795, 19.33347947198102], [-99.20478183181446, 19.332934843057256], [-99.20501353818344, 19.332809279054306], [-99.20542077109272, 19.332588593429893], [-99.20546255973998, 19.332573587218292], [-99.20550718806469, 19.332571573826954], [-99.20555028754573, 19.332582750340105], [-99.20558763931457, 19.332606022725134], [-99.20561558712406, 19.33263911292323], [-99.2056313952457, 19.332678781839974], [-99.20563351626275, 19.332721146408673], [-99.20562174254495, 19.332762059690726], [-99.20559722657693, 19.332797516806643], [-99.2055623681482, 19.332824046962504], [-99.20515513464557, 19.333044733012972], [-99.20492342774357, 19.333170297364223], [-99.2039237283845, 19.333712038067986], [-99.20294543360482, 19.334353713046998], [-99.20261301047515, 19.334584241174287], [-99.20260820594258, 19.334587431497457], [-99.20249893382163, 19.334656863514695], [-99.20230665560473, 19.334794406045233], [-99.20218834599007, 19.334961202177208], [-99.20218651569672, 19.334963720746195], [-99.20166220636928, 19.335668050606664], [-99.20163866756896, 19.335692621562742], [-99.20160954139108, 19.335711022062778], [-99.20152498152262, 19.335751232410534], [-99.20148239533242, 19.335764062505753], [-99.20143771680219, 19.335763772559105], [-99.2013953193881, 19.335750390952526], [-99.2013593532528, 19.335725227573747], [-99.20133333901532, 19.33569074559415], [-99.20131982312729, 19.335650320354773], [-99.20132012860958, 19.335607908962547], [-99.20133422554909, 19.335567662940075], [-99.20136073403086, 19.335533521845623], [-99.2013970592168, 19.33550882764283], [-99.20144961272219, 19.335483837143443]]]]}}, {"type": "Feature", "properties": {"CVEGEO": "090100001", "CVE_ENT": "09", "CVE_MUN": "010", "CVE_LOC": "0001", "CVEVIAL": "00291", "CVESEG": "00014", "NOMVIAL": "Avenida Santa Luc\u00eda", "TIPOVIAL": "Calle", "SENTIDO": "Dos sentidos", "TIPOSEN": 2, "AMBITO": "Urbana", "MINUTES": 0.99850270284, "LENGTH": 1.3173711200795546, "VELOCIDAD": 3.0, "T_VIAL2024": null, "NOMENCLATU": null, "NOTA2024": null, "NombreMate": "Santa Luc\u00eda", "ID": 30, "TIPO_VIA": "Sin clasificacion", "NOMBRE": "Avenida Santa Luc\u00eda"}, "geometry": {"type": "MultiPolygon", "coordinates": [[[[-99.20179994299677, 19.37612291344418], [-99.20138633148389, 19.376374012465295], [-99.20119098100501, 19.376525916201064], [-99.20118204334837, 19.376532327035303], [-99.20087019385247, 19.376738286699773], [-99.20086726009411, 19.376740173452394], [-99.2008358437855, 19.37675984259305], [-99.20011711718405, 19.377243659003526], [-99.19883801764617, 19.3782524560592], [-99.19883328032344, 19.378256033914276], [-99.19858535908233, 19.378435264834728], [-99.19853271282322, 19.378459113364567], [-99.19829780827321, 19.37851359820508], [-99.1980000128812, 19.378589679318914], [-99.19798600531585, 19.378592551475023], [-99.1977220317801, 19.378633649076743], [-99.19759772968355, 19.378672042068064], [-99.19745777487408, 19.37872722709701], [-99.19745426554924, 19.378728559452654], [-99.19725094362708, 19.3788028067271], [-99.19713145202361, 19.3788521240478], [-99.1971283770317, 19.378853352851298], [-99.19692719621834, 19.378931134528152], [-99.19687759666077, 19.378941091835372], [-99.19682994887243, 19.378942451793634], [-99.19622472710665, 19.37942924203584], [-99.1957726510246, 19.379939147238623], [-99.19544780677477, 19.380347405106043], [-99.19543506221771, 19.380361338523347], [-99.19512170498601, 19.380660159676324], [-99.19512020056257, 19.380661573202556], [-99.19466942293373, 19.38107888133421], [-99.19464302984959, 19.381106205299947], [-99.19464252410913, 19.38110672613961], [-99.19418754846103, 19.381572834156945], [-99.19386872783424, 19.381907884030458], [-99.19386811560837, 19.38190852331236], [-99.19367950567415, 19.382104211755784], [-99.19324610350866, 19.382562997831673], [-99.19324517749445, 19.3825639686033], [-99.19271149720316, 19.38311803848239], [-99.19267655489905, 19.383144481686266], [-99.19263471204472, 19.383159383820352], [-99.19259006451801, 19.38316128615668], [-99.19254698274027, 19.383150002480793], [-99.19250968386501, 19.383126637319915], [-99.1924818189702, 19.383093477823177], [-99.19246611566365, 19.383053769877915], [-99.19246411108668, 19.383011400377708], [-99.19247600145093, 19.38297051674497], [-99.19250062283572, 19.382935120952112], [-99.19303383777861, 19.382381534942574], [-99.19346725586759, 19.38192273263746], [-99.19346821381981, 19.381921728712], [-99.19365699823169, 19.381725859505742], [-99.19397612141097, 19.38139049213208], [-99.19397734490998, 19.38138922263887], [-99.19443268305953, 19.380922743865497], [-99.19446152020802, 19.38089288967246], [-99.19446707262013, 19.38088745424972], [-99.19491994870253, 19.380468203957005], [-99.1952256862237, 19.38017664940919], [-99.19554692821694, 19.379772919461114], [-99.19555162142572, 19.37976733352365], [-99.19601387767142, 19.379245946679916], [-99.1960308234876, 19.37922980710796], [-99.19668335325075, 19.378704966582415], [-99.19672451330695, 19.37868182664695], [-99.19677141598076, 19.378672881866976], [-99.1968432625529, 19.378670831245476], [-99.19701904429917, 19.378602869505063], [-99.19713981613158, 19.37855302381316], [-99.19714548657852, 19.378550819486883], [-99.19734990442709, 19.378476172033423], [-99.19749333607774, 19.378419616076883], [-99.19750393605258, 19.37841589589132], [-99.19764396187513, 19.378372646343525], [-99.19766504516663, 19.378367779076548], [-99.19793267548708, 19.378326112174456], [-99.19822514742347, 19.37825139110637], [-99.19822836654299, 19.378250606678424], [-99.1984359410465, 19.378202460920313], [-99.19865775139812, 19.378042106568188], [-99.1999387225952, 19.377031834211476], [-99.19994737861323, 19.37702552205308], [-99.20067252809902, 19.37653738237066], [-99.20067651048015, 19.37653479641719], [-99.20070846176068, 19.37651479235367], [-99.20101425511388, 19.376312832581334], [-99.20121175909777, 19.376159254407284], [-99.20122531670823, 19.376149917179486], [-99.20164627629462, 19.375894357384425], [-99.20164683842364, 19.375894017871893], [-99.20214048627254, 19.375597398096172], [-99.20218151965817, 19.37558059491601], [-99.20222601611097, 19.37557664774492], [-99.2022696200183, 19.37558594295854], [-99.20230806313532, 19.37560757067857], [-99.20233758238695, 19.375639413837277], [-99.20235528822195, 19.375678355409224], [-99.20235944746277, 19.375720583525624], [-99.20234965296378, 19.37576196460519], [-99.20232686346937, 19.375798447977566], [-99.20229330976895, 19.375826462391878], [-99.20179994299677, 19.37612291344418]]]]}}, {"type": "Feature", "properties": {"CVEGEO": "090100001", "CVE_ENT": "09", "CVE_MUN": "010", "CVE_LOC": "0001", "CVEVIAL": "05986", "CVESEG": "00003", "NOMVIAL": "Superv\u00eda Poniente (Avenida de los Poetas)", "TIPOVIAL": "Autopista", "SENTIDO": "Dos sentidos", "TIPOSEN": 2, "AMBITO": "Urbana", "MINUTES": 2.24815627498, "LENGTH": 1.0914626370145382, "VELOCIDAD": 3.0, "T_VIAL2024": "V\u00edas de acceso controlado - Viaductos", "NOMENCLATU": "Av. de los Poetas", "NOTA2024": null, "NombreMate": "Av. de los Poetas", "ID": 8, "TIPO_VIA": "V\u00edas de acceso controlado - Viaductos", "NOMBRE": "Av. de los Poetas"}, "geometry": {"type": "MultiPolygon", "coordinates": [[[[-99.25863147612392, 19.34858098062878], [-99.25863072163442, 19.348580093881377], [-99.25823032562833, 19.3481054401029], [-99.2579325560531, 19.347798601276015], [-99.25793218833945, 19.347798220910942], [-99.2578971724013, 19.34776186148028], [-99.25733378176989, 19.347180832511278], [-99.25725165244314, 19.347112011666017], [-99.25717363807145, 19.347069199415294], [-99.25702417972153, 19.34700120860032], [-99.2568955244048, 19.34696069714632], [-99.2563279650079, 19.3468663876615], [-99.25600952528042, 19.346837420532456], [-99.25600318196689, 19.346836707288883], [-99.25597713496249, 19.34683321626319], [-99.25527778466565, 19.34674891937271], [-99.25459368592702, 19.346673531221263], [-99.25421980841564, 19.346633084094016], [-99.25397093706346, 19.34664703942636], [-99.25391480192663, 19.346650187100668], [-99.2539065013762, 19.346650422970125], [-99.25350307734664, 19.34665074823494], [-99.25332746405591, 19.34665250555108], [-99.2531523580075, 19.346664787822256], [-99.25292515384099, 19.34668542195618], [-99.25292124492941, 19.346685725601674], [-99.25266632292309, 19.34670218654501], [-99.2526511668181, 19.34670239991546], [-99.25233417322578, 19.34669088140471], [-99.25231749458887, 19.346689341488133], [-99.25195085716108, 19.346634725471635], [-99.25194046526053, 19.346632800331964], [-99.25130079936628, 19.346490747663477], [-99.25130028063286, 19.346490631496184], [-99.25105086937936, 19.346434310580424], [-99.2510329821625, 19.346429074479786], [-99.25093268941649, 19.34639272759101], [-99.25091138321042, 19.34638301913389], [-99.25082946138798, 19.34633741642586], [-99.25078380963939, 19.346296985133343], [-99.25071290962153, 19.346198540531578], [-99.25069537516224, 19.346165055095344], [-99.25066111716112, 19.34606787892248], [-99.25065374130587, 19.346026048558343], [-99.25066034459724, 19.345984102048636], [-99.2506802806491, 19.345946145408686], [-99.25071159797547, 19.345915894095093], [-99.25075123101794, 19.345896309312376], [-99.25079530022401, 19.345889308151506], [-99.25083949180251, 19.345895575933213], [-99.25087947998374, 19.34591449912464], [-99.25091135045224, 19.345944225395765], [-99.25093198350483, 19.34598184493686], [-99.25095993068776, 19.346061119497055], [-99.25100155233396, 19.34611891100119], [-99.25104564876357, 19.346143457762903], [-99.25112610122363, 19.346172614369454], [-99.25136612810489, 19.346226816143627], [-99.2520003752157, 19.346367665458686], [-99.25235348686556, 19.346420266621607], [-99.25265450894545, 19.34643120478507], [-99.25289990181835, 19.346415359161842], [-99.25312669074584, 19.346394762740676], [-99.25312976834, 19.34639451508568], [-99.25331091800737, 19.346381808905225], [-99.25331993743157, 19.346381447819777], [-99.25350075836621, 19.346379638397348], [-99.25350214281869, 19.34637963091294], [-99.25390210454516, 19.346379308452462], [-99.25395409286287, 19.346376393303704], [-99.25421529015357, 19.34636174679642], [-99.25423988505516, 19.346362382842926], [-99.25462617951906, 19.346404173292097], [-99.25462647763628, 19.346404205844145], [-99.25531148568511, 19.346479694214572], [-99.25531300745342, 19.346479869773408], [-99.25601410628124, 19.34656437743799], [-99.25601608297816, 19.346564629021508], [-99.25603995411636, 19.34656782842112], [-99.25636074370105, 19.346597009305537], [-99.25637174667942, 19.34659842174516], [-99.25695513688616, 19.34669536178469], [-99.25697547782951, 19.346700226219202], [-99.257122707226, 19.346746586343926], [-99.257139463482, 19.346753005797694], [-99.25730206398713, 19.346826975155732], [-99.25731182203882, 19.346831862834225], [-99.2574069611758, 19.346884072684293], [-99.25742999685241, 19.34689980551706], [-99.25752836750655, 19.34698223582488], [-99.25753893298383, 19.346992058800936], [-99.25810750265904, 19.347578428235916], [-99.25810783102519, 19.347578768038204], [-99.25814282737318, 19.347615107080426], [-99.25844376243084, 19.347925207397545], [-99.25845020227509, 19.347932322364564], [-99.25885331339262, 19.348410194069046], [-99.25933830883147, 19.348975325743822], [-99.25936076226046, 19.34901199421769], [-99.2593701788677, 19.34905345387622], [-99.2593656368807, 19.349095646361274], [-99.25934758089062, 19.349134441577586], [-99.2593177783365, 19.3491660419756], [-99.25927914649871, 19.349187354283384], [-99.25923546693573, 19.349196292299528], [-99.25919101531689, 19.349191981106618], [-99.25915014288654, 19.349174842715133], [-99.25911685052998, 19.34914655475372], [-99.25863147612392, 19.34858098062878]]], [[[-99.25418789880428, 19.345570759655914], [-99.25430903420471, 19.345638109525], [-99.25435104157908, 19.345655428237244], [-99.2543870972209, 19.345660004482752], [-99.25445169356264, 19.345655402483604], [-99.25457971709952, 19.3455951387006], [-99.25462235977051, 19.345582471513218], [-99.25466703923274, 19.345582932178647], [-99.25470938195951, 19.345596475603738], [-99.25474524315803, 19.345621776066505], [-99.2547711124874, 19.345656356985963], [-99.25478445767416, 19.345696833345368], [-99.25478397239, 19.345739243039496], [-99.25476970412757, 19.34577943471201], [-99.25474304955549, 19.34581347411914], [-99.25470661780587, 19.345838029241982], [-99.25455362524876, 19.34591004656012], [-99.25450086391204, 19.34592378001597], [-99.25439362180009, 19.345931420208338], [-99.2543640050003, 19.34593060456558], [-99.25429346625212, 19.345921651663883], [-99.25425549878719, 19.345911625585945], [-99.25418736693216, 19.345883536324397], [-99.2541720807657, 19.345876169318995], [-99.25404353509832, 19.345804699402095], [-99.25390996800012, 19.34573043680345], [-99.25387542070354, 19.345703539510204], [-99.25385132085441, 19.345667825304528], [-99.25384002750968, 19.34562679014614], [-99.25384264613166, 19.345584450844715], [-99.25385892038108, 19.34554495186562], [-99.25388725721332, 19.345512159640943], [-99.25392488281967, 19.34548928409741], [-99.25396811414784, 19.345478564448186], [-99.2540127194232, 19.34548105000474], [-99.25405433238087, 19.345496497463937], [-99.25418789880428, 19.345570759655914]]]]}}, {"type": "Feature", "properties": {"CVEGEO": "090100001", "CVE_ENT": "09", "CVE_MUN": "010", "CVE_LOC": "0001", "CVEVIAL": "00141", "CVESEG": "00004", "NOMVIAL": "San Antonio", "TIPOVIAL": "Prolongaci\u00f3n", "SENTIDO": "Dos sentidos", "TIPOSEN": 2, "AMBITO": "Urbana", "MINUTES": 1.95786286676, "LENGTH": 0.9681647946351812, "VELOCIDAD": 3.0, "T_VIAL2024": "V\u00edas primarias - Ejes viales", "NOMENCLATU": "San Antonio", "NOTA2024": null, "NombreMate": "San Antonio", "ID": 29, "TIPO_VIA": "V\u00edas primarias - Ejes viales", "NOMBRE": "San Antonio"}, "geometry": {"type": "MultiPolygon", "coordinates": [[[[-99.19946966231144, 19.382609106663864], [-99.198843446363, 19.38278785601217], [-99.19720891914972, 19.383316464625494], [-99.19698253670012, 19.383398884538696], [-99.19697759985758, 19.383400583792696], [-99.19557579947401, 19.383855583889517], [-99.19552366214168, 19.383872494886184], [-99.19456595583866, 19.384354006393977], [-99.19454859500172, 19.384361375317976], [-99.19317416376222, 19.38484335474707], [-99.19315309267714, 19.384849044252462], [-99.19270472313032, 19.384935495253405], [-99.1926996423987, 19.384936384402145], [-99.19179985006772, 19.385077933731313], [-99.19177481546014, 19.38508204962413], [-99.19175118465849, 19.3850840374801], [-99.19167718349021, 19.385084408365827], [-99.19166191848979, 19.385083709061142], [-99.19134188114911, 19.385052698052583], [-99.19121353673665, 19.385051973179685], [-99.19118913342187, 19.385060819612253], [-99.19118896815661, 19.385060879411228], [-99.19104685978228, 19.3851122037074], [-99.19102817868729, 19.38511759559879], [-99.19086734996588, 19.38515282583037], [-99.19082276568076, 19.38515578298847], [-99.19077940055364, 19.385145521215208], [-99.1907414994745, 19.385123045006655], [-99.19071277246971, 19.385090554495008], [-99.19069603153689, 19.385051230082695], [-99.19069291538781, 19.38500892112062], [-99.1907037290426, 19.384967769105515], [-99.19072741397613, 19.38493180228116], [-99.19076165173753, 19.38490454132661], [-99.19080309089782, 19.384888654729256], [-99.1909543842228, 19.38485551327623], [-99.19108726384304, 19.384807522072343], [-99.19113658508654, 19.384789642654667], [-99.19118825301763, 19.384780719103905], [-99.19119900376838, 19.38478076851484], [-99.19119916216692, 19.384780769326184], [-99.1913504293925, 19.38478162367021], [-99.19136409012636, 19.384782322490015], [-99.19168332691045, 19.38481325594403], [-99.19173777307704, 19.384812983067228], [-99.19175159118782, 19.384810711257334], [-99.1917526151231, 19.384810546549915], [-99.1926503694778, 19.384669317844672], [-99.1930854403685, 19.384585431003533], [-99.19444062535985, 19.38411020086477], [-99.19539989350082, 19.38362790422798], [-99.19542056937807, 19.383619416479572], [-99.19548335565374, 19.38359905145669], [-99.19688265502641, 19.383144863248212], [-99.19710911228346, 19.383062416115557], [-99.19711420131883, 19.383060667544985], [-99.19875374064506, 19.382530438114113], [-99.19875867411048, 19.382528936792195], [-99.19938737027573, 19.382349479517153], [-99.1995284237437, 19.382309216396635], [-99.19957270873681, 19.38230350377319], [-99.19961668647069, 19.382311057385436], [-99.19965605210814, 19.382331137834786], [-99.19968695227206, 19.38236177951092], [-99.19970636223877, 19.38239998299793], [-99.1997123820191, 19.382442008676158], [-99.19970442234504, 19.3824837427808], [-99.19968326235521, 19.3825211000853], [-99.199650973331, 19.382550423792424], [-99.19961071594746, 19.382568843488585], [-99.19946966231144, 19.382609106663864]]]]}}, {"type": "Feature", "properties": {"CVEGEO": "090100001", "CVE_ENT": "09", "CVE_MUN": "010", "CVE_LOC": "0001", "CVEVIAL": "00736", "CVESEG": "00003", "NOMVIAL": "Camino al Desierto de los Leones", "TIPOVIAL": "Avenida", "SENTIDO": "Dos sentidos", "TIPOSEN": 2, "AMBITO": "Urbana", "MINUTES": 2.1759940192, "LENGTH": 0.6402109599469782, "VELOCIDAD": 3.0, "T_VIAL2024": "V\u00edas primarias  - Avenidas primarias", "NOMENCLATU": "Av Altavista", "NOTA2024": null, "NombreMate": "Av Altavista", "ID": 5, "TIPO_VIA": "V\u00edas primarias  - Avenidas primarias", "NOMBRE": "Av Altavista"}, "geometry": {"type": "MultiPolygon", "coordinates": [[[[-99.19134899659807, 19.348331481750904], [-99.19100201733413, 19.34844767073349], [-99.1908673432757, 19.348521593044303], [-99.19077688819871, 19.348595644607688], [-99.19073376763667, 19.348801976770368], [-99.19071917819379, 19.34884030466657], [-99.19069324660887, 19.348872784800225], [-99.19065831648926, 19.348896481721344], [-99.18962354645515, 19.349394972069096], [-99.18960736880794, 19.349401607989293], [-99.18681640083742, 19.35035712089833], [-99.18676664931297, 19.350408369643134], [-99.18674984780517, 19.35042310981829], [-99.18660405789278, 19.350531819070156], [-99.18656503459421, 19.350552479793812], [-99.18652119480488, 19.350560683393272], [-99.18647682987839, 19.350555626841132], [-99.18643628257291, 19.350537805109024], [-99.18640352194798, 19.350508962715868], [-99.1863817548427, 19.35047192296087], [-99.18637311196764, 19.35043031155749], [-99.18637843933806, 19.35038820172171], [-99.18639721546376, 19.350349715456588], [-99.18642760239996, 19.3503186200623], [-99.18656436754007, 19.350216640283364], [-99.18663003075451, 19.350149001072918], [-99.18665605159882, 19.350127933390606], [-99.18668660341919, 19.35011334185747], [-99.18950214692683, 19.349149415903206], [-99.19046710661688, 19.34868455640227], [-99.19050628203799, 19.3484971031699], [-99.19052296313203, 19.34845524695096], [-99.19055309293569, 19.348420826673657], [-99.19069095291925, 19.348307966944343], [-99.19071273458003, 19.348293269429142], [-99.19087050481667, 19.348206669715953], [-99.19089448635702, 19.34819618258002], [-99.1912748259215, 19.348068822630605], [-99.19131778882812, 19.348061169452283], [-99.1919185283761, 19.348042988953228], [-99.19196286154194, 19.348048285321287], [-99.19200330060708, 19.3480663259998], [-99.19203588712077, 19.34809534504508], [-99.19205743128876, 19.34813250187563], [-99.1920658242123, 19.348174159326096], [-99.19206024432401, 19.348216239676848], [-99.19204123781215, 19.348254623808863], [-99.19201066515986, 19.348285554412186], [-99.19197151903059, 19.34830600377907], [-99.19192763132568, 19.34831397017885], [-99.19134899659807, 19.348331481750904]]]]}}, {"type": "Feature", "properties": {"CVEGEO": "090040001", "CVE_ENT": "09", "CVE_MUN": "004", "CVE_LOC": "0001", "CVEVIAL": "00114", "CVESEG": "00019", "NOMVIAL": "Federal M\u00e9xico-Toluca (Prolongaci\u00f3n Paseo de la Reforma)", "TIPOVIAL": "Carretera", "SENTIDO": "Dos sentidos", "TIPOSEN": 2, "AMBITO": "Urbana", "MINUTES": 2.58780192188, "LENGTH": 0.2282489034654925, "VELOCIDAD": 3.0, "T_VIAL2024": "V\u00edas de acceso controlado - radiales", "NOMENCLATU": "Carretera Federal 15 M\u00e9xico - Toluca", "NOTA2024": null, "NombreMate": "Carretera Federal 15 M\u00e9xico - Toluca", "ID": 7, "TIPO_VIA": "V\u00edas de acceso controlado - radiales", "NOMBRE": "Carretera Federal 15 M\u00e9xico - Toluca"}, "geometry": {"type": "MultiPolygon", "coordinates": [[[[-99.26948787929628, 19.371026858826973], [-99.26948259821104, 19.37100505767678], [-99.2693786003861, 19.370321337774552], [-99.26937713963416, 19.370303061715504], [-99.26937570921935, 19.370134521908014], [-99.2693776963543, 19.37011087084427], [-99.26950429634458, 19.3693989515909], [-99.26951853502031, 19.36935874996309], [-99.26954516659261, 19.369324691791533], [-99.26958158417449, 19.369300110922747], [-99.26962422296259, 19.36928741349885], [-99.26966890918366, 19.369287842429287], [-99.26971126864943, 19.369301355727334], [-99.26974715492857, 19.36932663062005], [-99.26977305522519, 19.36936119302941], [-99.26978643423453, 19.369401659750594], [-99.26978598231747, 19.36944406962183], [-99.2696614717031, 19.370144246356148], [-99.2696627233532, 19.370291692791355], [-99.26976364988882, 19.37095521341178], [-99.26991410953396, 19.37140318132848], [-99.26992085392513, 19.37144510758288], [-99.26991361670525, 19.3714869597582], [-99.26989310629398, 19.3715246410705], [-99.26986133038714, 19.371554463006525], [-99.2698213994319, 19.371573506382543], [-99.26977722215446, 19.371579907096294], [-99.26973312294436, 19.371573038599756], [-99.26969341854944, 19.371553573230642], [-99.26966199551859, 19.371523416398773], [-99.26964192975704, 19.37148552006981], [-99.26948787929628, 19.371026858826973]]]]}}, {"type": "Feature", "properties": {"CVEGEO": "090100001", "CVE_ENT": "09", "CVE_MUN": "010", "CVE_LOC": "0001", "CVEVIAL": "00331", "CVESEG": "00011", "NOMVIAL": "R\u00f3mulo Ofarril", "TIPOVIAL": "Calle", "SENTIDO": "Dos sentidos", "TIPOSEN": 2, "AMBITO": "Urbana", "MINUTES": 9.02638032502, "LENGTH": 2.110670688627766, "VELOCIDAD": 3.0, "T_VIAL2024": "V\u00edas primarias  - Avenidas primarias", "NOMENCLATU": "R\u00f3mulo O' Farril", "NOTA2024": null, "NombreMate": "R\u00f3mulo O' Farril", "ID": 26, "TIPO_VIA": "V\u00edas primarias  - Avenidas primarias", "NOMBRE": "R\u00f3mulo O' Farril"}, "geometry": {"type": "MultiPolygon", "coordinates": [[[[-99.21557749509387, 19.355174831781966], [-99.21541365730086, 19.355129765363017], [-99.21541298260752, 19.355129578067064], [-99.21529445371768, 19.355096373451563], [-99.2139516894352, 19.3547248522492], [-99.21391689086738, 19.354710208853056], [-99.21377018088796, 19.354624648572646], [-99.21374930379567, 19.354609821688502], [-99.21358038378177, 19.354465241390585], [-99.21355004296785, 19.354428419345933], [-99.21309022476869, 19.35361103964105], [-99.21299305803174, 19.353514401063297], [-99.21283929863905, 19.353430659083312], [-99.20725995038985, 19.351831118656513], [-99.20711365672803, 19.35178912156353], [-99.20697685463274, 19.3517506208584], [-99.20587291428953, 19.35143993328032], [-99.2056491507997, 19.351450631560187], [-99.20536544705523, 19.351530584208042], [-99.20536510591116, 19.351530679909416], [-99.2052049764435, 19.351575395307464], [-99.20417646838791, 19.35223080304642], [-99.20376155563142, 19.35284116546131], [-99.20321151528569, 19.35416517626438], [-99.2032033810795, 19.354181483001323], [-99.20286485234904, 19.354757553513778], [-99.20285940294052, 19.354766074349474], [-99.20259788252787, 19.3551430152835], [-99.20258775462187, 19.355155882886308], [-99.2024520441681, 19.355308533020633], [-99.20243069441969, 19.355328025923132], [-99.20221005543277, 19.355491264991056], [-99.20218645972457, 19.35550543724122], [-99.20188549831312, 19.355649207715075], [-99.20186011333764, 19.35565857478964], [-99.20147619288339, 19.3557615048808], [-99.20146675043817, 19.35576370992832], [-99.20052780787871, 19.355951048307745], [-99.19988791084427, 19.356109600664713], [-99.19945866592818, 19.356234016998854], [-99.1992251685205, 19.356303552099607], [-99.19912232320458, 19.35633460173412], [-99.19907814571916, 19.35634097686449], [-99.19903405483782, 19.35633408275018], [-99.19899436649307, 19.356314594236597], [-99.19896296566269, 19.356284418999113], [-99.19894292607869, 19.356246510805043], [-99.19893620934907, 19.35620458037648], [-99.19894347294426, 19.356162732157443], [-99.19896400584312, 19.356125062541704], [-99.1989957981364, 19.356095258889845], [-99.1990357377729, 19.35607623858613], [-99.19913885082562, 19.3560451081258], [-99.19913938692295, 19.356044947376688], [-99.19937367309124, 19.355975177396743], [-99.19937471607406, 19.355974870948934], [-99.19980728537969, 19.355849491061228], [-99.19981292391772, 19.355847976036458], [-99.20045898436221, 19.35568789654429], [-99.20046567976617, 19.355686400041527], [-99.20140322678995, 19.355499340145112], [-99.20176929991695, 19.355401194994876], [-99.20204551000204, 19.35526924837974], [-99.20224333875953, 19.3551228855061], [-99.20236397889377, 19.35498718700016], [-99.20261794810304, 19.354621130710566], [-99.20294927784556, 19.354057312109152], [-99.20350101404287, 19.35272922419845], [-99.20351387042035, 19.35270545523401], [-99.20395241180324, 19.352060334975214], [-99.20399281214573, 19.35202128257147], [-99.20506399178774, 19.35133868319762], [-99.20510329072295, 19.351321182117374], [-99.20528431632435, 19.351270631593316], [-99.20558423939255, 19.351186108056172], [-99.20561770541529, 19.35118067259409], [-99.20588292519595, 19.351167992260006], [-99.20593071066884, 19.35117341353965], [-99.20705805409524, 19.351490687635465], [-99.2071952299873, 19.351529293537318], [-99.20719597621705, 19.35152950565422], [-99.20734257006367, 19.35157158892895], [-99.21293751390978, 19.353175600068848], [-99.21296730131965, 19.353187791861313], [-99.21315317140656, 19.35328902224408], [-99.21318541153857, 19.35331301022501], [-99.21331034080083, 19.353437260272866], [-99.21333300651416, 19.353467000667997], [-99.21379024258411, 19.354279788364323], [-99.21393087423874, 19.354400156254357], [-99.21405006753884, 19.35446966896115], [-99.2153746235164, 19.354836152122697], [-99.2153750835687, 19.354836280205312], [-99.2154935050959, 19.354869454742847], [-99.21565702211112, 19.354914432924126], [-99.21573632887375, 19.354936267840994], [-99.21577676879484, 19.35495431007293], [-99.21580935536589, 19.354983330339895], [-99.21583089878703, 19.355020487940777], [-99.21583929023267, 19.35506214563484], [-99.21583370828004, 19.355104225678623], [-99.21581469931951, 19.355142608983147], [-99.21578412407386, 19.35517353831947], [-99.21574497546044, 19.35519398610386], [-99.21570108562369, 19.35520195076058], [-99.2156567508163, 19.35519665265165], [-99.21557749509387, 19.355174831781966]]]]}}, {"type": "Feature", "properties": {"CVEGEO": "090100001", "CVE_ENT": "09", "CVE_MUN": "010", "CVE_LOC": "0001", "CVEVIAL": "00088", "CVESEG": "00001", "NOMVIAL": "Avenida de las Torres", "TIPOVIAL": "Avenida", "SENTIDO": "Dos sentidos", "TIPOSEN": 2, "AMBITO": "Urbana", "MINUTES": 0.67699438246, "LENGTH": 1.9779142109668495, "VELOCIDAD": 3.0, "T_VIAL2024": null, "NOMENCLATU": null, "NOTA2024": null, "NombreMate": "Av. de las Torres", "ID": 31, "TIPO_VIA": "Sin clasificacion", "NOMBRE": "Avenida de las Torres"}, "geometry": {"type": "MultiPolygon", "coordinates": [[[[-99.21929300398435, 19.397241332973206], [-99.21883181731064, 19.397213331712848], [-99.21880021789407, 19.397207984454603], [-99.21798306644311, 19.396977391420254], [-99.21790750531565, 19.396956198447196], [-99.21790049350206, 19.396954043685643], [-99.21766221358622, 19.39687431828911], [-99.21682344984235, 19.396593669618056], [-99.21591390384602, 19.396362194809942], [-99.21578092354576, 19.396328351566055], [-99.21525684820722, 19.39619478214213], [-99.21500935381756, 19.396131760276024], [-99.21479417235318, 19.396101271918504], [-99.21465606158752, 19.39610976299533], [-99.21450770856781, 19.396138230268505], [-99.21438485179065, 19.396187792375027], [-99.21424683744847, 19.39626787232306], [-99.21283852918137, 19.397493445559512], [-99.21282380722053, 19.39750465194602], [-99.21271345723122, 19.39757783225223], [-99.21268829558765, 19.397591154688644], [-99.21256710550955, 19.397640854270755], [-99.21253962478723, 19.397649117397727], [-99.21250221363407, 19.397656528297215], [-99.21249942841963, 19.397657052674916], [-99.21230787807218, 19.39769124225682], [-99.2122756021004, 19.39769346425722], [-99.21205408325409, 19.39768482447812], [-99.21203723055875, 19.39768321356976], [-99.21189680353466, 19.397661748795173], [-99.2118800049568, 19.397658184339196], [-99.2117336498444, 19.39761820803837], [-99.21173325037361, 19.39761809832669], [-99.21127251166494, 19.39749086924204], [-99.21127193491067, 19.397490708725844], [-99.21069638455067, 19.397329278034277], [-99.21069600398002, 19.397329170745046], [-99.21060442246632, 19.397303220893082], [-99.20995363266925, 19.397122467876912], [-99.20970272919959, 19.39705572735345], [-99.2097013573418, 19.39705535541596], [-99.20948586236469, 19.396995824313354], [-99.20939828031568, 19.396971628359264], [-99.20932043790248, 19.396950897592983], [-99.20932022127002, 19.39695083972529], [-99.20817649934881, 19.396644397369784], [-99.20817376603844, 19.396643637014222], [-99.20811199672472, 19.39662581751371], [-99.20788645547607, 19.396560753680333], [-99.20771231580981, 19.39651053032798], [-99.20767209473541, 19.3964919896537], [-99.20741994512638, 19.396324987789846], [-99.20710234475581, 19.39623985361588], [-99.2059568323269, 19.395932816210557], [-99.20585687632062, 19.39592915280432], [-99.20574150155386, 19.395939817250284], [-99.20516370015905, 19.39611442705019], [-99.20516293649975, 19.3961146555894], [-99.20485444691725, 19.39620607531331], [-99.2045264809344, 19.396303051105928], [-99.20452621360111, 19.396303129880437], [-99.20417819304079, 19.396405325293696], [-99.20410177703727, 19.39643509689411], [-99.20385412724133, 19.396531555226186], [-99.20384586211455, 19.396534494750632], [-99.20376783507524, 19.396559665381865], [-99.20349249882263, 19.39664892148596], [-99.20326683207128, 19.396723260961224], [-99.20324933574143, 19.396727865647616], [-99.20313223530921, 19.39675119654393], [-99.20311850325912, 19.396753276276222], [-99.20277416310894, 19.396789225575343], [-99.20276528479087, 19.39678988747884], [-99.20241643837689, 19.39680553357741], [-99.2022615197247, 19.396814969103303], [-99.20189308798295, 19.396837624978733], [-99.20184858229705, 19.39683371307387], [-99.2018075288292, 19.39681694243096], [-99.20177394618612, 19.3967889546808], [-99.20175112167232, 19.396752489464177], [-99.20174128950532, 19.396711116254856], [-99.20174541211685, 19.39666888495299], [-99.20176308594671, 19.39662992945184], [-99.2017925809501, 19.39659806298385], [-99.20183100994913, 19.39657640485613], [-99.20187461125053, 19.39656707511284], [-99.20224308636566, 19.396544416575203], [-99.20239933917037, 19.396534899766795], [-99.20240174525581, 19.396534772546012], [-99.20274734467463, 19.39651927208848], [-99.20308033657771, 19.396484507559563], [-99.20318172156144, 19.39646430778624], [-99.20339912822998, 19.39639268936802], [-99.20339979655381, 19.396392470963807], [-99.20367556796079, 19.39630307381359], [-99.20367577018622, 19.396303008417938], [-99.20374971782678, 19.396279153760027], [-99.20399326421558, 19.396184293706913], [-99.20407559053619, 19.396152219459687], [-99.20408761702622, 19.396148120215212], [-99.20444161333461, 19.396044170063313], [-99.20476931640563, 19.395947272056148], [-99.20507738045663, 19.395855978453607], [-99.20566922854323, 19.395677123790772], [-99.20569872925623, 19.395671370245335], [-99.20583883831907, 19.39565841953609], [-99.20585820235783, 19.39565788192981], [-99.20598483314168, 19.395662522971122], [-99.20601815350165, 19.39566752659908], [-99.20718001265493, 19.395978945546954], [-99.20750923595328, 19.396067195290446], [-99.20752073801494, 19.39607027437969], [-99.20756371466555, 19.396089581239774], [-99.20781706245418, 19.396257376624117], [-99.20796954800373, 19.396301354732543], [-99.20819510353279, 19.396366422681137], [-99.2082555114895, 19.39638384945019], [-99.20939775278299, 19.396689895078293], [-99.20947615335878, 19.39671077449187], [-99.20947748474846, 19.39671113567756], [-99.20956572890633, 19.396735514548933], [-99.20978053787573, 19.3967948561376], [-99.2100315408739, 19.396861623132132], [-99.21003311191157, 19.396862050239864], [-99.21068505776131, 19.397043124334765], [-99.21068580270804, 19.397043333325936], [-99.21077756605555, 19.397069334699697], [-99.2113526370143, 19.397230630920287], [-99.21181288684211, 19.397357724998507], [-99.21195075600498, 19.397395383398848], [-99.21207429424324, 19.397414266663578], [-99.21227106455243, 19.397421941196466], [-99.21244521475795, 19.39739085734031], [-99.21246705409833, 19.397386531114254], [-99.21256165286707, 19.39734773653681], [-99.21265238164554, 19.397287568378903], [-99.21406393143138, 19.396059175312534], [-99.21408596455025, 19.3960434293782], [-99.21424476377202, 19.395951289488075], [-99.21426339661717, 19.395942187823866], [-99.21440927657943, 19.395883337864266], [-99.21443685380332, 19.39587522136193], [-99.21460888377014, 19.39584221075579], [-99.21462796325692, 19.39583980484338], [-99.21479093382263, 19.395829785381032], [-99.21482126774792, 19.395830988114835], [-99.21505960729297, 19.395864757673436], [-99.21507553656832, 19.395867903590215], [-99.21533091625079, 19.395932933368844], [-99.2158549629515, 19.396066495496743], [-99.21598791819646, 19.396100332363382], [-99.21690277615266, 19.396333159017843], [-99.2169132774694, 19.396336247123706], [-99.21775722683307, 19.396618630875363], [-99.2179920292369, 19.396697192734855], [-99.21806416916432, 19.39671742614651], [-99.21806439732738, 19.396717490336513], [-99.21886618050752, 19.39694374660729], [-99.21933067179343, 19.396971948471784], [-99.21936847860681, 19.396979194669782], [-99.21956012924063, 19.397042443931646], [-99.21959952846727, 19.39706247111166], [-99.21963047732531, 19.39709307091776], [-99.21964994632457, 19.39713124803258], [-99.21965602969742, 19.397173265417965], [-99.21964813195093, 19.397215010120902], [-99.21962702616182, 19.397252395877416], [-99.21959477830592, 19.3972817631052], [-99.21955454502836, 19.397300237130562], [-99.21951026464903, 19.397306009583318], [-99.21946627164996, 19.397298515414167], [-99.21929300398435, 19.397241332973206]]]]}}, {"type": "Feature", "properties": {"CVEGEO": "090100001", "CVE_ENT": "09", "CVE_MUN": "010", "CVE_LOC": "0001", "CVEVIAL": "00080", "CVESEG": "00005", "NOMVIAL": "Sur 122", "TIPOVIAL": "Avenida", "SENTIDO": "Dos sentidos", "TIPOSEN": 2, "AMBITO": "Urbana", "MINUTES": 3.4568482012, "LENGTH": 1.4382520416184168, "VELOCIDAD": 3.0, "T_VIAL2024": "V\u00edas primarias - Ejes viales", "NOMENCLATU": "La Curva", "NOTA2024": null, "NombreMate": "Sur 122", "ID": 3, "TIPO_VIA": "V\u00edas primarias - Ejes viales", "NOMBRE": "La Curva"}, "geometry": {"type": "MultiPolygon", "coordinates": [[[[-99.20010069056983, 19.40169369999899], [-99.19973000453643, 19.401211429128985], [-99.19970549989226, 19.401158876217227], [-99.19957301907783, 19.40054806103647], [-99.19943050909579, 19.40009641738606], [-99.19939442198152, 19.400003431056778], [-99.19938580022057, 19.399963375251335], [-99.19939015612232, 19.399922702006695], [-99.19940709348802, 19.39988511074357], [-99.19942350834498, 19.39986001044745], [-99.19920681659377, 19.39925092056106], [-99.19917770163738, 19.399169248382155], [-99.1990903455168, 19.398923542117696], [-99.1990762765177, 19.398887502066923], [-99.1990724736096, 19.398876286242285], [-99.1988489420004, 19.398103291735403], [-99.19884742883399, 19.398097574705986], [-99.19883331228262, 19.398038864696705], [-99.19883324958464, 19.39803860274248], [-99.19853356749057, 19.396780741281088], [-99.19853143589911, 19.39676967873272], [-99.19849980564925, 19.396555688523296], [-99.19849878634533, 19.39654655007063], [-99.19849042617764, 19.396435860633623], [-99.19849060631836, 19.396414333792553], [-99.19850083634807, 19.396303583940277], [-99.19850558276728, 19.39627886583665], [-99.19855985383364, 19.396094965510084], [-99.1985668414908, 19.396076535047012], [-99.19884158904719, 19.39548903600303], [-99.1994365337787, 19.394215127747053], [-99.19950329066907, 19.394072231995512], [-99.19950729727526, 19.394064352330034], [-99.19955555937604, 19.393976775603203], [-99.19965758477045, 19.393784248155022], [-99.19972609507559, 19.3936103105322], [-99.19973488790347, 19.393592182431505], [-99.19992686353802, 19.393262672148538], [-99.19993842061184, 19.3932458973737], [-99.20007778493655, 19.393073017630734], [-99.20009885141619, 19.393051994060873], [-99.20033404945752, 19.39286271696501], [-99.20033650917978, 19.392860781940374], [-99.2007686716057, 19.39252847264316], [-99.20125664615311, 19.392129305303197], [-99.20125756652925, 19.39212855885246], [-99.20168804398442, 19.391782413103698], [-99.2017851365153, 19.39166367389256], [-99.20188478792483, 19.391476258931764], [-99.20191223856663, 19.391408729926724], [-99.20194408066278, 19.391274002419337], [-99.2019673779413, 19.391164742590146], [-99.2019759206788, 19.39096600232166], [-99.20195360915376, 19.390770818553474], [-99.20195339881313, 19.390768843713957], [-99.20194952342212, 19.390729588027458], [-99.20194237709221, 19.39065840915857], [-99.20194235141541, 19.390658150793328], [-99.20193030454396, 19.390535678585024], [-99.20193316340969, 19.390493353311076], [-99.20194966542006, 19.39045393790703], [-99.20197819523568, 19.39042129062402], [-99.20201596015741, 19.39039860720083], [-99.20205926349594, 19.390388108044547], [-99.20210386642783, 19.390390820883344], [-99.20214540291768, 19.39040648016619], [-99.20217980709204, 19.390433553056617], [-99.20220371123266, 19.390469389476223], [-99.20221477543133, 19.390510481510976], [-99.20222680980498, 19.39063282450454], [-99.2022339539792, 19.3907039806727], [-99.20223397518401, 19.390704193652866], [-99.20223776360267, 19.39074256768049], [-99.20226111110301, 19.390946811169027], [-99.20226182553989, 19.390966954600607], [-99.20225238570097, 19.391186574158258], [-99.20224966697063, 19.391207933372492], [-99.20222381739397, 19.39132916397753], [-99.20222319224536, 19.39133194539844], [-99.20218871219626, 19.391477835427594], [-99.20218260264693, 19.391496956748572], [-99.20214880232457, 19.39158010640147], [-99.20214305956159, 19.391592384395846], [-99.20203399967869, 19.39179749451866], [-99.20201932354244, 19.391819531595722], [-99.20190463355794, 19.391959791830498], [-99.20188412374135, 19.391980111135705], [-99.20144273594417, 19.3923350302182], [-99.20095357350647, 19.392735169628995], [-99.20095023856592, 19.392737814788525], [-99.20051762854575, 19.39307046855089], [-99.2002953743144, 19.39324932921302], [-99.20017178485071, 19.39340264069296], [-99.19999003432693, 19.39371460123849], [-99.19992250605537, 19.393886046316474], [-99.19991631946584, 19.393899486916894], [-99.19981030727583, 19.394099538261454], [-99.19980927113303, 19.394101455409245], [-99.19976262038345, 19.39418610840825], [-99.19969774347396, 19.394324980455533], [-99.19910278951771, 19.39559891282178], [-99.19883219677315, 19.39617752958866], [-99.19878430179028, 19.396339825153593], [-99.19877622647958, 19.396427249758165], [-99.19878342701315, 19.396522583326615], [-99.19881356085375, 19.396726447401587], [-99.19911190595214, 19.39797868810179], [-99.19912530003621, 19.398034393014804], [-99.19934636635502, 19.398798857885048], [-99.19935900587737, 19.398831235959992], [-99.1993604057709, 19.398834990417697], [-99.19944837740978, 19.399082426948063], [-99.19947748799507, 19.399164086488625], [-99.19971117776467, 19.399820952078656], [-99.1997157764262, 19.399833896225676], [-99.19972319018757, 19.39987291207555], [-99.19971839098639, 19.399912294644917], [-99.19970178929331, 19.399948675514747], [-99.19968664232788, 19.399971837123058], [-99.19970016027489, 19.400006668903696], [-99.19970295869518, 19.400014631628988], [-99.1998485415702, 19.4004760114747], [-99.19985161164487, 19.40048756750052], [-99.19997911444038, 19.401075426569097], [-99.20033393410652, 19.401537054010795], [-99.20033852784958, 19.401543401679703], [-99.20062141874284, 19.401959129607523], [-99.20063949155639, 19.401997920157612], [-99.20064404692344, 19.402040111398193], [-99.20063463892276, 19.402081573357727], [-99.20061218846553, 19.402118247448843], [-99.20057889315366, 19.402146543751822], [-99.20053801216532, 19.402163692422544], [-99.20049354722339, 19.402168014826007], [-99.20044985087635, 19.402159087854162], [-99.20041120043662, 19.40213778534312], [-99.20038137928374, 19.402106192535243], [-99.20010069056983, 19.40169369999899]]]]}}, {"type": "Feature", "properties": {"CVEGEO": "090100001", "CVE_ENT": "09", "CVE_MUN": "010", "CVE_LOC": "0001", "CVEVIAL": "05844", "CVESEG": "00003", "NOMVIAL": "M\u00e9xico-Toluca (Prolongaci\u00f3n Paseo de la Reforma)", "TIPOVIAL": "Autopista", "SENTIDO": "Dos sentidos", "TIPOSEN": 2, "AMBITO": "Urbana", "MINUTES": 5.5009481205, "LENGTH": 3.8470566424533192, "VELOCIDAD": 3.0, "T_VIAL2024": "V\u00edas de acceso controlado - radiales", "NOMENCLATU": "Autopista MEX 015D M\u00e9xico - Toluca", "NOTA2024": "La operaci\u00f3n, conservaci\u00f3n, mantenimiento y explotaci\u00f3n es responsabilidad del Gobierno Federal", "NombreMate": "Prolongaci\u00f3n Paseo de la Reforma", "ID": 21, "TIPO_VIA": "V\u00edas de acceso controlado - radiales", "NOMBRE": "Autopista MEX 015D M\u00e9xico - Toluca"}, "geometry": {"type": "MultiPolygon", "coordinates": [[[[-99.2667099601556, 19.364014575020867], [-99.26665524185162, 19.364195843409917], [-99.26661535373563, 19.36441047878828], [-99.26659582755586, 19.36469297607339], [-99.26660346833965, 19.365010764532304], [-99.26663317519055, 19.36526192779533], [-99.26667171541528, 19.36550187927599], [-99.2667090297627, 19.36560415620914], [-99.26671423802081, 19.365622500776343], [-99.26674532690289, 19.365773420665445], [-99.26674655947025, 19.365780354685658], [-99.26679879582937, 19.36612914721208], [-99.26690435633424, 19.366789673052942], [-99.26690506896978, 19.3667947866327], [-99.26693097907192, 19.367012496436846], [-99.26693185594277, 19.36703027922625], [-99.2669221264079, 19.367517629236612], [-99.26691985183994, 19.367539291285077], [-99.26686364217406, 19.367832941007226], [-99.26686195250119, 19.367840527437284], [-99.26679664300953, 19.36809723729735], [-99.2667943711014, 19.36810511827503], [-99.26671263214405, 19.368358408531787], [-99.26670970658145, 19.368366543534847], [-99.2664921359616, 19.368914093010837], [-99.26649141722827, 19.36891586415151], [-99.26617992245498, 19.369667725831434], [-99.26593737827105, 19.370254775804455], [-99.26593661369387, 19.370256587870283], [-99.26558283291457, 19.371077868218016], [-99.26557858924677, 19.371086786283414], [-99.26520292098058, 19.371805865990442], [-99.26519016186, 19.371825778629564], [-99.26518267354776, 19.371835476233326], [-99.26517987908866, 19.371838974878315], [-99.26491519477686, 19.37215944216648], [-99.26489024246975, 19.37218970658216], [-99.26488510085382, 19.37219559289362], [-99.26460526101661, 19.37249817264384], [-99.26459748678083, 19.372505937130377], [-99.26452894725692, 19.37256918716528], [-99.26452813371147, 19.372569932004435], [-99.26452733758431, 19.372570655146074], [-99.26433881854125, 19.37274459558148], [-99.26433492355146, 19.372748057414412], [-99.26389475382577, 19.373124877114787], [-99.26389291584479, 19.37312642357106], [-99.26357531558348, 19.373389054290726], [-99.26355155087144, 19.373404977008978], [-99.26264123881631, 19.37389131673775], [-99.26196678926357, 19.37432042664769], [-99.26194936654528, 19.37432989907791], [-99.26128136987697, 19.374636049182644], [-99.26095429200805, 19.37485410458205], [-99.26047204017446, 19.37519074337771], [-99.25974843159975, 19.37572560713904], [-99.25974476954165, 19.375728225456665], [-99.25916416910877, 19.376129645388694], [-99.25915667347553, 19.37613448973727], [-99.25854886378562, 19.376501060345856], [-99.25854478188106, 19.376503431972164], [-99.25834325136185, 19.376616161929125], [-99.25834042191816, 19.37661770358373], [-99.25702647125877, 19.377314803938255], [-99.25701618968658, 19.377319752837415], [-99.25644635124587, 19.377567127991274], [-99.25628952589567, 19.377661592284333], [-99.25617580259518, 19.377731555585388], [-99.25575338922302, 19.378030374965768], [-99.25573429141693, 19.37804177579185], [-99.25543090109711, 19.37819256593115], [-99.25541201057534, 19.378200363510373], [-99.25485628190565, 19.378385795400323], [-99.25397251839671, 19.37875083909176], [-99.25377189629971, 19.37886773795493], [-99.25351539699071, 19.379017222941997], [-99.25309934981489, 19.379271698215046], [-99.25222946981664, 19.3798681957664], [-99.25118233532676, 19.38064423680638], [-99.25088880339018, 19.38086178753628], [-99.25088433065031, 19.380864970752498], [-99.24875322984035, 19.38232068099061], [-99.24875284772368, 19.38232094109688], [-99.24706663699487, 19.383464742171025], [-99.24705521422592, 19.383471735924626], [-99.24628627268503, 19.38389476694498], [-99.24627827156834, 19.383898851776646], [-99.24527107240178, 19.3843745024397], [-99.24526773693428, 19.384376026753504], [-99.24502493177651, 19.3844833331625], [-99.2447817042606, 19.384590826964832], [-99.24453283125862, 19.38477150116804], [-99.24429648826431, 19.385039244177182], [-99.2441309120905, 19.385343591289818], [-99.24406293213124, 19.385492250777162], [-99.24397493963359, 19.385685296551642], [-99.2439727678207, 19.385689830786838], [-99.24390529745345, 19.38582408929392], [-99.24388710470095, 19.385860287821945], [-99.24361799016374, 19.386396958177176], [-99.24337738107401, 19.386876492699862], [-99.2433271019697, 19.386976724383583], [-99.24330181592119, 19.387011695879444], [-99.24326637935542, 19.387037540781215], [-99.24322426105294, 19.38705172920513], [-99.24317958385461, 19.387052872286276], [-99.24313672108627, 19.38704085813152], [-99.24309986846308, 19.387016862772576], [-99.24307263338041, 19.38698323504683], [-99.24305768179538, 19.386943266675082], [-99.2430564772653, 19.386900870043174], [-99.24306913768761, 19.386860195229207], [-99.24311941997458, 19.386759957516393], [-99.24336001745199, 19.38628044765313], [-99.24362915241184, 19.385743738260786], [-99.24364742299375, 19.385707384867455], [-99.24371376274132, 19.385575376584075], [-99.24380074691653, 19.385384543626035], [-99.24380081388091, 19.38538439695137], [-99.24387073771707, 19.385231487100103], [-99.24387484910173, 19.385223263877794], [-99.2440498882167, 19.384901523743004], [-99.24406731398535, 19.384876661793992], [-99.24432397421245, 19.384585902690905], [-99.24434668434488, 19.3845652848269], [-99.24462048434974, 19.38436651453519], [-99.2446469723312, 19.384351294972376], [-99.2449043183905, 19.384237561567897], [-99.24514544568004, 19.384130996721783], [-99.24614691738435, 19.38365805104881], [-99.2469060392209, 19.38324042252412], [-99.24858652174633, 19.38210050778549], [-99.25071516119674, 19.380646479900225], [-99.25100649116384, 19.38043056132614], [-99.2520557302427, 19.379652961167338], [-99.25205998959889, 19.379649924124383], [-99.25293510955397, 19.37904983383047], [-99.25294138553446, 19.379045766901452], [-99.2533619353871, 19.37878853772146], [-99.25336456943587, 19.378786964876394], [-99.25362239965739, 19.3786367043315], [-99.25383157958795, 19.37851481903084], [-99.253849313869, 19.378506044741695], [-99.25474701275921, 19.378135245089386], [-99.25475663953715, 19.378131656223076], [-99.25530750708369, 19.377947846429638], [-99.25559172408512, 19.377806585815225], [-99.25600881122273, 19.377511534454936], [-99.25601647984767, 19.377506471175064], [-99.25613469975002, 19.377433741581093], [-99.25613585349653, 19.377433039226727], [-99.25630150330223, 19.377333259543406], [-99.25631863081684, 19.37732443697058], [-99.25689210408513, 19.37707548400033], [-99.25819959399198, 19.376381811621098], [-99.25839765699703, 19.376271021341594], [-99.25899961730538, 19.375907978715297], [-99.25957469746386, 19.3755103757128], [-99.26029804839345, 19.374975702806502], [-99.26030118426424, 19.374973450012945], [-99.26078627431744, 19.374634830229542], [-99.26078880258024, 19.37463310533813], [-99.26112667181627, 19.374407855716708], [-99.26114666320701, 19.37439671032525], [-99.26181606997999, 19.3740899141196], [-99.26248678063078, 19.373663183261552], [-99.2624962502298, 19.373657652791344], [-99.2633986686478, 19.37317553058498], [-99.26370431918176, 19.372922781580833], [-99.2641415952643, 19.3725484394459], [-99.26432860180923, 19.372375894735093], [-99.26432940670519, 19.372375157878068], [-99.26433019847474, 19.372374438695356], [-99.26439428392251, 19.372315299065075], [-99.26466774017473, 19.37201962205105], [-99.26469024692737, 19.37199232387009], [-99.2649525933119, 19.371674687691392], [-99.26532035705112, 19.370970740394778], [-99.26567179763278, 19.370154895716603], [-99.26591399173934, 19.369568695369708], [-99.26622519534264, 19.368817539282936], [-99.26644081516402, 19.368274901530956], [-99.26651996652534, 19.36802963090905], [-99.26658330645373, 19.367780664406784], [-99.2666367295048, 19.367501574992666], [-99.26664606382995, 19.36703406173574], [-99.26662151405999, 19.366827779127647], [-99.2665162622647, 19.366169177886487], [-99.26651606847328, 19.366167925864634], [-99.26646426038147, 19.365821988998142], [-99.26643580800656, 19.36568386680341], [-99.26639751073107, 19.3655788952243], [-99.26639127980849, 19.365554968886894], [-99.26635035015168, 19.365300138089644], [-99.26634961052058, 19.365294831884544], [-99.26631888021751, 19.36503501181265], [-99.26631802591348, 19.365022982269288], [-99.26631009666102, 19.36469317220564], [-99.26631036585385, 19.36468120595928], [-99.26633081613568, 19.364385346563164], [-99.26633268100598, 19.36437067387445], [-99.26637522062252, 19.36414177305968], [-99.26637857338305, 19.364127984453177], [-99.2664402743627, 19.363923585287846], [-99.26645421516545, 19.363892602825395], [-99.26670974377495, 19.363476963386216], [-99.26673802526032, 19.3634441258571], [-99.2667756141671, 19.363421190069438], [-99.26681883103538, 19.363410401133475], [-99.26686344550592, 19.363412815142965], [-99.26690509041383, 19.36342819579825], [-99.26693968927309, 19.363455037536813], [-99.26696385530846, 19.363490712906962], [-99.26697522297587, 19.36353172975936], [-99.26697267951987, 19.3635740730812], [-99.26695647390132, 19.36361359801267], [-99.2667099601556, 19.364014575020867]]]]}}, {"type": "Feature", "properties": {"CVEGEO": "090160001", "CVE_ENT": "09", "CVE_MUN": "016", "CVE_LOC": "0001", "CVEVIAL": "01168", "CVESEG": "00003", "NOMVIAL": "Federal M\u00e9xico-Toluca", "TIPOVIAL": "Carretera", "SENTIDO": "Dos sentidos", "TIPOSEN": 2, "AMBITO": "Urbana", "MINUTES": 6.62396884868, "LENGTH": 0.48113339591357307, "VELOCIDAD": 3.0, "T_VIAL2024": "V\u00edas de acceso controlado - radiales", "NOMENCLATU": "Carretera Federal 15 M\u00e9xico - Toluca", "NOTA2024": null, "NombreMate": "Carretera Federal 15 M\u00e9xico - Toluca", "ID": 7, "TIPO_VIA": "V\u00edas de acceso controlado - radiales", "NOMBRE": "Carretera Federal 15 M\u00e9xico - Toluca"}, "geometry": {"type": "MultiPolygon", "coordinates": [[[[-99.24772393773138, 19.38607737422089], [-99.2466621849496, 19.386932189417596], [-99.24666003664629, 19.38693388498796], [-99.24632872562533, 19.387190214620652], [-99.24631524056645, 19.387199461524865], [-99.24607530194359, 19.38734459162882], [-99.2460474398058, 19.38735764174785], [-99.24578737906384, 19.387447592847202], [-99.24577941657184, 19.387450098166386], [-99.24551832704272, 19.387524247074467], [-99.24548195845107, 19.3875298682356], [-99.24517892668584, 19.387539108828054], [-99.24515926478755, 19.38753842192115], [-99.24498249562018, 19.38752062148569], [-99.24497225995421, 19.38751923367608], [-99.2447264703942, 19.38747724404378], [-99.24470562140313, 19.387472116758005], [-99.2435984598268, 19.387113376231827], [-99.24355894399338, 19.387093561415433], [-99.24352781470098, 19.387063128657992], [-99.24350811910149, 19.387025056934675], [-99.24350178513112, 19.386983072974935], [-99.24350943279309, 19.386941286462708], [-99.24353031347117, 19.38690378775145], [-99.24356238321315, 19.386874247472345], [-99.24360250280944, 19.38685555722891], [-99.24364674508067, 19.386849546548486], [-99.24369077929501, 19.386856803796885], [-99.24478771908377, 19.387212232281854], [-99.24501778819274, 19.387251536299416], [-99.24517960681719, 19.38726783123904], [-99.24545421269275, 19.38725945747154], [-99.24569348276943, 19.38719150524623], [-99.24593491738572, 19.38710799667221], [-99.24615465029338, 19.38697508833697], [-99.24647841996783, 19.38672459351855], [-99.24753910756395, 19.385870636675097], [-99.2475602063343, 19.385853650349866], [-99.24759839035147, 19.385831609641134], [-99.24764188277246, 19.38582184495466], [-99.24768642626532, 19.385825312123732], [-99.24772766061287, 19.385841671758357], [-99.24776154951724, 19.38586932246686], [-99.24778477569805, 19.385905557610023], [-99.2477950656102, 19.385946830243896], [-99.2477914119962, 19.38598910031779], [-99.24777417248697, 19.386028230141694], [-99.24774503459841, 19.386060389412428], [-99.24772393773138, 19.38607737422089]]]]}}, {"type": "Feature", "properties": {"CVEGEO": "090140001", "CVE_ENT": "09", "CVE_MUN": "014", "CVE_LOC": "0001", "CVEVIAL": "00202", "CVESEG": "00021", "NOMVIAL": "5 Sur (Avenida San Antonio)", "TIPOVIAL": "Eje Vial", "SENTIDO": "Dos sentidos", "TIPOSEN": 2, "AMBITO": "Urbana", "MINUTES": 0.83107615303, "LENGTH": 0.1365291971645548, "VELOCIDAD": 3.0, "T_VIAL2024": "V\u00edas primarias - Ejes viales", "NOMENCLATU": "San Antonio", "NOTA2024": null, "NombreMate": "Av. San Antonio Eje 5 Sur", "ID": 28, "TIPO_VIA": "V\u00edas primarias - Ejes viales", "NOMBRE": "San Antonio"}, "geometry": {"type": "MultiPolygon", "coordinates": [[[[-99.19077428821255, 19.385155255818624], [-99.19059409536877, 19.385152132406027], [-99.19056281707267, 19.38515159076365], [-99.19031997357611, 19.385147380261266], [-99.18973420421504, 19.38519303636656], [-99.18966623247239, 19.38519833369077], [-99.1896193641336, 19.38520197735442], [-99.18954938059817, 19.385207416791634], [-99.18950481436825, 19.38520422372335], [-99.1894634691484, 19.385188118036705], [-99.18942939210424, 19.385160676271866], [-99.18940591893609, 19.38512458462473], [-99.1893953473566, 19.385083376001543], [-99.18939871217646, 19.38504108419175], [-99.18941568401337, 19.38500184901174], [-99.18944460153827, 19.384969511070953], [-99.18948263410054, 19.384947235827582], [-99.18952605881256, 19.384937203733305], [-99.18959603810791, 19.38493176462655], [-99.18964286246145, 19.384928124385755], [-99.18971081827915, 19.384922828303505], [-99.19030372659101, 19.38487661576897], [-99.19031802979897, 19.384876183436564], [-99.19056803130573, 19.384880518055553], [-99.19059930943294, 19.384881059695456], [-99.19077951843447, 19.384884183390735], [-99.19083785456304, 19.384885204401616], [-99.19088186087082, 19.384892610452965], [-99.19092130169511, 19.384912558735852], [-99.19095231629915, 19.384943096577324], [-99.19097186875705, 19.38498123472553], [-99.1909780451317, 19.385023239956652], [-99.19097024082656, 19.385065000507414], [-99.19094921977162, 19.385102428562558], [-99.19091703964834, 19.385131860399312], [-99.19087685047167, 19.385150415019588], [-99.19083258624458, 19.38515627616402], [-99.19077428821255, 19.385155255818624]]]]}}, {"type": "Feature", "properties": {"CVEGEO": "090100001", "CVE_ENT": "09", "CVE_MUN": "010", "CVE_LOC": "0001", "CVEVIAL": "05692", "CVESEG": "00006", "NOMVIAL": "Federal M\u00e9xico Toluca", "TIPOVIAL": "Carretera", "SENTIDO": "Dos sentidos", "TIPOSEN": 2, "AMBITO": "Urbana", "MINUTES": 19.8144793031, "LENGTH": 3.3527441548672132, "VELOCIDAD": 3.0, "T_VIAL2024": "V\u00edas de acceso controlado - radiales", "NOMENCLATU": "Carretera Federal 15 M\u00e9xico - Toluca", "NOTA2024": null, "NombreMate": "Carretera Federal 15 M\u00e9xico - Toluca", "ID": 7, "TIPO_VIA": "V\u00edas de acceso controlado - radiales", "NOMBRE": "Carretera Federal 15 M\u00e9xico - Toluca"}, "geometry": {"type": "MultiPolygon", "coordinates": [[[[-99.26142648935074, 19.375957225675645], [-99.26111193045725, 19.37614462952426], [-99.26068847536733, 19.376457328275865], [-99.25990081677685, 19.377126760152372], [-99.25919471112209, 19.377756143195363], [-99.2589851057151, 19.377942971780463], [-99.25802139408573, 19.378804093100072], [-99.2577511943361, 19.379049218128706], [-99.2572460148746, 19.379507508940243], [-99.25724290482786, 19.379510247593817], [-99.25700476480844, 19.37971378747023], [-99.2569920367675, 19.37972347601477], [-99.25616281680819, 19.380283936683412], [-99.25615924300614, 19.380286275308205], [-99.25587349297709, 19.380467246576917], [-99.25506635069733, 19.380978406590422], [-99.25506597637253, 19.3809786428402], [-99.25468439131974, 19.38121865309161], [-99.25432629561529, 19.381446901620688], [-99.25255059285136, 19.382578674504714], [-99.2525504095254, 19.38257879115385], [-99.25126865057244, 19.383392996082073], [-99.25085138903864, 19.38366010390841], [-99.25076323971354, 19.383719025753514], [-99.25076034920868, 19.383720907930027], [-99.25040688914197, 19.38394506231114], [-99.25012226250125, 19.384142501134026], [-99.24983906695999, 19.384368681954264], [-99.24887341932177, 19.385142935675322], [-99.24774556363701, 19.386059961385083], [-99.24774503459841, 19.386060389412428], [-99.24772393773138, 19.38607737422089], [-99.2466621849496, 19.386932189417596], [-99.24666003664629, 19.38693388498796], [-99.24632872562533, 19.387190214620652], [-99.24631524056645, 19.387199461524865], [-99.24607530194359, 19.38734459162882], [-99.2460474398058, 19.38735764174785], [-99.24578737906384, 19.387447592847202], [-99.24577941657184, 19.387450098166386], [-99.24551832704272, 19.387524247074467], [-99.24548195845107, 19.3875298682356], [-99.24517892668584, 19.387539108828054], [-99.24515926478755, 19.38753842192115], [-99.24498249562018, 19.38752062148569], [-99.24497225995421, 19.38751923367608], [-99.2447264703942, 19.38747724404378], [-99.24468426426515, 19.387463292334292], [-99.24464866709967, 19.38743764683925], [-99.24462316339925, 19.387402817923018], [-99.24461024964026, 19.387362214887148], [-99.24461118990283, 19.387319812242474], [-99.24462589213714, 19.387279760655186], [-99.24465291717785, 19.387245980650796], [-99.24468961962278, 19.38722177884686], [-99.2447324067844, 19.38720952428001], [-99.24477709036579, 19.387210416509852], [-99.24501778819274, 19.387251536299416], [-99.24517960681719, 19.38726783123904], [-99.24545421269275, 19.38725945747154], [-99.24569348276943, 19.38719150524623], [-99.24593491738572, 19.38710799667221], [-99.24615465029338, 19.38697508833697], [-99.24647841996783, 19.38672459351855], [-99.24753910756395, 19.385870636675097], [-99.24755994126602, 19.38585386375266], [-99.24868790683274, 19.38493674954903], [-99.24868865743692, 19.384936143498443], [-99.24965478638492, 19.384161504571047], [-99.24965499701923, 19.384161336013932], [-99.24994203690463, 19.383932085017697], [-99.24994972130457, 19.383926361945463], [-99.25024072124548, 19.3837245022622], [-99.25024565001965, 19.383721232091663], [-99.25060015306917, 19.3834964164281], [-99.25068804917963, 19.383437663878578], [-99.25069042558268, 19.383436109262533], [-99.25110909516683, 19.38316810025223], [-99.25110951942784, 19.383167829709812], [-99.25239139811204, 19.382353549237717], [-99.25416700554145, 19.381221837829273], [-99.25452546417046, 19.380993358117163], [-99.25452619340639, 19.38099289637972], [-99.25490795617907, 19.38075277449491], [-99.25571490842484, 19.38024173514733], [-99.25599885188144, 19.380061908132355], [-99.25681964709867, 19.379507142061524], [-99.25705013861561, 19.379310139602183], [-99.25755378371221, 19.37885324123899], [-99.25782437428994, 19.378607761920705], [-99.25782515941638, 19.378607055036156], [-99.25878932949074, 19.377745525003615], [-99.25878945872023, 19.377745409673796], [-99.25899912862226, 19.37755852380239], [-99.25970646898601, 19.376928040877946], [-99.25970896599735, 19.37692586748919], [-99.26050156470069, 19.37625223766319], [-99.26050913977461, 19.376246233920924], [-99.26094217053816, 19.37592646430184], [-99.26095394388058, 19.37591863985735], [-99.26127754366163, 19.375725849859084], [-99.26128352385346, 19.375722476869413], [-99.2615146040969, 19.375599266596875], [-99.26155651079053, 19.37558453235687], [-99.26160116412933, 19.375582808974205], [-99.26164419314372, 19.375594265145036], [-99.26168138586289, 19.37561777946199], [-99.26170910160846, 19.375651050184274], [-99.26172462736787, 19.375690820546524], [-99.26172644336383, 19.37573319755182], [-99.2617143718237, 19.37577403304414], [-99.26168959438499, 19.37580932975858], [-99.26165453643193, 19.375835632602374], [-99.26142648935074, 19.375957225675645]]], [[[-99.27021717321766, 19.372155505013197], [-99.27022060474326, 19.372165089253773], [-99.27026846413554, 19.372317180477022], [-99.270272614842, 19.372334387208497], [-99.27029766528753, 19.37248179678321], [-99.27029940988346, 19.372498913428423], [-99.27030377895194, 19.37262467386956], [-99.27030375319839, 19.37263429617075], [-99.27030030334674, 19.3727203254766], [-99.27029899929933, 19.372734152692185], [-99.27028482894175, 19.3728292433776], [-99.27027930717965, 19.372851969711725], [-99.27024147886061, 19.372962990169807], [-99.2702371754012, 19.37297397395188], [-99.27020351519063, 19.373049693229554], [-99.2701950596738, 19.373065678359133], [-99.27015003878645, 19.37313838887454], [-99.27014445561812, 19.37314669876634], [-99.27009482647414, 19.37321495855013], [-99.27008538039959, 19.373226555296167], [-99.27002606031233, 19.37329176578777], [-99.27000956919503, 19.37330717217993], [-99.26994124830988, 19.373361391965734], [-99.2699410585475, 19.373361542297392], [-99.26986905874186, 19.373418480979744], [-99.26985332696808, 19.373429290706273], [-99.26972668720532, 19.37350441182155], [-99.26970721467895, 19.37351407133895], [-99.26958011549084, 19.37356573199699], [-99.2695664170724, 19.373570529354716], [-99.26948045601131, 19.373595978213228], [-99.26947315281187, 19.37359793985398], [-99.2693766538033, 19.37362125008252], [-99.269370945357, 19.37362251124975], [-99.26926904468165, 19.373642942025715], [-99.26926034127311, 19.37364442157956], [-99.26913958905625, 19.37366130679625], [-99.26899469614189, 19.37368162289201], [-99.26899388168343, 19.373681734816316], [-99.26892963116953, 19.373690384959378], [-99.26892270000262, 19.37369115471118], [-99.26885022154343, 19.373697504991917], [-99.26884488554703, 19.373697877006848], [-99.26877837535287, 19.37370132682887], [-99.26876932888254, 19.37370152363807], [-99.26869357812554, 19.37370089379643], [-99.2686887232785, 19.37370077507475], [-99.26861754353092, 19.37369788460807], [-99.26860459407351, 19.37369679680566], [-99.26854142383152, 19.373688726758235], [-99.26853622356053, 19.37368796963723], [-99.26846229348735, 19.373675879439265], [-99.26845506201694, 19.37367451356788], [-99.26837809089533, 19.37365800450874], [-99.26835872979734, 19.373652458880564], [-99.26809916983086, 19.373558620284903], [-99.26803426649154, 19.37353755405085], [-99.26797004752129, 19.37351680176956], [-99.26790404651248, 19.373504737517926], [-99.26781162270862, 19.37348788492732], [-99.26774662728475, 19.373485035970795], [-99.26768626082519, 19.373488467088603], [-99.26762228590407, 19.373501713613337], [-99.26756452151157, 19.373526532048313], [-99.26748796197778, 19.373565846707177], [-99.26743089381024, 19.373611620829582], [-99.26737307245934, 19.37367321335151], [-99.26712140502616, 19.374091676994123], [-99.2671104064574, 19.37410733091298], [-99.26707002517558, 19.374156960620194], [-99.26706531728168, 19.374162444767972], [-99.26702242805052, 19.374209825433855], [-99.26701740569717, 19.3742150883603], [-99.26697194605002, 19.37426028771716], [-99.26696662961166, 19.374265303335648], [-99.26691874976875, 19.374308162809236], [-99.26691317388052, 19.37431289836043], [-99.2668629825578, 19.374353329302718], [-99.26685718420671, 19.374357758667074], [-99.26680483431575, 19.374395658731824], [-99.26679876163284, 19.374399820759383], [-99.26674441257647, 19.374435049660864], [-99.26673813286243, 19.374438895444925], [-99.26668190246603, 19.374471386447148], [-99.26667541276647, 19.374474918637826], [-99.2666174730686, 19.37450456792843], [-99.26661078695663, 19.37450777749964], [-99.26655127699964, 19.374534507853376], [-99.26654445110688, 19.3745373692147], [-99.26648356136413, 19.37456110977342], [-99.26647655231427, 19.374563640583137], [-99.26641442171993, 19.374584319556703], [-99.26640733098904, 19.37458648425296], [-99.26634367125142, 19.37460419428427], [-99.26632717448184, 19.374607791801107], [-99.26566750255654, 19.374713053026753], [-99.26566609626987, 19.374713270580646], [-99.26508142760366, 19.37480087968514], [-99.26380480514341, 19.374992182826258], [-99.26349795945497, 19.37504235335182], [-99.26329455581919, 19.375087279800418], [-99.26303207196545, 19.37516493884412], [-99.26210817600223, 19.375610505223623], [-99.26194088069926, 19.375691737772268], [-99.26189840100632, 19.375704911638074], [-99.2618537107883, 19.37570498296364], [-99.26181118464551, 19.37569194476696], [-99.26177498534155, 19.375667073320308], [-99.26174865631988, 19.375632803218718], [-99.26173477484555, 19.375592489063145], [-99.2617346997257, 19.375550077086984], [-99.26174843830316, 19.37550971887009], [-99.26177464574181, 19.375475364953207], [-99.26181075667158, 19.375450378132513], [-99.26197822722948, 19.375369060519137], [-99.26197857834178, 19.375368890611153], [-99.26291336849654, 19.374918070439932], [-99.26293556732453, 19.374909504428686], [-99.26321454657464, 19.37482696504306], [-99.26322468081231, 19.374824350481816], [-99.263437241513, 19.374777401489027], [-99.26344536842056, 19.37477584095988], [-99.26375728697565, 19.374724841009815], [-99.26375926130507, 19.374724531695126], [-99.2650368710994, 19.37453308063212], [-99.26562083764756, 19.374445576749583], [-99.2662714450895, 19.374341761936652], [-99.26632339375612, 19.374327309907347], [-99.26637846911784, 19.374308979136444], [-99.26643243694427, 19.37428793739889], [-99.26648518586339, 19.374264243939248], [-99.26653653321921, 19.374237968137688], [-99.2665863745908, 19.37420916885212], [-99.26663454292374, 19.374177946298015], [-99.26668095396577, 19.374144345843437], [-99.26672545360701, 19.374108499791244], [-99.2667678832886, 19.37407051905143], [-99.26680817026684, 19.374030462796632], [-99.26684619162138, 19.373988459841506], [-99.26687822138102, 19.373949094453522], [-99.26713239490407, 19.373526464780223], [-99.26714979861622, 19.37350348551852], [-99.26722431829499, 19.37342410569874], [-99.26723876627712, 19.37341074731708], [-99.26731481679575, 19.37334974758944], [-99.26733904366934, 19.373334057229222], [-99.2674330229259, 19.373285797263105], [-99.2674420886246, 19.373281528716777], [-99.26751819904098, 19.373248827932343], [-99.26754666145021, 19.373239877599367], [-99.26763620187542, 19.373221337534027], [-99.26765811039552, 19.373218464403493], [-99.26773711063986, 19.373213974178086], [-99.26775224028565, 19.373213876074203], [-99.26783507035196, 19.37321750678106], [-99.26785543105608, 19.37321979728173], [-99.26795798023232, 19.37323849614103], [-99.2680337644292, 19.373252348635397], [-99.26805279054894, 19.3732571371938], [-99.26812643950734, 19.373280936764374], [-99.2681266219865, 19.373280995862707], [-99.26819394364907, 19.373302847030217], [-99.26819856926234, 19.373304433335324], [-99.2684509541177, 19.373395677914377], [-99.26851444008076, 19.373409294624732], [-99.26858214294367, 19.37342036645315], [-99.26863625699396, 19.373427279566744], [-99.26869850944276, 19.373429807514334], [-99.2687673050778, 19.373430379528298], [-99.26882662355561, 19.373427302734722], [-99.26889296208702, 19.37342149041197], [-99.26895334943148, 19.373413360373924], [-99.26909786286622, 19.373393097489597], [-99.26921432249762, 19.373376812513875], [-99.26930902760296, 19.373357824430183], [-99.26939900682127, 19.37333608912103], [-99.269474365082, 19.373313779237407], [-99.26958461543342, 19.373268966962275], [-99.269693657445, 19.37320428464756], [-99.26975808448324, 19.373153334682012], [-99.26981740531564, 19.37310625742739], [-99.26986408568284, 19.37305494183661], [-99.26990637180064, 19.372996781744597], [-99.26994397584158, 19.372936049879193], [-99.26997156310789, 19.372873992027795], [-99.27000369548114, 19.37277968878205], [-99.2700151133883, 19.372703069398867], [-99.27001809194107, 19.37262879614738], [-99.2700141893823, 19.37251645822004], [-99.26999206846924, 19.372386286191528], [-99.26994840322499, 19.37224752271601], [-99.26964458737264, 19.371492724968718], [-99.26963536700526, 19.37145122547325], [-99.26964011047754, 19.371409053036906], [-99.2696583534552, 19.371370335790694], [-99.26968831018148, 19.371338863644908], [-99.2697270482821, 19.371317717307672], [-99.26977077580698, 19.371308966725564], [-99.26981521241072, 19.37131346846446], [-99.26985600833912, 19.371330781863694], [-99.26988917020948, 19.371359212170645], [-99.26991145190807, 19.371395976433558], [-99.27021717321766, 19.372155505013197]]]]}}, {"type": "Feature", "properties": {"CVEGEO": "090100001", "CVE_ENT": "09", "CVE_MUN": "010", "CVE_LOC": "0001", "CVEVIAL": "00127", "CVESEG": "00007", "NOMVIAL": "Alta Tensi\u00f3n", "TIPOVIAL": "Avenida", "SENTIDO": "Dos sentidos", "TIPOSEN": 2, "AMBITO": "Urbana", "MINUTES": 1.59741843492, "LENGTH": 1.834032137444975, "VELOCIDAD": 3.0, "T_VIAL2024": "V\u00edas primarias - Ejes viales", "NOMENCLATU": "Alta Tensi\u00f3n", "NOTA2024": null, "NombreMate": "Alta Tensi\u00f3n", "ID": 3, "TIPO_VIA": "V\u00edas primarias - Ejes viales", "NOMBRE": "Alta Tensi\u00f3n"}, "geometry": {"type": "MultiPolygon", "coordinates": [[[[-99.20491347093218, 19.36675671550664], [-99.20490622192776, 19.3667792679664], [-99.20490563514501, 19.366781049472806], [-99.20489304760211, 19.36681836195718], [-99.20488320616681, 19.36684805043394], [-99.20485763639937, 19.366925187636987], [-99.20469350067171, 19.367765403130058], [-99.20461654134238, 19.36821950720293], [-99.20461483574614, 19.36822788147021], [-99.2043423405509, 19.369371440400528], [-99.20434177749718, 19.36937371222852], [-99.20424161467038, 19.369762793598262], [-99.20424152437917, 19.369763142328583], [-99.20416133262123, 19.37007110423448], [-99.20406145718515, 19.370546317100015], [-99.20406059563682, 19.370550129687512], [-99.20402278545144, 19.370706449613486], [-99.20402253047047, 19.3707074851454], [-99.20394203000353, 19.371028722379425], [-99.20380668418733, 19.371636949593576], [-99.20369869315499, 19.372149809697003], [-99.20369835797997, 19.372151354641154], [-99.20354923343446, 19.372819031117753], [-99.2035180998658, 19.372958110391195], [-99.20350984019665, 19.372982958416554], [-99.20343042842715, 19.37316030364978], [-99.20343034464544, 19.373160490365507], [-99.20319596435456, 19.37368174518156], [-99.20276914401074, 19.374690977053863], [-99.20275764339048, 19.3747193618657], [-99.20275534690234, 19.374724689351837], [-99.20245613252936, 19.37537883003066], [-99.2023551088341, 19.375746164259514], [-99.20234480806228, 19.375772269746392], [-99.20167084755741, 19.377058995578174], [-99.20153728500841, 19.377317990483245], [-99.20139336798708, 19.377628879299905], [-99.20127391106016, 19.37792942267618], [-99.20127240531141, 19.377933052003762], [-99.2011930475924, 19.378116539897515], [-99.20119292406203, 19.378116824598504], [-99.20112314638662, 19.378277124053007], [-99.20093350751199, 19.378740685953495], [-99.20093330558672, 19.378741176718446], [-99.20088656506454, 19.378854127812456], [-99.20088591478304, 19.378855671368694], [-99.20046329972244, 19.379841240935153], [-99.20025815713468, 19.38051092540826], [-99.20014167009616, 19.38089484208391], [-99.20010760096032, 19.381008631383505], [-99.20001922545143, 19.381361090527665], [-99.2000174112765, 19.381367602826558], [-99.19997385798416, 19.381509571193874], [-99.19995114993161, 19.381583590910676], [-99.19994065407958, 19.381617803795585], [-99.19992576072968, 19.381672666014524], [-99.19971365911537, 19.382451695030532], [-99.1997078748889, 19.382472940457173], [-99.19969006348451, 19.38251183892913], [-99.19966045730483, 19.382543610351426], [-99.19962195440763, 19.38256514471108], [-99.19957832372971, 19.38257433407067], [-99.19953383615518, 19.38257027890953], [-99.199492846448, 19.382553376175892], [-99.19945936697343, 19.382525280430592], [-99.19943667493709, 19.3824887418857], [-99.19942699158868, 19.38244733719286], [-99.19943126479241, 19.382405119333995], [-99.19943704915543, 19.38238387353774], [-99.19964911455331, 19.38160498251387], [-99.1996645507122, 19.381548121117998], [-99.1996657282405, 19.381544047339638], [-99.19967684642246, 19.38150780607076], [-99.19969955469675, 19.381433786035714], [-99.19974211577897, 19.381295052684308], [-99.19983038492862, 19.380943020093493], [-99.1998319438887, 19.380937349845613], [-99.199866925989, 19.380820511945302], [-99.19986706427862, 19.38082005313995], [-99.1999836718715, 19.380435741268112], [-99.19998377309877, 19.380435409237986], [-99.20019103422706, 19.37975881250074], [-99.2001958914473, 19.37974555819649], [-99.20062096826872, 19.378754251408136], [-99.2006672873266, 19.378642319245486], [-99.20085738033056, 19.378177649094486], [-99.20085851866693, 19.378174952498245], [-99.20092881901475, 19.378013452914725], [-99.20100733499748, 19.37783191193149], [-99.20112740918798, 19.37752981680442], [-99.20113028103133, 19.37752313564087], [-99.20127691177836, 19.37720638574302], [-99.20127938911077, 19.37720132022089], [-99.20141443947834, 19.376939441044932], [-99.20141482963166, 19.376938690367236], [-99.20208241588062, 19.37566413818541], [-99.2021824990951, 19.37530022583817], [-99.20218968229737, 19.37528048017606], [-99.20249208521551, 19.374619371087064], [-99.2025028712874, 19.37459274996663], [-99.20250363355372, 19.374590908830825], [-99.20293141967916, 19.373579397205244], [-99.20293260301187, 19.373576684521968], [-99.20316754917233, 19.37305417309938], [-99.20324152556293, 19.372888966956484], [-99.2032697730308, 19.372762781431067], [-99.2034187195475, 19.37209590714427], [-99.20352670099469, 19.371583096724162], [-99.20352701413876, 19.37158165060357], [-99.20366289595607, 19.370971019348413], [-99.20366368934938, 19.3709676649271], [-99.20374447980934, 19.370645272663886], [-99.20378170522004, 19.370491371475005], [-99.20388180224198, 19.370015107047113], [-99.20388191332471, 19.370014583881378], [-99.20388192493965, 19.37001452972921], [-99.20388322614988, 19.370009047140705], [-99.20396415098166, 19.3696982720255], [-99.20406397769621, 19.36931049883546], [-99.2043352118497, 19.368172240168985], [-99.20441172841663, 19.367720753219285], [-99.20441230925132, 19.367717568602316], [-99.20457834028872, 19.366867658392522], [-99.20458253061491, 19.36685168839028], [-99.20461070741227, 19.366766686900856], [-99.2046206576365, 19.366736670393177], [-99.20462087613544, 19.366736017029694], [-99.20463327399969, 19.366699266979385], [-99.20464042830606, 19.366677009251198], [-99.20464081850622, 19.366675815061786], [-99.20464700293344, 19.3666571919225], [-99.20466693797674, 19.366619233567484], [-99.20469825648738, 19.366588979576953], [-99.20473789279106, 19.36656939141745], [-99.20478196701606, 19.366562386510502], [-99.20482616487995, 19.36656865054354], [-99.20486615999779, 19.366587570350692], [-99.2048980373751, 19.36661729393321], [-99.2049186766324, 19.36665491174457], [-99.20492605744948, 19.3666967414953], [-99.2049194573308, 19.366738688599625], [-99.20491347093218, 19.36675671550664]]]]}}, {"type": "Feature", "properties": {"CVEGEO": "090100001", "CVE_ENT": "09", "CVE_MUN": "010", "CVE_LOC": "0001", "CVEVIAL": "00910", "CVESEG": "00013", "NOMVIAL": "Camino Viejo a Mixcoac", "TIPOVIAL": "Avenida", "SENTIDO": "Dos sentidos", "TIPOSEN": 2, "AMBITO": "Urbana", "MINUTES": 0.6605715774, "LENGTH": 1.1864551661567457, "VELOCIDAD": 3.0, "T_VIAL2024": null, "NOMENCLATU": null, "NOTA2024": null, "NombreMate": "Camino Viejo a Mixcoac", "ID": 6, "TIPO_VIA": "Sin clasificacion", "NOMBRE": "Camino Viejo a Mixcoac"}, "geometry": {"type": "MultiPolygon", "coordinates": [[[[-99.26942192505838, 19.336026171038966], [-99.26942755266893, 19.33602185940285], [-99.2698724898501, 19.335698279245356], [-99.26988157287822, 19.33569219123706], [-99.27028554397309, 19.33544321342076], [-99.27031864491595, 19.335428151837284], [-99.27095916673377, 19.335227935625806], [-99.27137910561521, 19.335072792779012], [-99.27138246919006, 19.335071596147056], [-99.27147343896948, 19.335040465414988], [-99.27158132020884, 19.334973142226026], [-99.27163427187294, 19.334932503727426], [-99.27180450214858, 19.334792657082602], [-99.27180830995411, 19.33478963712887], [-99.27188547700847, 19.33473056657469], [-99.27189025247687, 19.334727066421696], [-99.27249839021995, 19.33430048976519], [-99.27280172778691, 19.334085904260146], [-99.27282461479174, 19.33407268830845], [-99.2728681848466, 19.334052578098778], [-99.2728934965871, 19.334043594028234], [-99.27312651253798, 19.333984027665547], [-99.27327544921056, 19.333911379060332], [-99.27343352693374, 19.333805038702486], [-99.2735070395728, 19.333748835522204], [-99.27359701297539, 19.3336618848818], [-99.27400654117491, 19.333250440744322], [-99.27400754415919, 19.333249443275985], [-99.27416623445254, 19.33309322407588], [-99.27418542106341, 19.333077425214984], [-99.27469165222115, 19.332730362293308], [-99.27502327566992, 19.33187534303221], [-99.27504936674914, 19.3318334008317], [-99.27508939111529, 19.331802921002776], [-99.27563591797669, 19.331522550209243], [-99.27677681875056, 19.330258758673107], [-99.27705745472706, 19.329315054715206], [-99.27707322700077, 19.32928089868529], [-99.2770982068679, 19.329252115139152], [-99.27821369592176, 19.328278020233615], [-99.27911418905963, 19.327229397527077], [-99.27914748790192, 19.327201121190473], [-99.27918836144484, 19.327183997069078], [-99.27923280870807, 19.32717970138756], [-99.27927647889393, 19.32718865463606], [-99.27931509726983, 19.32720998041011], [-99.27934488360528, 19.327241591198472], [-99.27936292220524, 19.327280392721757], [-99.27936744731898, 19.327322586820156], [-99.27935801598674, 19.327364043242437], [-99.27933555140356, 19.327400703943272], [-99.27842858944227, 19.328456861185746], [-99.27841458479168, 19.32847097490428], [-99.27732132497417, 19.329425659537858], [-99.27704313684724, 19.330361136923138], [-99.27701413888548, 19.330412518673114], [-99.2758355452965, 19.331718065020087], [-99.2757950061065, 19.331749112282726], [-99.27527264762463, 19.33201708486534], [-99.27494460815132, 19.33286286671705], [-99.27492436514162, 19.3328979655094], [-99.2748942093369, 19.332925924980138], [-99.27436297618819, 19.33329012920875], [-99.27421364039547, 19.333437139746323], [-99.27380365955536, 19.33384903916341], [-99.27380173713712, 19.333850933414755], [-99.27370496624019, 19.333944453288684], [-99.27369266396214, 19.333955035048817], [-99.27360925421043, 19.334018804999808], [-99.27360224846778, 19.334023832016406], [-99.273432308856, 19.334138152051647], [-99.2734150077924, 19.33414812193003], [-99.27324355790498, 19.334231752103683], [-99.27321542401847, 19.334242075607047], [-99.27298086893443, 19.33430203545212], [-99.2729616042953, 19.334310927248968], [-99.27266882235303, 19.33451804568418], [-99.2726683578632, 19.334518372883842], [-99.2720624138645, 19.334943411066288], [-99.27198952710154, 19.33499920515023], [-99.27181936488977, 19.335138996007373], [-99.2718156972092, 19.33514190855295], [-99.27175542179306, 19.335188167805892], [-99.27174408608936, 19.33519602549683], [-99.27161621318771, 19.33527582450766], [-99.2715861965021, 19.335290076104986], [-99.27148101971098, 19.335326068627776], [-99.2710592239798, 19.335481897505165], [-99.27105209576618, 19.335484326386556], [-99.27042555364929, 19.335680172866777], [-99.27004177104133, 19.335916708117608], [-99.2696041215426, 19.336234988558964], [-99.26936668887883, 19.33642652355756], [-99.26936353708524, 19.336428346810855], [-99.26936099276938, 19.33643088496491], [-99.26650611911556, 19.33850443018127], [-99.26647825415462, 19.338520256056885], [-99.2651397516323, 19.33909566001954], [-99.26474116699629, 19.339274329161245], [-99.26438398387623, 19.339465784374003], [-99.26418348551573, 19.339589960587713], [-99.26414270695064, 19.339607294192152], [-99.2640982813839, 19.339611817864704], [-99.26405455750957, 19.33960308879564], [-99.26401581533466, 19.339581961448882], [-99.26398584721848, 19.339550503920442], [-99.26396758664815, 19.33951179549718], [-99.26396282108874, 19.33946962523296], [-99.2639720170163, 19.339428121048204], [-99.26399427425986, 19.339391345659845], [-99.26402741412002, 19.339362898895036], [-99.26423174452987, 19.33923634942044], [-99.26423956114202, 19.339231840297337], [-99.26460526044187, 19.339035820383668], [-99.26461449894204, 19.339031281428557], [-99.26501881934719, 19.33885004124696], [-99.26502088664931, 19.3388491336252], [-99.26634553867642, 19.338279684071583], [-99.26918452536107, 19.33621767927677], [-99.26942192505838, 19.336026171038966]]]]}}, {"type": "Feature", "properties": {"CVEGEO": "090100001", "CVE_ENT": "09", "CVE_MUN": "010", "CVE_LOC": "0001", "CVEVIAL": "04751", "CVESEG": "00002", "NOMVIAL": "Alfonso Caso Andrade", "TIPOVIAL": "Calle", "SENTIDO": "Un sentido", "TIPOSEN": 1, "AMBITO": "Urbana", "MINUTES": 1.5305354538, "LENGTH": 1.3546318036973464, "VELOCIDAD": 3.0, "T_VIAL2024": "V\u00edas primarias - Ejes viales", "NOMENCLATU": "Alfonso Caso Andrade", "NOTA2024": null, "NombreMate": "Alfonso Caso Andrade", "ID": 2, "TIPO_VIA": "V\u00edas primarias - Ejes viales", "NOMBRE": "Alfonso Caso Andrade"}, "geometry": {"type": "MultiPolygon", "coordinates": [[[[-99.20508642371047, 19.365327654176223], [-99.20532891633646, 19.364120502774163], [-99.20532926065614, 19.364118844938318], [-99.20542987244495, 19.36364984068015], [-99.20548945486048, 19.36314970925317], [-99.20549036772891, 19.363143384533807], [-99.20553697461412, 19.362868736134317], [-99.2055757420241, 19.36259907371502], [-99.20557593982882, 19.3625977468005], [-99.20564001970185, 19.362182686501114], [-99.20565333532365, 19.36214220090963], [-99.20567918088878, 19.362107602138792], [-99.20571502644975, 19.362082276952812], [-99.20575736319618, 19.362068704352694], [-99.20580204692052, 19.3620682129161], [-99.20584470367888, 19.362080850748065], [-99.20588115793909, 19.362105380772206], [-99.20590784130772, 19.362139401823374], [-99.20592214182784, 19.362179583688707], [-99.20592265965674, 19.362221993090248], [-99.20585868284223, 19.362636390487456], [-99.20581977884835, 19.362907006219523], [-99.20581927291522, 19.362910234796484], [-99.20577292795178, 19.363183342502943], [-99.2057130156852, 19.363686249966285], [-99.20571104863731, 19.363698064554214], [-99.2056093568324, 19.364172107129143], [-99.20536670547177, 19.365380059011308], [-99.20536600863113, 19.3653833110512], [-99.20512535493566, 19.366439993534208], [-99.20510919704476, 19.36647953633558], [-99.20508095491915, 19.366512404975264], [-99.20504339309267, 19.36653538203708], [-99.20500018838278, 19.366546218361687], [-99.20495556997652, 19.366543853211653], [-99.20491390544461, 19.36652851810481], [-99.20487927320953, 19.366501714151422], [-99.20485506331786, 19.366466065113926], [-99.20484364559832, 19.366425060572933], [-99.2048461376879, 19.36638271434107], [-99.20508642371047, 19.365327654176223]]], [[[-99.20647929250886, 19.358161759668416], [-99.20647935926613, 19.35816071213832], [-99.20654899014806, 19.357134041897307], [-99.20654906343142, 19.357133021435978], [-99.2066274189326, 19.356099414623824], [-99.2066700892547, 19.35538958825304], [-99.20667029812165, 19.355386668319237], [-99.2067012557193, 19.355013531757443], [-99.20674453446104, 19.354477335521725], [-99.20678206053744, 19.353578810402833], [-99.2067828230807, 19.353569200478603], [-99.20691487943947, 19.352441827666848], [-99.20691496262332, 19.35244113379561], [-99.20701276805022, 19.351643587134866], [-99.2070248139014, 19.35160274501972], [-99.20704956705396, 19.351567434997], [-99.20708460449275, 19.351541113453372], [-99.20712649651142, 19.351526356920164], [-99.2071711424351, 19.351524609866466], [-99.20721417202003, 19.35153604330555], [-99.20725137323954, 19.35155953805519], [-99.20727910458314, 19.35159279428998], [-99.2072946515114, 19.351632556662693], [-99.20729649217495, 19.351674932958446], [-99.20719873064417, 19.35247213292223], [-99.2070672781893, 19.353594366789558], [-99.20702985066507, 19.35449056947589], [-99.20702954547697, 19.354495554855752], [-99.20698605510172, 19.35503438469874], [-99.20698603161152, 19.355034671730508], [-99.20695518378912, 19.355406492940993], [-99.20691254218448, 19.356115862103763], [-99.20691240582627, 19.35611786869357], [-99.20683401476305, 19.357151968324988], [-99.20676445578634, 19.358177604652237], [-99.20667924815366, 19.35960643043069], [-99.20666977475099, 19.359647878653785], [-99.20664727012452, 19.359684519771456], [-99.20661393717869, 19.35971276709165], [-99.20657303877556, 19.359729855565043], [-99.20652857834268, 19.35973411244919], [-99.20648490798717, 19.359725121049532], [-99.20644630247715, 19.359703761508833], [-99.20641654079411, 19.359672124651915], [-99.20639853621786, 19.35963330731958], [-99.20639405115489, 19.359591109226375], [-99.20647929250886, 19.358161759668416]]]]}}, {"type": "Feature", "properties": {"CVEGEO": null, "CVE_ENT": null, "CVE_MUN": null, "CVE_LOC": null, "CVEVIAL": null, "CVESEG": null, "NOMVIAL": "DESIERTO DE LOS LEONES", "TIPOVIAL": null, "SENTIDO": null, "TIPOSEN": null, "AMBITO": null, "MINUTES": null, "LENGTH": 12.865130170707898, "VELOCIDAD": null, "T_VIAL2024": null, "NOMENCLATU": null, "NOTA2024": null, "NombreMate": null, "ID": null, "TIPO_VIA": "Sin clasificacion", "NOMBRE": "DESIERTO DE LOS LEONES"}, "geometry": {"type": "MultiPolygon", "coordinates": [[[[-99.19916112196782, 19.348914145575677], [-99.2002058044298, 19.349235445288723], [-99.20094494201687, 19.348808786756088], [-99.20198534624897, 19.347605891585687], [-99.20198650606736, 19.347604567843884], [-99.20249438200223, 19.34703233923508], [-99.20252523596173, 19.347006351917642], [-99.20256262779515, 19.346989818715674], [-99.20260343813534, 19.346984118890298], [-99.20307186631365, 19.346983597419218], [-99.20309030889673, 19.346984711736486], [-99.20389578240268, 19.347083353271206], [-99.20462436232661, 19.34697349058452], [-99.20541034184647, 19.346649153355578], [-99.20547131102495, 19.346637967090036], [-99.20638142990204, 19.34666234582487], [-99.20638424662586, 19.346662447681833], [-99.20717971301826, 19.346698676440337], [-99.20760336973251, 19.346598495910232], [-99.20820992804865, 19.346267899218184], [-99.20885446044838, 19.34571119336513], [-99.20920804207542, 19.345287511057226], [-99.20924602641773, 19.345255720829357], [-99.20929331046953, 19.34523851137994], [-99.20934394894392, 19.34523804654806], [-99.2098124693502, 19.345313729655043], [-99.20987043326829, 19.345336329700555], [-99.21049384597544, 19.34575073599814], [-99.21093704049709, 19.345983776302575], [-99.21127319137395, 19.345983386851508], [-99.21128724461481, 19.345898229548638], [-99.2111354626116, 19.345599937325773], [-99.21085778872859, 19.345174370155764], [-99.21085683068415, 19.345172880499838], [-99.21057520673936, 19.344728577993514], [-99.21055892841707, 19.344691184390477], [-99.2105550015723, 19.344650896234835], [-99.21058121451902, 19.34421894141056], [-99.21058728812189, 19.34418688755358], [-99.21060124071974, 19.344157133811635], [-99.21080158433908, 19.343839310582965], [-99.21083063341766, 19.34380644727744], [-99.2108690462114, 19.343783845474572], [-99.21119008427627, 19.343656437067622], [-99.21122519983996, 19.343647277982942], [-99.21189425421882, 19.34355757561124], [-99.21190478451963, 19.343556539919934], [-99.21355080738361, 19.343452989150403], [-99.21355539627824, 19.34345277075481], [-99.21435972367249, 19.343426793326643], [-99.21730490317996, 19.342853919130143], [-99.21730577415607, 19.342853752384915], [-99.21863085909003, 19.342604133820725], [-99.21865565074364, 19.34260157062423], [-99.22032156228732, 19.34256823941595], [-99.22139900320988, 19.342453281210283], [-99.22143203267225, 19.342453405457533], [-99.22296662399481, 19.34262883945079], [-99.22367978963591, 19.34266488742775], [-99.22485271745211, 19.342438210106305], [-99.22485989550626, 19.342437003096066], [-99.22655023758954, 19.342194818553605], [-99.22724088214696, 19.342008349896044], [-99.22780685587148, 19.341770122433402], [-99.22784387623959, 19.341759940561726], [-99.22913881817658, 19.34157835043648], [-99.2291495581653, 19.34157723645217], [-99.23122673859024, 19.34143698812619], [-99.2312288465161, 19.341436860654103], [-99.23241105698904, 19.341373693893996], [-99.23294529036305, 19.341066138628605], [-99.23319760226741, 19.34085873283985], [-99.23323322954066, 19.340736347176605], [-99.23316102506351, 19.34065091041189], [-99.23294861754835, 19.340651182022995], [-99.23294504835602, 19.34065114424244], [-99.23240970559948, 19.340639124037367], [-99.23236763181427, 19.340632113202812], [-99.23232962463933, 19.340613604272356], [-99.23208849513675, 19.340448763993248], [-99.23206202239142, 19.34042529240336], [-99.23204262283505, 19.340396253314537], [-99.23194867199805, 19.340205818092624], [-99.2319373994184, 19.340172064574322], [-99.23189694521965, 19.33995615392408], [-99.23189747462415, 19.339906009628596], [-99.23195064801322, 19.33965186886931], [-99.2319681650949, 19.339608687223855], [-99.23208834311843, 19.339417979405937], [-99.23212244403021, 19.339381143305847], [-99.232168120062, 19.33935823380339], [-99.23258408690683, 19.339234260615147], [-99.23321477079973, 19.338921428857898], [-99.23324871730043, 19.33890950365743], [-99.23328473193573, 19.338906063047386], [-99.23366822625974, 19.33891580926975], [-99.23375368648945, 19.33883214107018], [-99.23379752030812, 19.338802923339482], [-99.23384961063596, 19.338791089421782], [-99.23504062189578, 19.338738742866543], [-99.23507258301373, 19.338740751530306], [-99.23580882826991, 19.33886683704964], [-99.23584269745488, 19.338876889975023], [-99.23587290975081, 19.338894559533223], [-99.23634558069789, 19.339254985125848], [-99.23700148549354, 19.339598276639922], [-99.23862835143639, 19.33923301214764], [-99.24094271960595, 19.33870914618183], [-99.24095814030444, 19.33870649467329], [-99.24322735372112, 19.33843734832904], [-99.24407248055901, 19.338273218835006], [-99.24549826644687, 19.33787903095842], [-99.2455033684864, 19.33787771711111], [-99.24688092699509, 19.337548829349608], [-99.24764823700961, 19.33720188757883], [-99.24857589355813, 19.336621412498857], [-99.24858305800765, 19.33661721164449], [-99.24946558796846, 19.336133267435176], [-99.24947815501606, 19.336127142119214], [-99.25042770934336, 19.335719323421703], [-99.25044862976608, 19.335712143621294], [-99.25222890573988, 19.335246334434363], [-99.25424626472025, 19.333827648042334], [-99.2556301574812, 19.33259875577539], [-99.25563874120442, 19.33259171881297], [-99.25652362387399, 19.331922631749272], [-99.25742884183238, 19.3302475264338], [-99.25745437915656, 19.3302140657851], [-99.25760282904459, 19.330071608839486], [-99.25764503269954, 19.330043632113792], [-99.25769494390534, 19.330031678167796], [-99.25810975309054, 19.330005684160703], [-99.25811894646206, 19.330005389903107], [-99.25873143907187, 19.33000452183364], [-99.25887747872108, 19.329911799399028], [-99.25948527924888, 19.329185274711183], [-99.26020082219637, 19.328036663958986], [-99.26057428460567, 19.327426793577732], [-99.26059451053393, 19.327401256108846], [-99.26062047091246, 19.32738092186495], [-99.26183961714251, 19.32663624418905], [-99.26219385853737, 19.32632219946746], [-99.26255528604693, 19.325435946855418], [-99.26255569958292, 19.325434944658102], [-99.26310226088313, 19.324125680807025], [-99.26312201139518, 19.32409274707072], [-99.26332902132545, 19.323838375244367], [-99.26336181660804, 19.32380909629611], [-99.26340258401316, 19.323790965263555], [-99.26368347774898, 19.32371433746692], [-99.263721006361, 19.32370907693181], [-99.26396709052402, 19.32370595289471], [-99.26400930143409, 19.32371145180206], [-99.26404792440512, 19.323728528602935], [-99.26407952092568, 19.323755662990862], [-99.26417484388112, 19.323866274049834], [-99.264185821331, 19.323880888846155], [-99.26434680037814, 19.324128376820344], [-99.26436199187586, 19.324160384265774], [-99.26436801585989, 19.32419502177923], [-99.26438203104576, 19.32458881466798], [-99.26438115972647, 19.324609025466085], [-99.26428870266756, 19.32536502670263], [-99.26428554407168, 19.325381687889504], [-99.26415980633467, 19.325868305544926], [-99.26421034685633, 19.326132541311047], [-99.26438642807726, 19.326406596568283], [-99.26480056223602, 19.32664635096952], [-99.26571266046787, 19.32708078064716], [-99.26571458044747, 19.327081712412078], [-99.26630386102711, 19.327373036703715], [-99.26633393122907, 19.32739293833911], [-99.26635767354351, 19.32741945145348], [-99.2665466731284, 19.327695800666863], [-99.26718466328444, 19.327822943071304], [-99.26718936140438, 19.327823958180566], [-99.26773230442157, 19.32795045198695], [-99.2684617373033, 19.32785982013682], [-99.26876456720036, 19.32773453532553], [-99.26900469260308, 19.32744394415493], [-99.26905973812535, 19.327045710090403], [-99.26907839524381, 19.326994365308455], [-99.26931196559421, 19.326619263014827], [-99.26934151540824, 19.326585684048997], [-99.2693807933187, 19.326562789881592], [-99.26952159962563, 19.326508070091084], [-99.26952426378162, 19.326507064277152], [-99.27001871319541, 19.32632582717492], [-99.27003159897012, 19.32632176096924], [-99.27043956964636, 19.326213175459216], [-99.27046140479534, 19.326209074122822], [-99.27071453980393, 19.326180751026442], [-99.27097315675226, 19.32601461612255], [-99.27098710769847, 19.32600671334278], [-99.27132138223568, 19.32584106896347], [-99.27135767658406, 19.3258286634381], [-99.27139614443529, 19.32582593290305], [-99.27161027537572, 19.325838317764454], [-99.2716497557499, 19.325846010616985], [-99.27168539930776, 19.325863869474478], [-99.27204487822674, 19.326111239026115], [-99.27227867865687, 19.326224772684697], [-99.27262928216238, 19.32636858730323], [-99.2726577801754, 19.326384196667462], [-99.27299941996259, 19.32662505475753], [-99.27302484103039, 19.326648090226076], [-99.27331981407201, 19.32699064668516], [-99.27332725266804, 19.327000096205197], [-99.27355938337215, 19.32732342010717], [-99.27385922782638, 19.327584462825122], [-99.27451096105847, 19.32778371942574], [-99.27519131192659, 19.327782693991953], [-99.27584354887033, 19.327477955390265], [-99.27586007864407, 19.32747142012399], [-99.27675942268775, 19.327177181140925], [-99.27735514564348, 19.326513247856912], [-99.27787017682014, 19.325733208459333], [-99.27787178495603, 19.325730828374645], [-99.27823221336432, 19.32520942966311], [-99.27827000797824, 19.325172552293704], [-99.27831955638577, 19.325151701620143], [-99.27878774731154, 19.325049357421587], [-99.27882768709468, 19.325046107914563], [-99.27886700453857, 19.325053524874402], [-99.27890260121201, 19.325071023803744], [-99.2791839427244, 19.325261147921772], [-99.27921713304593, 19.325292531024125], [-99.27923783922921, 19.325332421831366], [-99.27935892340565, 19.325713345532247], [-99.27936495387868, 19.325756376770567], [-99.27935634670888, 19.32579901123002], [-99.27928847718627, 19.325975427428546], [-99.27915011536182, 19.32669193780126], [-99.27914856643876, 19.3266989180074], [-99.27908558268024, 19.326949829404946], [-99.27920850996193, 19.327087292574074], [-99.27995875414318, 19.325970488334168], [-99.27999416622963, 19.325934440236335], [-99.28055553255146, 19.325539764779858], [-99.280595142936, 19.325520168509286], [-99.28163836015108, 19.32518826593457], [-99.28164839243925, 19.325185457619472], [-99.2825446022903, 19.324968109581928], [-99.28258969013159, 19.324964207282044], [-99.28263379853824, 19.324973900542396], [-99.28292839471612, 19.325087776486896], [-99.28296497572867, 19.32510841605576], [-99.28299352563282, 19.32513837251773], [-99.28301150896307, 19.32517498549847], [-99.28307716565399, 19.325386359027885], [-99.28308285841325, 19.325430655629848], [-99.28307309158106, 19.325474306838334], [-99.2830489235573, 19.325512582262185], [-99.28301297337374, 19.325541334069946], [-99.28250656828197, 19.32582608555118], [-99.28248744474612, 19.325835079060134], [-99.28174696944974, 19.326120055864067], [-99.28094373050446, 19.326777507218672], [-99.2805216217131, 19.328368673833513], [-99.28058458913276, 19.32867880122847], [-99.28094538494548, 19.328830359875138], [-99.28138272449846, 19.3286766378404], [-99.28166226857991, 19.328495070245726], [-99.28168189083232, 19.328484386157506], [-99.28213653245706, 19.328280425193984], [-99.28218689331959, 19.328267806010643], [-99.28273549212867, 19.328228845349738], [-99.28277820935489, 19.3282319290359], [-99.28352417095202, 19.32839509880973], [-99.28465821785446, 19.32858325697414], [-99.28469511547536, 19.328594441025732], [-99.28472748973603, 19.328614626584013], [-99.28515633365159, 19.328969658061663], [-99.28518441764078, 19.32900128055617], [-99.28560522445045, 19.329656791755266], [-99.28610621351127, 19.329720844448026], [-99.28667668791682, 19.329636871758005], [-99.28672136533645, 19.329637009267955], [-99.28676381132989, 19.32965024604997], [-99.286799870996, 19.32967528639835], [-99.28682601456669, 19.329709679193897], [-99.28683968292395, 19.329750057834758], [-99.28683953810545, 19.329792469781154], [-99.28682559427668, 19.329832763456363], [-99.28679921634834, 19.329866994631974], [-99.28676298637257, 19.329891812517456], [-99.28672045079496, 19.329904787760633], [-99.28612953443542, 19.329991769444216], [-99.286088593147, 19.32999215731649], [-99.28549964414725, 19.329916858661388], [-99.28545912170429, 19.329905707648848], [-99.2854238004231, 19.32988380267605], [-99.28539676357991, 19.329853055880132], [-99.28495200663606, 19.329160235193715], [-99.28456980185412, 19.32884381509567], [-99.28347124006044, 19.328661544411705], [-99.28346376284239, 19.328660107401657], [-99.28273519394337, 19.328500742124863], [-99.28223461262255, 19.328536292672535], [-99.28181417635822, 19.328724908499204], [-99.28152946072909, 19.32890983516732], [-99.28149840917735, 19.328925081424774], [-99.28099019300065, 19.329103716113192], [-99.28093618382124, 19.32911208538446], [-99.28088282452912, 19.329100556054236], [-99.28040072108588, 19.328898039925395], [-99.28036244333182, 19.328874376416685], [-99.28033399513275, 19.3288404496827], [-99.28031828742938, 19.32879973125896], [-99.28023518290048, 19.328390421167594], [-99.28023692583486, 19.328331660444313], [-99.28067781036873, 19.32666972790018], [-99.28069476918797, 19.32663163320583], [-99.28072303814045, 19.326600165478975], [-99.28157828418966, 19.325900147045083], [-99.28161788136988, 19.325877185760024], [-99.28237022889036, 19.325587640020718], [-99.28277179875414, 19.325361837645026], [-99.2827570217449, 19.32531426464054], [-99.28256968841767, 19.32524185104926], [-99.28172415114652, 19.325446909944283], [-99.28070733400808, 19.325770413384383], [-99.28018535460666, 19.326137397665576], [-99.27934526887574, 19.327387940064632], [-99.27931592336847, 19.327419476977045], [-99.27927780444442, 19.327440951932733], [-99.27923458504472, 19.32745029571522], [-99.2791904295694, 19.327446608005268], [-99.27914959261471, 19.327430244131655], [-99.2791160090191, 19.32740278083331], [-99.27882104482592, 19.327072937527234], [-99.27879789992444, 19.32703690443881], [-99.2787875498475, 19.326995860589147], [-99.27879099777753, 19.326953784196405], [-99.27886987937038, 19.32663954209591], [-99.27900974377741, 19.32591525691812], [-99.27901606867381, 19.325893196164525], [-99.27907176264026, 19.325748429083642], [-99.2789785328658, 19.325455132170344], [-99.27878927550992, 19.325327236339675], [-99.27843952254398, 19.325403690596254], [-99.27811137324466, 19.325878394929536], [-99.27759160167024, 19.326665615595267], [-99.27757931519726, 19.32668152200146], [-99.27695154170377, 19.32738117653093], [-99.27692329663368, 19.3274052653074], [-99.27688936276681, 19.32742143628242], [-99.275961616132, 19.327724967970195], [-99.27528771371297, 19.32803982914692], [-99.27522488311341, 19.328053761774047], [-99.2744888703983, 19.328054871138367], [-99.27444486866992, 19.328048344638574], [-99.27374195131672, 19.32783343931058], [-99.27368921081668, 19.32780431421087], [-99.27335417404385, 19.32751263302348], [-99.27333269222702, 19.327489071410678], [-99.27309475924905, 19.32715766519165], [-99.27281492853987, 19.326832693272117], [-99.2725007990147, 19.32661122993075], [-99.27216113830785, 19.326471903903283], [-99.27215274822845, 19.326468150859746], [-99.27190498298087, 19.326347835832262], [-99.27188620603403, 19.32633690644414], [-99.2715514292776, 19.326106535215814], [-99.27141837224447, 19.326098839492595], [-99.27112647648147, 19.326243483776796], [-99.270845807387, 19.326423784989096], [-99.270815563129, 19.326438569137107], [-99.27078249344144, 19.3264461426227], [-99.27050592082767, 19.326477088176954], [-99.27011524311915, 19.32658107100214], [-99.26962847141583, 19.326759493929096], [-99.26953340099821, 19.326796439979542], [-99.26933910772388, 19.327108465973076], [-99.26928277288295, 19.32751603271609], [-99.26927283481714, 19.32755091398068], [-99.26925354273166, 19.327582063661666], [-99.26896702360168, 19.327928799443978], [-99.26894202964586, 19.32795236359712], [-99.268911719621, 19.327969402497143], [-99.26855733406015, 19.328116016646916], [-99.26851881626125, 19.328126158683045], [-99.2677428118544, 19.32822257703435], [-99.26769024446288, 19.328219816654357], [-99.26712362965996, 19.3280878078936], [-99.26642989400983, 19.32794955608414], [-99.26639461154387, 19.32793777349588], [-99.26636376223958, 19.32791769790381], [-99.26633946244047, 19.32789070654759], [-99.26613860466358, 19.32759701821729], [-99.26558362170744, 19.32732264957189], [-99.26466721253398, 19.32688616645148], [-99.26465690156141, 19.326880738358373], [-99.26420818705448, 19.32662096420787], [-99.26418156660668, 19.32660108682589], [-99.26416062610468, 19.32657581706056], [-99.26395268575202, 19.326252175089273], [-99.26393409598019, 19.326205805140358], [-99.26387336747752, 19.32588830177284], [-99.26387518164006, 19.325831788868907], [-99.26400604567752, 19.32532533534477], [-99.26409624163402, 19.3245878330785], [-99.26408386898721, 19.32424017468183], [-99.26394780240614, 19.324030986442597], [-99.26390207148557, 19.323977921035954], [-99.26374396057257, 19.32397992823461], [-99.263526421433, 19.32403927292956], [-99.26336033628792, 19.32424335708477], [-99.26282141224134, 19.325534331091166], [-99.26244838548128, 19.326449029574224], [-99.26241268243842, 19.326499163045817], [-99.26202515313169, 19.326842718821442], [-99.2620049587193, 19.32685764290242], [-99.26080391662934, 19.32759126289491], [-99.26044746309226, 19.32817335881752], [-99.26044692262221, 19.328174233861045], [-99.25972611769798, 19.329331294020182], [-99.25971502862699, 19.32934659502698], [-99.25908724834794, 19.330097003363154], [-99.259054811578, 19.330125377729118], [-99.25885427817441, 19.33025269900445], [-99.25881647470868, 19.330269703241463], [-99.25877510252029, 19.330275578538117], [-99.2581239740448, 19.330276501463008], [-99.25776778872573, 19.330298821861994], [-99.25767290734338, 19.33038987296067], [-99.25676370699563, 19.332072352002058], [-99.25672561972209, 19.332116510625777], [-99.25582112379963, 19.332800428600773], [-99.25443540125798, 19.33403094690834], [-99.25442285381601, 19.334040874558568], [-99.25237752750756, 19.335479229564825], [-99.25233046807921, 19.33550098944884], [-99.25053527865607, 19.335970701023783], [-99.24960233128695, 19.336371387411152], [-99.24872957175083, 19.33684997413417], [-99.24779717472313, 19.337433415837566], [-99.2477799898413, 19.337442619319955], [-99.24699093697117, 19.33779939230995], [-99.24696435859572, 19.337808472391217], [-99.24557559733168, 19.338140034895392], [-99.24414675034804, 19.338535069106534], [-99.24413544158527, 19.33853772578658], [-99.2432791782785, 19.338704018083025], [-99.24326826133795, 19.338705722962878], [-99.24100133810097, 19.33897459779896], [-99.23869447389757, 19.339496765233793], [-99.23869422152215, 19.339496822128257], [-99.23701363105019, 19.339874148649752], [-99.23696142332687, 19.339876539973613], [-99.23691180594601, 19.3398609393687], [-99.2361968359745, 19.33948673393555], [-99.23617635441792, 19.33947370731851], [-99.23572236259244, 19.339127524949415], [-99.23503773328427, 19.339010278877357], [-99.2339193510651, 19.339059433430705], [-99.23382962728171, 19.33914727582473], [-99.23379867298907, 19.33917021750947], [-99.23376230596774, 19.339184288247303], [-99.23372327641867, 19.33918842395954], [-99.23331417051716, 19.339178026957565], [-99.23270511478754, 19.33948013072635], [-99.23268175574472, 19.339489319740547], [-99.23230554745194, 19.339601443539944], [-99.23222597609806, 19.339727713819887], [-99.23218285766474, 19.33993379887841], [-99.23221531146231, 19.34010700849663], [-99.23228553866764, 19.340249356271798], [-99.2324606625119, 19.34036907387566], [-99.23295001780403, 19.340380061462668], [-99.23322927799727, 19.34037970431613], [-99.23327131023673, 19.340385652519505], [-99.23330963751373, 19.340403077961117], [-99.23334086589486, 19.340430437594616], [-99.23350173405048, 19.34062078635759], [-99.2335239507336, 19.340657749048074], [-99.23353300004214, 19.340699428635364], [-99.23352799016305, 19.340741717625168], [-99.23346139961924, 19.340970468678563], [-99.23344449034053, 19.34100675415997], [-99.23341723728505, 19.341036838062852], [-99.23312315063372, 19.3412785838632], [-99.23310371880865, 19.341292016756835], [-99.23252871014103, 19.34162304625832], [-99.23249695254648, 19.341636614664974], [-99.23246267942156, 19.341642483214354], [-99.2312459520355, 19.341707494392033], [-99.22917521389499, 19.341847307801203], [-99.22790485832455, 19.34202545024564], [-99.22734749316167, 19.342260054242143], [-99.22732867363347, 19.34226651942557], [-99.22661962402853, 19.342457957336297], [-99.22660186859432, 19.34246161069227], [-99.22490612871573, 19.342704568698128], [-99.22371889985047, 19.34293400976056], [-99.2236828149333, 19.342936543047973], [-99.22294668089091, 19.342899334140792], [-99.22293719961073, 19.342898553455505], [-99.22141438601089, 19.342724466005407], [-99.22034701457765, 19.342838349788504], [-99.22033407310205, 19.342839167964996], [-99.21867418266648, 19.3428723788168], [-99.21736180895091, 19.34311960283485], [-99.21440527335663, 19.34369468589525], [-99.21438146188916, 19.343697366853878], [-99.21356740476286, 19.343723658568212], [-99.21192895719633, 19.343826732815316], [-99.21128332467619, 19.343913294973895], [-99.21102256531478, 19.344016780996267], [-99.21086435154069, 19.344267770413587], [-99.21084269303596, 19.344624684272492], [-99.21110110142003, 19.345032359824433], [-99.21138222687574, 19.345463215943518], [-99.21138941267952, 19.345475635328235], [-99.2115638406051, 19.345818431723906], [-99.21157650869608, 19.3458574952379], [-99.21157633442094, 19.345898367230664], [-99.21153649473258, 19.346139783024864], [-99.21152472054837, 19.346176326016494], [-99.2115026697936, 19.34620829801346], [-99.21147209474941, 19.34623315832732], [-99.2114354250919, 19.346248931406002], [-99.21139557481537, 19.346254363824045], [-99.21090038177307, 19.346254937658315], [-99.21086455230818, 19.346250645048645], [-99.21083100277633, 19.346237958776214], [-99.21034886781675, 19.34598444279002], [-99.21033614940836, 19.3459769008108], [-99.20973289093075, 19.34557589166393], [-99.20937941441589, 19.345518792392507], [-99.20907113046759, 19.345888196749833], [-99.20905530189859, 19.34590428505408], [-99.20839065617034, 19.3464783640814], [-99.20836565385527, 19.346495659030687], [-99.2077283321439, 19.346843023065155], [-99.20769174013952, 19.346857004550454], [-99.2072283754093, 19.346966574701206], [-99.20718700762481, 19.346970439289734], [-99.2063719644191, 19.34693331898771], [-99.20549505003176, 19.34690982976623], [-99.2047216149103, 19.34722899046647], [-99.20468708254228, 19.347238551553378], [-99.20392029820064, 19.347354175098314], [-99.20387961718863, 19.347354739578115], [-99.20306294233592, 19.34725472636247], [-99.20267009715533, 19.34725516375924], [-99.20220553763075, 19.347778587940287], [-99.20115029306122, 19.348998642935975], [-99.20111411815986, 19.3490284495967], [-99.20029827806452, 19.349499383866753], [-99.20026075876667, 19.34951457071887], [-99.20022024687157, 19.34951907161539], [-99.20018004677765, 19.349512519435542], [-99.19906876948386, 19.349170738181527], [-99.19906025558336, 19.349167833726018], [-99.19817424158887, 19.34883513399156], [-99.19813577468359, 19.348813554396735], [-99.19810621599298, 19.34878174814553], [-99.19808845892639, 19.348742828660217], [-99.19808424166226, 19.348700605654766], [-99.19809397700558, 19.34865921221213], [-99.19811671198376, 19.348622700208924], [-99.19815022113362, 19.348594643690223], [-99.19819122434728, 19.348577789018755], [-99.19823570795155, 19.348573786043623], [-99.19827931759144, 19.34858302660292], [-99.19916112196782, 19.348914145575677]]]]}}, {"type": "Feature", "properties": {"CVEGEO": "090040001", "CVE_ENT": "09", "CVE_MUN": "004", "CVE_LOC": "0001", "CVEVIAL": "01366", "CVESEG": "00001", "NOMVIAL": "Avenida de los Poetas", "TIPOVIAL": "Avenida", "SENTIDO": "Dos sentidos", "TIPOSEN": 2, "AMBITO": "Urbana", "MINUTES": 1.82746478048, "LENGTH": 0.8460928088468146, "VELOCIDAD": 3.0, "T_VIAL2024": "V\u00edas de acceso controlado - Viaductos", "NOMENCLATU": "Av. de los Poetas", "NOTA2024": null, "NombreMate": "Av. de los Poetas", "ID": 8, "TIPO_VIA": "V\u00edas de acceso controlado - Viaductos", "NOMBRE": "Av. de los Poetas"}, "geometry": {"type": "MultiPolygon", "coordinates": [[[[-99.26001563374582, 19.3558969263565], [-99.25987690060148, 19.355315155535703], [-99.2598750374527, 19.355305840425835], [-99.25970140023648, 19.354234452325965], [-99.25932740400403, 19.35285147252079], [-99.25932509456386, 19.352841337202765], [-99.25926243809471, 19.35250446436729], [-99.25910874535364, 19.35180211743048], [-99.25910606816565, 19.351783436500167], [-99.25908836792422, 19.3515277068411], [-99.2590880915053, 19.35151600573785], [-99.25909461164264, 19.351218005069896], [-99.25909532100057, 19.351207036615616], [-99.25912686010577, 19.350914137278494], [-99.25913040537766, 19.350894962043572], [-99.25918621719957, 19.350683611947268], [-99.25918725796288, 19.35067989512851], [-99.25924852807195, 19.35047295526699], [-99.25925258449276, 19.35046130667894], [-99.25935689745202, 19.35020180493914], [-99.25939972848519, 19.350023536195152], [-99.25941326353309, 19.349844353750363], [-99.25940422653181, 19.3497255459377], [-99.2593702466804, 19.349571691126442], [-99.25928159577661, 19.349361010845204], [-99.25924710863511, 19.349314126249144], [-99.25911271927444, 19.34914150200018], [-99.2590921130686, 19.34910386904818], [-99.25908476729451, 19.349062033932796], [-99.25909140099793, 19.349020091768285], [-99.25911136481588, 19.348982148144632], [-99.25914270454439, 19.3489519172443], [-99.25918235243219, 19.34893235827363], [-99.25922642747364, 19.348925385796925], [-99.25927061530633, 19.348931682327095], [-99.25931059052728, 19.34895063151722], [-99.25934244008965, 19.34898037849231], [-99.2594779701927, 19.349154467726787], [-99.2594802095737, 19.349157426598637], [-99.2595252196242, 19.34921861676273], [-99.25954074978841, 19.34924593970429], [-99.25964010988946, 19.34948206966944], [-99.25964725890925, 19.349504536820664], [-99.2596857596872, 19.34967886025806], [-99.2596884272556, 19.349696911464655], [-99.25969889745036, 19.349834558073024], [-99.25969890257839, 19.349854014222664], [-99.25968385201283, 19.350053264285556], [-99.25968064285773, 19.35007371006335], [-99.25963315308205, 19.350271370544178], [-99.25962734547699, 19.350289553770168], [-99.25952176230459, 19.3505522165386], [-99.25946279091875, 19.350751393584567], [-99.25940997186585, 19.35095141185271], [-99.25938006773067, 19.351229131911296], [-99.25937379651549, 19.351515778479442], [-99.25939043999288, 19.351756234194426], [-99.25954254577672, 19.352451323589904], [-99.2595433553903, 19.352455324338642], [-99.25960543518205, 19.352789093612987], [-99.25997982692759, 19.35417352726799], [-99.25998265102822, 19.35418661983609], [-99.2601566018351, 19.355259931584996], [-99.26029543904505, 19.355842134633974], [-99.26029744107085, 19.355852325462834], [-99.26039302105706, 19.35646883664647], [-99.26039253043983, 19.35651124621888], [-99.26037825622245, 19.356551436220972], [-99.26035159565643, 19.356585472572487], [-99.26031515846064, 19.356610023553607], [-99.26027251136496, 19.356622685938646], [-99.26022782897269, 19.356622220242276], [-99.26018548511807, 19.3566086720501], [-99.26014962472095, 19.356583367556382], [-99.26012375804994, 19.356548783745858], [-99.26011041711176, 19.356508305927473], [-99.26001563374582, 19.3558969263565]]]]}}, {"type": "Feature", "properties": {"CVEGEO": "090140001", "CVE_ENT": "09", "CVE_MUN": "014", "CVE_LOC": "0001", "CVEVIAL": "00208", "CVESEG": "00019", "NOMVIAL": "Interior (Avenida Revoluci\u00f3n)", "TIPOVIAL": "Circuito", "SENTIDO": "Un sentido", "TIPOSEN": 1, "AMBITO": "Urbana", "MINUTES": 2.29892849114, "LENGTH": null, "VELOCIDAD": 3.0, "T_VIAL2024": "V\u00edas de acceso controlado - anular", "NOMENCLATU": "Revoluci\u00f3n", "NOTA2024": null, "NombreMate": "Av. Revoluci\u00f3n", "ID": 22, "TIPO_VIA": "V\u00edas de acceso controlado - anular", "NOMBRE": "Revoluci\u00f3n"}, "geometry": {"type": "MultiPolygon", "coordinates": []}}, {"type": "Feature", "properties": {"CVEGEO": "090100001", "CVE_ENT": "09", "CVE_MUN": "010", "CVE_LOC": "0001", "CVEVIAL": "00074", "CVESEG": "00022", "NOMVIAL": "Camino Real a Toluca", "TIPOVIAL": "Avenida", "SENTIDO": "Dos sentidos", "TIPOSEN": 2, "AMBITO": "Urbana", "MINUTES": 0.60824978112, "LENGTH": 2.0538827525515377, "VELOCIDAD": 3.0, "T_VIAL2024": "V\u00edas primarias  - Avenidas primarias", "NOMENCLATU": "Camino Real a Toluca", "NOTA2024": null, "NombreMate": "Camino Real a Toluca", "ID": 12, "TIPO_VIA": "V\u00edas primarias  - Avenidas primarias", "NOMBRE": "Camino Real a Toluca"}, "geometry": {"type": "MultiPolygon", "coordinates": [[[[-99.20668642855357, 19.390750838948552], [-99.20666950738952, 19.390746054852418], [-99.20656519670891, 19.390709764995297], [-99.20655958360987, 19.390707683713163], [-99.20640170513774, 19.390645470202656], [-99.20633946315905, 19.390620942717696], [-99.20633639311349, 19.390619692778557], [-99.20624539790084, 19.390581443316215], [-99.20598149551981, 19.39047051374056], [-99.20553315287194, 19.390294178426103], [-99.20553128754645, 19.390293430035495], [-99.20520328521472, 19.390159222655928], [-99.20496400613371, 19.390064538395453], [-99.20452625204454, 19.389926921555855], [-99.20400637250637, 19.389858694910743], [-99.20356884599582, 19.389895362702077], [-99.20338116834587, 19.38994604700263], [-99.20312887971234, 19.39007957591719], [-99.20263827710788, 19.390352961731985], [-99.20214720444531, 19.390638649253216], [-99.20214707272049, 19.390638725792478], [-99.20196971773878, 19.39074165345338], [-99.20131689200787, 19.39112312170339], [-99.20114708845598, 19.391223378121893], [-99.20114607349285, 19.391223971820715], [-99.20079186252055, 19.391429234844566], [-99.20029845297721, 19.391720738546056], [-99.20029636796765, 19.39172194700012], [-99.19980763038923, 19.39199979681535], [-99.1998073218933, 19.391999971696183], [-99.199355848975, 19.392255172082603], [-99.19935378033398, 19.39225631920922], [-99.19892364813539, 19.392490270704045], [-99.19892228906049, 19.392491000574704], [-99.19873323840164, 19.39259123660802], [-99.19850942923027, 19.392712045945164], [-99.19827260623758, 19.39284357241021], [-99.19751721161018, 19.39328547615508], [-99.19750684734909, 19.393290988415337], [-99.19708536455353, 19.393493777644423], [-99.19660600681485, 19.393730558833255], [-99.19547477746065, 19.394629458303285], [-99.19546714998812, 19.39463511333247], [-99.19469284915114, 19.395170103133083], [-99.19391487107652, 19.395752317628776], [-99.19390708997867, 19.3957577461999], [-99.1931964338459, 19.396219257195607], [-99.19316895426431, 19.396233195480768], [-99.19306664101082, 19.39627215513569], [-99.19306240266367, 19.39627369533413], [-99.19210809878719, 19.396604086267992], [-99.192107694036, 19.39660422574061], [-99.19147777032218, 19.3968202697552], [-99.19135039463208, 19.396865891830466], [-99.19089871439748, 19.39706791649051], [-99.19054898953682, 19.39725950608745], [-99.19038161586082, 19.39735842508398], [-99.19017585322176, 19.397479849911164], [-99.19015600288715, 19.39750070558273], [-99.1901534676872, 19.397503300284097], [-99.19008781392209, 19.397568760271316], [-99.18998143276002, 19.397678295647413], [-99.1899463740687, 19.39770460346171], [-99.18990446383532, 19.39771934363252], [-99.18985980453333, 19.397721073285997], [-99.18981676773672, 19.397709623111126], [-99.1897795661959, 19.397686113933236], [-99.189751841461, 19.397652846998902], [-99.18973630741992, 19.397613078712165], [-99.18973448464503, 19.397570701873228], [-99.18974655155188, 19.397529864622825], [-99.18977132693863, 19.397494564393124], [-99.18987848521382, 19.397384229007436], [-99.18988005282849, 19.397382640686956], [-99.1899452116828, 19.39731767423287], [-99.18997729973032, 19.397283961100516], [-99.19000787505985, 19.397259706689532], [-99.19023060316451, 19.397128270316582], [-99.19039996472569, 19.397028176519374], [-99.1904040633808, 19.397025843561433], [-99.19076100217167, 19.396830302049896], [-99.19077151970731, 19.396825080540943], [-99.19123371534836, 19.396618352687724], [-99.19124417723798, 19.396614147311972], [-99.1913778140338, 19.39656628271351], [-99.19137970323467, 19.396565620457487], [-99.19201037067616, 19.396349321417677], [-99.19296233894694, 19.39601973917713], [-99.19304800025941, 19.395987120393187], [-99.19374173457612, 19.39553659894075], [-99.19451807445431, 19.39495561086212], [-99.19452245014814, 19.394952463723193], [-99.19529505549077, 19.394418645801785], [-99.19643451262232, 19.39351320904991], [-99.19646026864675, 19.39349689644654], [-99.19695411851949, 19.393252956920737], [-99.19695547730738, 19.393252294475893], [-99.1973723378952, 19.393051729230926], [-99.19812406528014, 19.392611971026504], [-99.19812687392185, 19.392610369856595], [-99.19836587066199, 19.392477636204692], [-99.1983673960265, 19.39247680098363], [-99.1985924460871, 19.392355321887827], [-99.19859339956304, 19.392354811790838], [-99.1987822461653, 19.392254683996548], [-99.19921066113245, 19.392021666626157], [-99.19966095002921, 19.391767135649708], [-99.20014848508951, 19.391489969616874], [-99.20064138053401, 19.391198769798354], [-99.2006424300799, 19.391198155678467], [-99.20099665812711, 19.390992882870677], [-99.20116623703042, 19.390892759144776], [-99.20116680118205, 19.390892427776727], [-99.20182009458921, 19.390510686453723], [-99.20182046645043, 19.390510469904033], [-99.2019979414974, 19.39040747261859], [-99.20249010483448, 19.390121150734487], [-99.20249243197559, 19.39011982558255], [-99.20298557207525, 19.389845025897767], [-99.20298832505708, 19.389843530563123], [-99.20325650530286, 19.389701590737133], [-99.203286988013, 19.38968959830013], [-99.20350367648702, 19.38963107933622], [-99.20353021154982, 19.3896264277071], [-99.20399735113294, 19.389587278135526], [-99.20402948880084, 19.389588030605694], [-99.20457833873786, 19.389660059208317], [-99.20460369342156, 19.389665658864214], [-99.20505895338094, 19.38980877902551], [-99.20506901032644, 19.389812343877857], [-99.20531403959856, 19.389909303510407], [-99.20531562087433, 19.389909939845975], [-99.20564348155202, 19.390044089238838], [-99.20609247656759, 19.390220681094284], [-99.20609563705752, 19.3902219666357], [-99.20636111166945, 19.390333557063872], [-99.20645057991393, 19.390371164663307], [-99.20651127834502, 19.390395083882733], [-99.20666637246009, 19.39045620018064], [-99.20675954882464, 19.390488616388357], [-99.20690185120736, 19.390519911009335], [-99.20694327717526, 19.390535831789457], [-99.2069774910773, 19.39056312095976], [-99.20700114382024, 19.39059910727087], [-99.20701192010438, 19.3906402681363], [-99.20700876506277, 19.390682574446114], [-99.20699198752261, 19.390721884963355], [-99.20696322977888, 19.390754351697407], [-99.20692530683803, 19.390776796573373], [-99.20688193086619, 19.39078702252604], [-99.20683734781485, 19.39078402856556], [-99.20668642855357, 19.390750838948552]]]]}}, {"type": "Feature", "properties": {"CVEGEO": "090080001", "CVE_ENT": "09", "CVE_MUN": "008", "CVE_LOC": "0001", "CVEVIAL": "02198", "CVESEG": "00006", "NOMVIAL": "Boulevard Adolfo Ru\u00edz Cortines", "TIPOVIAL": "Perif\u00e9rico", "SENTIDO": "Dos sentidos", "TIPOSEN": 2, "AMBITO": "Urbana", "MINUTES": 1.52102653432, "LENGTH": 4.185372938114879, "VELOCIDAD": 3.0, "T_VIAL2024": null, "NOMENCLATU": null, "NOTA2024": null, "NombreMate": null, "ID": null, "TIPO_VIA": "Sin clasificacion", "NOMBRE": "Boulevard Adolfo Ru\u00edz Cortines"}, "geometry": {"type": "MultiPolygon", "coordinates": [[[[-99.22121763499952, 19.31658344770105], [-99.22129726787, 19.31703069893998], [-99.2213367678305, 19.31724235595221], [-99.22136339368785, 19.317372665112945], [-99.22143125020412, 19.31770450607687], [-99.22145545350263, 19.317811789782006], [-99.22150855313838, 19.3180471767673], [-99.22156398023549, 19.318291160556875], [-99.2215658792231, 19.318301416901775], [-99.2215941306752, 19.318498026035243], [-99.22161942937798, 19.31867405489504], [-99.22162069184937, 19.31868885313746], [-99.22162828219777, 19.318965651922422], [-99.2216281320808, 19.318976324758562], [-99.22160970351008, 19.319307795333604], [-99.22160804990624, 19.31932241298634], [-99.22154924899138, 19.319665623017016], [-99.22154301021317, 19.31968884355262], [-99.22144487076376, 19.319953703915097], [-99.22144294567173, 19.31995859621214], [-99.2213650561222, 19.320145476254584], [-99.22136155885961, 19.320153164186717], [-99.22127573762384, 19.320326874546144], [-99.2212684090136, 19.320339829987418], [-99.22115543987047, 19.320515900447326], [-99.22115474074549, 19.32051697871509], [-99.22102225048634, 19.32071919783712], [-99.22101092597612, 19.320734120138383], [-99.22082715697525, 19.320944550620986], [-99.22081589071676, 19.320956028901648], [-99.22069864880872, 19.32106240794319], [-99.22067006286679, 19.321088346772513], [-99.22066935637558, 19.321088983477487], [-99.22061917960468, 19.321133895920436], [-99.220617437205, 19.32113546415162], [-99.22061714130331, 19.32113572971576], [-99.2205679170955, 19.32117978114663], [-99.22055812567353, 19.3211877812324], [-99.22053718571563, 19.321203382095533], [-99.22044122024084, 19.321274880387733], [-99.22014641653465, 19.32149452040134], [-99.22014158357287, 19.321497966745046], [-99.2193941187935, 19.322007844179186], [-99.21914222624828, 19.322182661967943], [-99.21864775123429, 19.322525835829385], [-99.21864703986985, 19.322526326343105], [-99.21764498023161, 19.323212816470978], [-99.21602455526278, 19.324321385573306], [-99.21443810651263, 19.325427827987706], [-99.21370910897853, 19.32601528411351], [-99.21289481213333, 19.326882020644057], [-99.21280483809636, 19.32700044694975], [-99.21258810630133, 19.32730623355442], [-99.21223644629391, 19.32789160318096], [-99.21192557143188, 19.32849237460788], [-99.21078874190003, 19.330793891999086], [-99.21078771419529, 19.330795928268493], [-99.21063308599638, 19.331095867802592], [-99.21060741073478, 19.331130577476255], [-99.21057169318377, 19.331156056624852], [-99.21052942962889, 19.33116981116714], [-99.21048475712948, 19.331170494709653], [-99.21044204855134, 19.33115804034223], [-99.2104054845163, 19.331133667187753], [-99.21037864417046, 19.331099761064902], [-99.21036415483113, 19.331059640945888], [-99.21036343480763, 19.331017234070515], [-99.21037655457062, 19.33097669151947], [-99.21053066034416, 19.330677766267165], [-99.2116675378961, 19.328376158971498], [-99.21166865925653, 19.328373941315593], [-99.21198204871483, 19.327768312202846], [-99.21198617401451, 19.327760924813823], [-99.21234263508607, 19.32716756487597], [-99.21234820268685, 19.327159045465237], [-99.21256918297972, 19.326847265301257], [-99.21257184194792, 19.326843642577053], [-99.21266750223906, 19.32671773209723], [-99.21267674980554, 19.326706799737533], [-99.21350256892059, 19.325827800119797], [-99.21351672850959, 19.325814683245518], [-99.21425710945935, 19.325218054457288], [-99.21426497607224, 19.325212153476464], [-99.2158559945802, 19.324102524793027], [-99.21585705454696, 19.32410179261549], [-99.21747789683602, 19.322992938832403], [-99.21847956157885, 19.322306719722274], [-99.21897368168622, 19.321963792416632], [-99.21922604724342, 19.32178864647419], [-99.21922699583676, 19.321787993784717], [-99.21997248094821, 19.321279467132513], [-99.22026490636772, 19.32106159920407], [-99.22036087214457, 19.32099010074429], [-99.22037672722347, 19.320978288270343], [-99.22042109835691, 19.320938579964444], [-99.22042283585576, 19.320937016145873], [-99.22042312192943, 19.32093675937808], [-99.22047308752853, 19.320892035999762], [-99.22050132285253, 19.320866415348412], [-99.22061258570253, 19.320765461499953], [-99.22078487545024, 19.3205681760022], [-99.22091188579387, 19.320374321270886], [-99.22102047324145, 19.32020508039486], [-99.22110112725946, 19.32004182949415], [-99.22117638136258, 19.319861273365685], [-99.2212694036642, 19.31961022437261], [-99.22132492606256, 19.319286153672447], [-99.22134264994126, 19.318967368182197], [-99.22133541026153, 19.31870334059403], [-99.22131117028505, 19.318534676348197], [-99.22128366034059, 19.318343225275296], [-99.22122936903311, 19.318104239314316], [-99.22122932573826, 19.31810404806415], [-99.22117620560287, 19.317868568438218], [-99.22115171496633, 19.317760010261065], [-99.22115116539798, 19.31775745437502], [-99.22108304564959, 19.317424323351165], [-99.22105619325585, 19.317292904415357], [-99.2210557699444, 19.31729073870097], [-99.22101596953122, 19.317077469791094], [-99.22101577709655, 19.317076414380118], [-99.22093606126931, 19.316628692893318], [-99.22070195616334, 19.31531614246002], [-99.2207019545898, 19.315316002295564], [-99.22070190775645, 19.31531586936177], [-99.22066563998256, 19.315109971411314], [-99.22061425822886, 19.314833123616847], [-99.22059200197309, 19.314712994785044], [-99.22051674755815, 19.314327197900308], [-99.22037932692015, 19.31375166197956], [-99.22027583405638, 19.31343495904588], [-99.2201695150472, 19.31313145663213], [-99.2199911016834, 19.312728149923558], [-99.21979699020102, 19.312322955845914], [-99.21972313538515, 19.31218786131209], [-99.2195405141873, 19.311875005566606], [-99.21930235179774, 19.311516324537994], [-99.21907693294006, 19.31121867826066], [-99.21889101682287, 19.310974327110134], [-99.21876158369446, 19.310817335581234], [-99.21875818516251, 19.31081304076464], [-99.21811735632491, 19.309968878118656], [-99.2177415289949, 19.30950818265861], [-99.21768760982, 19.30944208815431], [-99.2171003343801, 19.308871697351666], [-99.21676700078072, 19.308601819928683], [-99.21647333848013, 19.308385379761717], [-99.2163322397008, 19.30828769229697], [-99.21585166239974, 19.307998804077766], [-99.21533457085414, 19.307744213610533], [-99.21480075354424, 19.307536306542367], [-99.21432727838402, 19.307379865690585], [-99.21375647580123, 19.307256245209945], [-99.2132757050568, 19.307152120362858], [-99.21150134114906, 19.306843014024697], [-99.21150060744154, 19.30684288432122], [-99.21000336343354, 19.3065743518309], [-99.20929027962202, 19.306450217406432], [-99.20928884218715, 19.30644995994032], [-99.20845082975502, 19.30629563245184], [-99.20572609675672, 19.305815160881075], [-99.20568399336639, 19.305800987895516], [-99.20564856363106, 19.305775155828066], [-99.20562327566286, 19.3057401933061], [-99.20561060482069, 19.30569952270938], [-99.20561179140624, 19.305657125161996], [-99.20562671925795, 19.305617150831125], [-99.2056539271256, 19.305583512679824], [-99.20569075171076, 19.305559503440083], [-99.20573358837008, 19.305547473299058], [-99.20577824396152, 19.305548599848066], [-99.20850353156872, 19.306029169242134], [-99.20850464849805, 19.30602937056007], [-99.20934249964093, 19.30618366835715], [-99.21005524010775, 19.3063077430176], [-99.21005599410519, 19.306307876261013], [-99.21155324590174, 19.30657641016758], [-99.21333024697618, 19.306885975921194], [-99.21333623458055, 19.30688714528675], [-99.21381998482681, 19.306991915437862], [-99.21439849432745, 19.307117205018553], [-99.21441366941654, 19.307121341542814], [-99.21489827875062, 19.307281461223944], [-99.21490553975404, 19.30728407254881], [-99.21544883957358, 19.30749567274831], [-99.21546038135038, 19.30750074938691], [-99.21598858040248, 19.307760808558996], [-99.21599922983275, 19.307766616694664], [-99.21648895978652, 19.30806100668021], [-99.2164967068685, 19.30806600905897], [-99.21664332659573, 19.308167518798165], [-99.21664675576544, 19.308169968709937], [-99.21694470626717, 19.308389569279797], [-99.21694979733958, 19.308393502922584], [-99.2172905574545, 19.30866939284358], [-99.21730001410127, 19.308677781037755], [-99.21789756390083, 19.309258150123846], [-99.21790834411202, 19.309269901742358], [-99.21796729758472, 19.309342167209223], [-99.21834463446288, 19.309804712332078], [-99.21834758385583, 19.309808459538544], [-99.21898819944533, 19.310652339766722], [-99.21911758542974, 19.310809273854673], [-99.21912089433948, 19.31081345072789], [-99.21930851464607, 19.311060041266394], [-99.21930869834009, 19.311060283256566], [-99.21953674832348, 19.311361403153377], [-99.21954160710169, 19.31136824930013], [-99.21978423798495, 19.3117336592448], [-99.21978833962142, 19.311740240915906], [-99.21997385895249, 19.31205806075826], [-99.21997570166603, 19.31206132177737], [-99.22005216189976, 19.31220118172596], [-99.22005540365642, 19.312207507745928], [-99.22025191416863, 19.312617708293125], [-99.22025358651838, 19.312621339087574], [-99.22043492586461, 19.313031258554297], [-99.22043876861562, 19.313040970286423], [-99.22054726970107, 19.31335070029984], [-99.22054815408076, 19.313353312881638], [-99.22065372469136, 19.313676372378396], [-99.22065660402329, 19.313686571279398], [-99.22079588422511, 19.31426989118742], [-99.2207970300798, 19.31427517580219], [-99.22087291971162, 19.314664225778184], [-99.22087314812343, 19.314665426909173], [-99.2208955048126, 19.314786096757917], [-99.22094699129794, 19.315063506301435], [-99.22094720192479, 19.315064670833145], [-99.22098354862398, 19.31527101485437], [-99.22121763499952, 19.31658344770105]]]]}}, {"type": "Feature", "properties": {"CVEGEO": "090080001", "CVE_ENT": "09", "CVE_MUN": "008", "CVE_LOC": "0001", "CVEVIAL": "02771", "CVESEG": "00002", "NOMVIAL": "Boulevard Adolfo L\u00f3pez Mateos", "TIPOVIAL": "Perif\u00e9rico", "SENTIDO": "Dos sentidos", "TIPOSEN": 2, "AMBITO": "Urbana", "MINUTES": 4.72460808362, "LENGTH": 8.903471992560863, "VELOCIDAD": 3.0, "T_VIAL2024": null, "NOMENCLATU": null, "NOTA2024": null, "NombreMate": null, "ID": null, "TIPO_VIA": "Sin clasificacion", "NOMBRE": "Boulevard Adolfo L\u00f3pez Mateos"}, "geometry": {"type": "MultiPolygon", "coordinates": [[[[-99.21058318324047, 19.331192628309335], [-99.21055572533247, 19.331248587074494], [-99.21040678782845, 19.331552096722472], [-99.21036600016106, 19.331635232312756], [-99.2103657977409, 19.33163564309925], [-99.21015168671006, 19.33206826646532], [-99.20971616873962, 19.33294824358037], [-99.20971295581134, 19.332954333027455], [-99.20949540656217, 19.333342012739454], [-99.20948877421439, 19.333352635508984], [-99.20924334521179, 19.33370778551529], [-99.20924297989998, 19.33370831147246], [-99.20905108993219, 19.333983192191987], [-99.20905031181054, 19.33398429507736], [-99.20875031127746, 19.33440503511569], [-99.20874717700826, 19.33440925535634], [-99.20855886604168, 19.334652826054548], [-99.20855456946948, 19.334658105954006], [-99.20831589130252, 19.334936945488334], [-99.20830810965174, 19.33494530829916], [-99.20807501810269, 19.33517593851707], [-99.20806625050827, 19.335183906240985], [-99.20755302053632, 19.3356121505229], [-99.2070184222679, 19.336089857101527], [-99.20701681762652, 19.336091269118604], [-99.2068816065365, 19.33620843368398], [-99.20675525326415, 19.336318329162534], [-99.20675110282784, 19.336321801041052], [-99.20604383314401, 19.33689071659933], [-99.20582734244701, 19.337068717083728], [-99.20550182122399, 19.337340034544603], [-99.20521564558275, 19.337581591748947], [-99.20521546250576, 19.337581746014994], [-99.20470933335865, 19.33800748779236], [-99.204498553593, 19.338238601635418], [-99.20428921432674, 19.338468181255564], [-99.20420308932876, 19.338584237259173], [-99.20420151037955, 19.338586322696397], [-99.20402240686889, 19.338818210850334], [-99.20385011179503, 19.339096726909137], [-99.20360742201446, 19.339520234597813], [-99.20354532126304, 19.339671446078277], [-99.20330065241663, 19.34026751025815], [-99.20321281095752, 19.340505536717682], [-99.20306719867996, 19.34090450960583], [-99.20300460373687, 19.341151374782907], [-99.2029455868992, 19.341400300530914], [-99.20292092651736, 19.341556644172666], [-99.20275814894538, 19.343305963235753], [-99.20270036817271, 19.344081976820217], [-99.20269990779634, 19.3440868879488], [-99.20266340248997, 19.344409695594848], [-99.20260120250221, 19.345079610994965], [-99.20259913895177, 19.345093532402114], [-99.20257650247588, 19.345204265071047], [-99.20254559739702, 19.34537357318313], [-99.20254530823286, 19.345375104994698], [-99.20250202923374, 19.345597024957026], [-99.20250148766958, 19.345599656255008], [-99.20243896780586, 19.345888226506], [-99.20217743857573, 19.347095336475448], [-99.2021745757884, 19.34710623835854], [-99.20216192019679, 19.34714712982848], [-99.20216157949102, 19.34714821393372], [-99.20215312150788, 19.347174722412614], [-99.20213312592747, 19.347246157361443], [-99.20209270600733, 19.34739364721724], [-99.20208975007144, 19.347403028481256], [-99.20207838687591, 19.347434856108247], [-99.20162081360223, 19.348719419667077], [-99.20161885404355, 19.348724574887235], [-99.20152475129564, 19.34895729345115], [-99.20152465960736, 19.348957519593927], [-99.20149305428595, 19.349035264528794], [-99.20143674928089, 19.349176480661182], [-99.20143668603251, 19.349176638992756], [-99.20141819003958, 19.349222853464624], [-99.20141619505209, 19.34922783765679], [-99.20138939847487, 19.34930245669117], [-99.2013892541379, 19.349302856575996], [-99.20138573948489, 19.349312544612705], [-99.20138482216973, 19.34931684796678], [-99.20138477579866, 19.349317064596097], [-99.2013772220275, 19.349352206290973], [-99.20137586475586, 19.34935741115141], [-99.20134942976763, 19.349481166858784], [-99.2013493646136, 19.34948147010003], [-99.20127004502663, 19.349848499835993], [-99.20126992528976, 19.349849048129155], [-99.2011862309414, 19.35022835289513], [-99.20104812693954, 19.350859697815665], [-99.20104808173703, 19.35085990365684], [-99.20088367249245, 19.351605683661006], [-99.20088352343316, 19.351606351418013], [-99.20071782384645, 19.352339542200387], [-99.20071754722605, 19.352340739757263], [-99.20046653711887, 19.353404400232854], [-99.20046125903666, 19.35342144180096], [-99.20021591819379, 19.35405646180412], [-99.20007924391928, 19.35442297928197], [-99.19993121685752, 19.354820158725293], [-99.199916712872, 19.35484825084718], [-99.19941366253417, 19.355591040044782], [-99.1994107239404, 19.355595207526225], [-99.199132094742, 19.355974965794637], [-99.1991095277032, 19.356005772792575], [-99.1990326862401, 19.356110931330033], [-99.19903166418102, 19.35611231160922], [-99.1990239175169, 19.356122636221247], [-99.19900403515129, 19.356143975354442], [-99.19895968617651, 19.35618252119204], [-99.19887628116602, 19.35625536992331], [-99.19887583273749, 19.356255759925098], [-99.19886570475612, 19.356264530727987], [-99.19878851328285, 19.35633196219347], [-99.1987619644151, 19.35635523207121], [-99.19873427690523, 19.356379588419387], [-99.19872956620245, 19.356383438776867], [-99.1987216209789, 19.356390551982482], [-99.19870739281491, 19.356401731758037], [-99.19832195240532, 19.35666667185874], [-99.19830134342125, 19.356678462245462], [-99.19779530323271, 19.356915292671253], [-99.19778292558392, 19.35692041018931], [-99.19591526021067, 19.357594802760303], [-99.19575737140782, 19.357664393129756], [-99.19550598995438, 19.357803015788154], [-99.19505221813102, 19.358138646367067], [-99.19404748586788, 19.35899183266341], [-99.19331472378869, 19.359620040042085], [-99.19277339937258, 19.36008776274426], [-99.19277070941624, 19.360090028821922], [-99.19263325078849, 19.3602029222353], [-99.19222282654421, 19.360622488067516], [-99.19214445690879, 19.360717447670474], [-99.19183943542352, 19.361176238403146], [-99.19161709003819, 19.36159442424049], [-99.19150219448014, 19.361857794699095], [-99.19147409213484, 19.36195723014151], [-99.19147363563977, 19.361958807286893], [-99.19139992167543, 19.362207595772443], [-99.19132378503869, 19.362568095533785], [-99.19130003094331, 19.362774672927966], [-99.19125938342725, 19.363227968742976], [-99.1912573378539, 19.363253817340237], [-99.19125726401552, 19.363254710831605], [-99.19125489618033, 19.363282197250026], [-99.19125486459474, 19.363282557972866], [-99.19123541389399, 19.36350115775641], [-99.191235057381, 19.36350463076975], [-99.19107852038502, 19.36484989793539], [-99.1909690587028, 19.365864004184782], [-99.19092250324323, 19.366444402736036], [-99.19089924302794, 19.366786299972727], [-99.19090769861452, 19.36687019347073], [-99.19092346782176, 19.36696880794572], [-99.19093931574619, 19.367058407394158], [-99.19098091368998, 19.36721886989581], [-99.19103790847005, 19.367365818340737], [-99.19113134760589, 19.367530784308613], [-99.191131800261, 19.367531589960134], [-99.19134660100191, 19.36791701959981], [-99.19134755575863, 19.367918763232975], [-99.19155986897867, 19.3683134665736], [-99.19165665825034, 19.368480052084223], [-99.19166422116632, 19.36849521946861], [-99.19175896169715, 19.36872028873925], [-99.1917620992861, 19.36872850120729], [-99.19179545972634, 19.368825461597627], [-99.19179699537086, 19.36883021904673], [-99.1918640955985, 19.36905258905609], [-99.19186655087933, 19.369061980112324], [-99.19190248024793, 19.369223929819753], [-99.19190406283559, 19.369232382746837], [-99.19193747369695, 19.36945078312209], [-99.19193867021816, 19.36946169333405], [-99.19195597019488, 19.369720972955083], [-99.19195624896507, 19.369728221707273], [-99.19195870942212, 19.369968332112045], [-99.19195821668782, 19.369980977201998], [-99.19194219612048, 19.37016230671052], [-99.19194191217993, 19.370165158335134], [-99.19188300288462, 19.370696758156512], [-99.19188296724012, 19.37069707620527], [-99.19178955352521, 19.371521337343296], [-99.19178349388993, 19.37165293847693], [-99.19179747428875, 19.3718533505532], [-99.19181841490011, 19.37196621224067], [-99.19186181543105, 19.372118240310485], [-99.19196029165576, 19.372365805836697], [-99.1920499364279, 19.372574681333216], [-99.19213655437682, 19.372757751178057], [-99.19214233428215, 19.37277208921108], [-99.19223785447944, 19.373056319068834], [-99.1922431911932, 19.37307846199125], [-99.1922578206409, 19.373176288975532], [-99.19227805493432, 19.373304146476308], [-99.19227949147518, 19.373318116459192], [-99.19228329151228, 19.373397346014947], [-99.19228337393776, 19.37340760909951], [-99.1922771735643, 19.37360211926499], [-99.19227622865026, 19.37361411408111], [-99.1921943692774, 19.374263844243334], [-99.19219413073351, 19.37426464329224], [-99.19219415345083, 19.374265473511866], [-99.19193364376456, 19.37614021172071], [-99.19191609262852, 19.376280176911724], [-99.19177994460526, 19.377425680677923], [-99.19176842885405, 19.37767062123563], [-99.19177294835431, 19.377877981309418], [-99.19178209517136, 19.378050015735116], [-99.19183756734019, 19.37878419442776], [-99.19183760071996, 19.378784646815916], [-99.1918473513307, 19.378920044209195], [-99.19189961103983, 19.37962378050166], [-99.1918999638159, 19.379633711181214], [-99.19189770462393, 19.38035843585227], [-99.19189707525969, 19.380831521595823], [-99.19189706563186, 19.380832933597635], [-99.19189081997489, 19.38134041322429], [-99.19188875271776, 19.381634763361355], [-99.19188874721576, 19.381635353815373], [-99.19187658815676, 19.38268232439713], [-99.19187513707752, 19.382700160627458], [-99.19183961727222, 19.38293413014678], [-99.19183812482004, 19.382942217331028], [-99.19182511503234, 19.38300199783552], [-99.19182482419374, 19.38300330185047], [-99.19181217466226, 19.383058672558505], [-99.19180573050753, 19.383079021151204], [-99.1915247808629, 19.38376561031054], [-99.19152402900193, 19.383767409539075], [-99.19145357835137, 19.38393254977564], [-99.19138151824113, 19.384101452910134], [-99.19137868276817, 19.384108087950214], [-99.19113040886954, 19.384690049567695], [-99.19096763011589, 19.385071609798484], [-99.19096714576665, 19.385072730704543], [-99.19053587562654, 19.386058223737283], [-99.1904761209124, 19.386226700389468], [-99.1903048269777, 19.386885150253352], [-99.1903046473629, 19.386885833063495], [-99.19012557771292, 19.38755912545313], [-99.18997728740923, 19.388123477174624], [-99.18997704989387, 19.38812436821065], [-99.18994745979629, 19.388233813061362], [-99.1897965183838, 19.38880125723087], [-99.18963521582391, 19.389427305270488], [-99.18963511539647, 19.38942769257759], [-99.18960846123802, 19.389529838645302], [-99.18945424643498, 19.390127652539633], [-99.1894540809196, 19.390128287520504], [-99.18917627413752, 19.391183129575953], [-99.18895463450671, 19.39204861059578], [-99.18895291086375, 19.392054716994654], [-99.18884938115956, 19.392390006894853], [-99.18884822564235, 19.39239356709343], [-99.18855180127098, 19.3932641500579], [-99.18851272599977, 19.39345326469221], [-99.18850714558604, 19.393632564241635], [-99.18851473361661, 19.393801506587685], [-99.18853336719985, 19.39389279037739], [-99.1885527843053, 19.3939838652877], [-99.188586458442, 19.394082630800703], [-99.18870209611494, 19.394365286510265], [-99.18881219740142, 19.394624324642415], [-99.18881447939344, 19.39463006466728], [-99.18884053767744, 19.394700389525067], [-99.18918803102785, 19.395540520326563], [-99.18922813681448, 19.395636176681244], [-99.18939105721225, 19.396024713759797], [-99.18971705188557, 19.39680361525403], [-99.18971790020076, 19.396805691690172], [-99.19001000048776, 19.397538471274757], [-99.19001050604642, 19.397539759235805], [-99.19005623830867, 19.397658097269385], [-99.19031132706235, 19.398265045075313], [-99.19031143836908, 19.39826531072669], [-99.19049530993054, 19.398705499845352], [-99.19060803746832, 19.39896923777488], [-99.19074105938041, 19.399259486076062], [-99.19094124476614, 19.39956951777723], [-99.19094591548813, 19.399576750662302], [-99.19126917620684, 19.400029290477573], [-99.19138588562642, 19.40017087018069], [-99.19158195619931, 19.400332293316755], [-99.19197506545339, 19.40061980454995], [-99.19198832466567, 19.400630802424928], [-99.1921254144275, 19.40075949130315], [-99.19213533094492, 19.4007698121695], [-99.19223666934904, 19.40088686529792], [-99.19224340886146, 19.400894647760527], [-99.19225680535, 19.400913016384443], [-99.19234851542974, 19.40106399604623], [-99.19235998803292, 19.401088022028883], [-99.19243087690216, 19.401285702132682], [-99.19243111947131, 19.401286384496075], [-99.19245350910532, 19.401349924810397], [-99.19246021528052, 19.40137983032755], [-99.19248681577272, 19.40164019991495], [-99.19248685021375, 19.401666017975472], [-99.19241388160295, 19.402399572972378], [-99.19239072009687, 19.402639857521386], [-99.19239054998181, 19.40264151062523], [-99.19233949879049, 19.40310803452393], [-99.19232873481214, 19.403241225114563], [-99.19234336464689, 19.403712064040757], [-99.19234420334442, 19.40373903135104], [-99.19233851629043, 19.40378109875181], [-99.19231940734639, 19.40381943971006], [-99.1922887470222, 19.403850301141965], [-99.19224953656332, 19.403870662110723], [-99.19220561416819, 19.403878529538733], [-99.19216127927649, 19.403873133305474], [-99.19212087170641, 19.403855001632984], [-99.1920883468391, 19.40382590937939], [-99.1920668884359, 19.403788704301988], [-99.19205859698931, 19.40374702829712], [-99.19205775828155, 19.403720059144895], [-99.1920429057421, 19.40324202594099], [-99.19204326192016, 19.40322766637447], [-99.19205475274833, 19.403085485007498], [-99.19205509851282, 19.403081849479705], [-99.19210625878928, 19.402614336154805], [-99.19212935984724, 19.402374683037472], [-99.19212939816299, 19.402374291796935], [-99.19220110322941, 19.401653451898998], [-99.1921773863505, 19.401421303608107], [-99.19216025876236, 19.401372696403424], [-99.19209399110689, 19.40118790214542], [-99.19201515259516, 19.401058112254503], [-99.1919192268271, 19.400947310946837], [-99.19179364758139, 19.400829427088564], [-99.19140424449363, 19.400544626229138], [-99.19139783435365, 19.40053965038867], [-99.1911882243386, 19.400367080186516], [-99.19116932242468, 19.40034820832734], [-99.19104112281337, 19.400192689675986], [-99.19103539330634, 19.40018522904208], [-99.19070756090281, 19.3997262883162], [-99.19070400515085, 19.399721055678], [-99.19069761815634, 19.399711165022723], [-99.19049221410553, 19.39939305031372], [-99.19048302036433, 19.399376291446686], [-99.19040918562956, 19.399215186717072], [-99.19039441741128, 19.39926101761333], [-99.19037261621625, 19.399302043914656], [-99.1902586964694, 19.39944804346512], [-99.19024058023558, 19.399467163464198], [-99.19014641750736, 19.3995493257477], [-99.19007676313761, 19.399652288773165], [-99.19004703101682, 19.399683956705406], [-99.19000844094316, 19.39970535663671], [-99.18996477038698, 19.39971439378844], [-99.18992029413599, 19.39971018353913], [-99.18987936584568, 19.39969313801817], [-99.1898459918694, 19.399664925763435], [-99.18982343908579, 19.399628308391765], [-99.18981391511339, 19.39958687027091], [-99.18981835221557, 19.399544667654933], [-99.18983631604769, 19.399505831629053], [-99.18991592680443, 19.399388151324406], [-99.18993944987419, 19.399361596205274], [-99.19003716145362, 19.399276337454193], [-99.19012836490113, 19.399159451331382], [-99.19015345927542, 19.39908157516264], [-99.190214719384, 19.398769555317568], [-99.19004587614266, 19.39836534238992], [-99.18979010325543, 19.397756764445376], [-99.18978867402664, 19.397753220389692], [-99.18974250279508, 19.39763374596571], [-99.18945107491248, 19.396902650240534], [-99.1891255656342, 19.3961249054294], [-99.18896266183557, 19.395736406444883], [-99.1889224307337, 19.395640450832182], [-99.18892218733079, 19.395639866348123], [-99.18857363713673, 19.394797177129085], [-99.18857184942989, 19.394792615877115], [-99.18854601307568, 19.394722889647255], [-99.18843677249755, 19.394465875547745], [-99.18843608565787, 19.394464228659416], [-99.1883186265006, 19.39417711951618], [-99.18831588001416, 19.394169789319275], [-99.18827845005765, 19.39406000753373], [-99.18827435015626, 19.39404515949086], [-99.18825320958457, 19.39394599996398], [-99.18825297976396, 19.39394489854279], [-99.1882322097981, 19.3938431480013], [-99.18822973256664, 19.393823141742573], [-99.18822147218275, 19.393639222776716], [-99.18822140488793, 19.393629448658867], [-99.18822748455219, 19.393434119055907], [-99.18823009148859, 19.39341203877079], [-99.18827306320307, 19.393204068045442], [-99.18827731338031, 19.393188472671532], [-99.18857574970643, 19.392311985033224], [-99.1886777910735, 19.391981517038477], [-99.18889875512657, 19.391118679784086], [-99.18889897770228, 19.39111782281679], [-99.18917681535865, 19.390062870323952], [-99.18933099442077, 19.389465198908425], [-99.18933108541975, 19.38946484817568], [-99.18935773497273, 19.389362720421268], [-99.18951911525427, 19.388736374850016], [-99.1895193723837, 19.388735392783808], [-99.18967051318926, 19.388167202640762], [-99.18967065022461, 19.388166691665663], [-99.18970018918715, 19.388057436632245], [-99.18984841260878, 19.387493343081143], [-99.18984851194388, 19.38749296732841], [-99.19002754187372, 19.386819828572474], [-99.19020016340653, 19.38615627975345], [-99.19020346266481, 19.386145527529386], [-99.19026667303612, 19.38596730858662], [-99.19027013413414, 19.38595855990101], [-99.19070305031283, 19.384969309192133], [-99.19086559024335, 19.384588310217037], [-99.1911138812892, 19.38400631061396], [-99.19111671823295, 19.383999672153514], [-99.19118876134684, 19.383830809497777], [-99.1912588290314, 19.38366656757888], [-99.1915353455481, 19.382990814895233], [-99.19154546710566, 19.38294651019859], [-99.1915574596213, 19.382891404534707], [-99.19159101569092, 19.382670372695145], [-99.19160306903063, 19.381632660983296], [-99.19160513711446, 19.381338266229587], [-99.19160514368485, 19.3813375865488], [-99.19161138571985, 19.3808304730687], [-99.1916120151216, 19.380357978403286], [-99.19161201563321, 19.38035774852265], [-99.19161426094098, 19.379637880382845], [-99.1915623600669, 19.378938959831835], [-99.19156233909455, 19.378938673072085], [-99.19155259468275, 19.378803358491883], [-99.19149703274944, 19.378067974838913], [-99.19149684844646, 19.378065110924403], [-99.19148751872638, 19.377889630692415], [-99.19148736779158, 19.377885602749075], [-99.19148270831107, 19.377671803117586], [-99.19148281974661, 19.377662957547756], [-99.19149475949875, 19.37740900788101], [-99.19149551763748, 19.37739985612763], [-99.19163225909865, 19.376249376183182], [-99.1916323598607, 19.376248551113914], [-99.19165006990121, 19.37610732065679], [-99.19165029518571, 19.3761056162059], [-99.19191081328138, 19.374230840833583], [-99.19199181793859, 19.373587903536457], [-99.19199766319335, 19.373404543721385], [-99.19199444603414, 19.37333746455027], [-99.19197522589958, 19.373216014042843], [-99.191975058784, 19.373214928143632], [-99.19196203575108, 19.373127842243925], [-99.19187262668854, 19.372861795362056], [-99.19178829578436, 19.372683558655407], [-99.19178631431514, 19.37267916507909], [-99.19169502422073, 19.37246645513016], [-99.19169367719924, 19.37246319670996], [-99.19159211680741, 19.37220787665622], [-99.19158788207392, 19.372195448975788], [-99.1915409930353, 19.372031200020725], [-99.19153818698624, 19.372019259616085], [-99.19151478636931, 19.371893138297956], [-99.19151293412334, 19.371878584609384], [-99.19149792471568, 19.371663416106344], [-99.19149774893198, 19.371648543011684], [-99.1915043494195, 19.371505201254507], [-99.19150503234069, 19.371496622829614], [-99.19159891439108, 19.370668241902717], [-99.1916576491286, 19.370138225596527], [-99.19167298626371, 19.36996463496519], [-99.19167062828382, 19.369734485939492], [-99.19165393584996, 19.369484305221444], [-99.19162200654817, 19.36927558716615], [-99.19158806076939, 19.369122577211634], [-99.19152308701123, 19.368907253124238], [-99.19149196984719, 19.368816812267827], [-99.1914022238269, 19.368603607341285], [-99.19130861094678, 19.368442488338545], [-99.19130647372336, 19.368438666944414], [-99.19109359518839, 19.36804291152666], [-99.1908795038027, 19.367658753673837], [-99.19078153249127, 19.367485785715996], [-99.19077329956336, 19.367468427828584], [-99.19071007942838, 19.367305428001], [-99.19070542287027, 19.36729098668867], [-99.19066064235972, 19.36711824643491], [-99.190658477081, 19.36710830191021], [-99.19064155738397, 19.36701264205361], [-99.19064120347565, 19.367010540199118], [-99.19062467400303, 19.366907170207718], [-99.19062370603208, 19.366899738333323], [-99.19061378547076, 19.366801308150077], [-99.19061343329548, 19.36677966529594], [-99.1906374841816, 19.366426155206003], [-99.19063759947969, 19.36642459969205], [-99.19068435983756, 19.365841659338], [-99.19068469138077, 19.365838134598395], [-99.19079440235153, 19.36482173515569], [-99.1907945218602, 19.36482066954376], [-99.19095092132467, 19.363476604345134], [-99.19097020164699, 19.36325992361365], [-99.19097251551429, 19.363233064209766], [-99.19097457890751, 19.36320699100672], [-99.19097469221147, 19.363205648600893], [-99.19101554483889, 19.36275007423044], [-99.19101587344413, 19.362746862591987], [-99.19104050329848, 19.362532672385438], [-99.1910424459728, 19.362520736834526], [-99.19112090644477, 19.362149236942788], [-99.19112345389968, 19.362139182089408], [-99.19119841091211, 19.361886199694055], [-99.19122870795388, 19.36177899931832], [-99.19123469581977, 19.361762260939038], [-99.19135520599, 19.361486021357717], [-99.19135965750392, 19.361476807907405], [-99.19158748758556, 19.36104830773763], [-99.19159420904074, 19.361037038898644], [-99.19190674959893, 19.36056693957431], [-99.19191510026998, 19.360555688246357], [-99.19200164046646, 19.3604508286418], [-99.19200941017623, 19.36044218621689], [-99.19242922017416, 19.36001302613259], [-99.19244043141832, 19.36000275125158], [-99.19258243137668, 19.359886128204494], [-99.1931226311973, 19.359419377657918], [-99.1931230428273, 19.35941902338171], [-99.19385626287827, 19.35879042400633], [-99.19385676784754, 19.35878999315114], [-99.19486536748903, 19.35793352362225], [-99.19487280770733, 19.35792762460849], [-99.19533805794089, 19.35758350432977], [-99.19535410018406, 19.35757321762058], [-99.19561952978009, 19.357426848280447], [-99.19563112503089, 19.35742111121147], [-99.19579956462636, 19.357346870546955], [-99.19580893513641, 19.357343119340964], [-99.19767503733924, 19.35666929144694], [-99.19816418613262, 19.35644036640872], [-99.1985323512048, 19.356187301026857], [-99.19853644654395, 19.356183634552224], [-99.19854233809961, 19.356178776167223], [-99.19856788616399, 19.356156301884837], [-99.19856807634083, 19.35615613489293], [-99.19859480797965, 19.356132704842043], [-99.19859498332754, 19.356132551408358], [-99.19867249015377, 19.356064844532515], [-99.19867294630942, 19.356064447781584], [-99.19868307816805, 19.356055673629967], [-99.19876638816585, 19.355982907960747], [-99.1987666460102, 19.355982683304116], [-99.1987998862321, 19.355953792652926], [-99.19887485500121, 19.355851197120394], [-99.19887494943234, 19.35585106805015], [-99.19889759436023, 19.35582015478364], [-99.19917480582548, 19.355442329493517], [-99.19966745705177, 19.354714896949524], [-99.19980995588315, 19.354332552250714], [-99.19994691240348, 19.35396527948916], [-99.19994745959046, 19.353963838058633], [-99.20018985074809, 19.353336455472093], [-99.20043867178195, 19.352282078785905], [-99.20060416168984, 19.35154982131453], [-99.20076847582433, 19.350804478506976], [-99.20090658353227, 19.350173121567654], [-99.20090663412248, 19.350172891298442], [-99.20099029402607, 19.34979374556845], [-99.20106952218288, 19.34942714179597], [-99.2010965130868, 19.349300784570662], [-99.20109790745296, 19.34929542339895], [-99.20110488264454, 19.349262973632356], [-99.20110764879448, 19.349249997036846], [-99.20111259398732, 19.349232744116748], [-99.20111910942946, 19.349214784576418], [-99.20114663076141, 19.349138147706096], [-99.20114830401447, 19.34913373931367], [-99.20115117312507, 19.34912657127894], [-99.20116963662063, 19.349080438193525], [-99.20122607376997, 19.348938891214026], [-99.20122640359769, 19.348938072004763], [-99.20125812938619, 19.348860031049128], [-99.20135115203304, 19.348629984532792], [-99.20180781822936, 19.34734797336826], [-99.20181757270164, 19.34732065170322], [-99.20185678702225, 19.347177561883516], [-99.2018569759898, 19.34717687964655], [-99.20187769762934, 19.34710285126917], [-99.20187903989363, 19.347098368030082], [-99.2018880369167, 19.347070170274026], [-99.20189885500916, 19.347035216135716], [-99.20215919296544, 19.345833614013547], [-99.20222142877205, 19.345546357137454], [-99.2022643018471, 19.345326520545537], [-99.20229531226425, 19.345156636950932], [-99.20229583064628, 19.34515395745503], [-99.20231732812553, 19.345048797392444], [-99.20237899754609, 19.344384608758627], [-99.20237926188, 19.344382041399268], [-99.20241563552794, 19.344060402907797], [-99.20247332280336, 19.343285663070272], [-99.20247352129967, 19.343283292986907], [-99.20263679243051, 19.341528702468707], [-99.20263781288605, 19.341520556865653], [-99.20266388309248, 19.341355276921327], [-99.20266579346645, 19.34134558651105], [-99.2027261841736, 19.341090867782448], [-99.20272666456978, 19.34108890946078], [-99.20279113493176, 19.34083464959918], [-99.20279503838772, 19.340821995403747], [-99.2029430081449, 19.340416564942508], [-99.20294317018198, 19.340416123430032], [-99.20303191015444, 19.34017566331188], [-99.20303362380389, 19.340171265132053], [-99.20327919499367, 19.339573005030218], [-99.20334459438281, 19.339413762186453], [-99.2033522000745, 19.339398223917282], [-99.20360032983798, 19.3389652243171], [-99.2036026334237, 19.338961356791668], [-99.20377979332078, 19.33867497740284], [-99.20378776901258, 19.338663467187093], [-99.20397036912492, 19.338427052369365], [-99.20405982088889, 19.33830651367457], [-99.20406859247281, 19.33829586411821], [-99.20428260231282, 19.33806116269011], [-99.20449958053, 19.33782325275527], [-99.20451283668757, 19.337810523192605], [-99.20502594581778, 19.337378910492802], [-99.20531236468538, 19.33713714821956], [-99.20531303607144, 19.33713658508034], [-99.20563925603464, 19.336864685489626], [-99.20563998257826, 19.33686408403478], [-99.20585742225052, 19.336685303462264], [-99.20585859709604, 19.336684348016945], [-99.20656434604714, 19.33611665623719], [-99.20668875672264, 19.33600845043676], [-99.20668895131726, 19.336008281501975], [-99.20682345174347, 19.335891732868145], [-99.20735902642186, 19.335413154288766], [-99.20736262848489, 19.335410043778825], [-99.20787312498175, 19.334984080767892], [-99.20809793901023, 19.334761640940318], [-99.20833069117874, 19.33448972497258], [-99.20851531299746, 19.33425092643272], [-99.20881339716901, 19.33383287486349], [-99.20900471784839, 19.333558810213912], [-99.20924639385697, 19.333209091757112], [-99.2094591953987, 19.33282987364364], [-99.20989318849303, 19.331952980360786], [-99.21010719839192, 19.33152056271513], [-99.210147887721, 19.331437627829903], [-99.21029683034203, 19.33113410872977], [-99.21032487133706, 19.331076961826184], [-99.21032606314955, 19.331074593131802], [-99.21037656428943, 19.33097667267123], [-99.21040224523635, 19.330941966802722], [-99.21043796692233, 19.33091649293599], [-99.21048023266263, 19.33090274462596], [-99.21052490520022, 19.33090206764996], [-99.21056761168622, 19.330914528274874], [-99.21060417172082, 19.33093890677053], [-99.2106310065567, 19.33097281680444], [-99.2106454894104, 19.331012939030863], [-99.21064620259118, 19.331055346009762], [-99.21063307627759, 19.331095886650843], [-99.21058318324047, 19.331192628309335]]]]}}, {"type": "Feature", "properties": {"CVEGEO": "090160001", "CVE_ENT": "09", "CVE_MUN": "016", "CVE_LOC": "0001", "CVEVIAL": "01910", "CVESEG": "00015", "NOMVIAL": "Boulevard Adolfo L\u00f3pez Mateos", "TIPOVIAL": "Perif\u00e9rico", "SENTIDO": "Dos sentidos", "TIPOSEN": 2, "AMBITO": "Urbana", "MINUTES": 1.99492057753, "LENGTH": 0.09999516073408352, "VELOCIDAD": 3.0, "T_VIAL2024": null, "NOMENCLATU": null, "NOTA2024": null, "NombreMate": null, "ID": null, "TIPO_VIA": "Sin clasificacion", "NOMBRE": "Boulevard Adolfo L\u00f3pez Mateos"}, "geometry": {"type": "MultiPolygon", "coordinates": [[[[-99.19232632124026, 19.404649100964736], [-99.19231849947585, 19.404690858638922], [-99.19229746109339, 19.404728279118274], [-99.19226526547054, 19.40475769942159], [-99.19222506413946, 19.404776239679755], [-99.19218079229287, 19.404782085039255], [-99.19213678357754, 19.40477466331417], [-99.19209734588296, 19.404754700996257], [-99.19206633965129, 19.404724152140243], [-99.19204679998825, 19.404686007085836], [-99.19204063956583, 19.40464399974059], [-99.19205856012405, 19.403740479219], [-99.19206638191181, 19.403698721551468], [-99.1920874202172, 19.403661301095312], [-99.19211961565848, 19.403631880821532], [-99.19215981672185, 19.40361334058667], [-99.19220408825343, 19.40360749523423], [-99.19224809665725, 19.40361491694663], [-99.1922875340939, 19.403634879236527], [-99.19231854015817, 19.403665428059888], [-99.19233807976013, 19.40370357308986], [-99.1923442402211, 19.403745580429003], [-99.19232632124026, 19.404649100964736]]]]}}]}